Age,Gender,City,AreaType,AnnualIncome,CreditScore,LoanApproved
59,Female,Madurai,Semi-Urban,735327,608,0
49,Male,Trivandrum,Semi-Urban,672348,676,1
35,Female,Madurai,Semi-Urban,580146,695,1
63,Male,Bengaluru,Urban,444020,700,1
28,Female,Mumbai,Urban,921582,662,1
41,Male,Trivandrum,Semi-Urban,795520,631,1
59,Female,Delhi,Urban,200923,573,0
39,Male,Chennai,Urban,771343,777,1
43,Male,Hyderabad,Urban,542265,757,1
31,Female,Hyderabad,Urban,479699,643,0
31,Female,Chennai,Urban,753244,677,1
44,Male,Hyderabad,Urban,670199,646,1
56,Female,Delhi,Urban,617799,661,1
60,Male,Madurai,Semi-Urban,420132,669,0
44,Female,Trivandrum,Semi-Urban,802942,616,0
23,Male,Coimbatore,Semi-Urban,352718,673,0
42,Male,Madurai,Semi-Urban,754825,682,1
22,Male,Mumbai,Urban,617942,594,1
44,Male,Hyderabad,Urban,592855,640,1
64,Female,Bengaluru,Urban,489767,606,0
50,Male,Pune,Urban,632936,624,1
58,Male,Bengaluru,Urban,324876,664,1
22,Male,Trivandrum,Semi-Urban,846928,669,1
41,Female,Hyderabad,Urban,519400,669,1
53,Male,Pune,Urban,462044,781,1
32,Male,Mumbai,Urban,560641,692,1
42,Female,Coimbatore,Semi-Urban,525275,696,1
64,Male,Hyderabad,Urban,848680,683,1
45,Female,Hyderabad,Urban,253327,605,0
47,Female,Delhi,Urban,585158,671,1
62,Male,Pune,Urban,916549,677,1
48,Female,Delhi,Urban,613655,714,1
36,Female,Pune,Urban,637689,621,1
35,Male,Coimbatore,Semi-Urban,594364,649,1
64,Male,Coimbatore,Semi-Urban,470185,623,0
23,Female,Mumbai,Urban,708036,644,0
57,Male,Hyderabad,Urban,561662,662,1
27,Female,Chennai,Urban,628155,617,0
41,Male,Pune,Urban,709807,718,1
29,Male,Pune,Urban,688391,628,1
59,Male,Trivandrum,Semi-Urban,619374,711,1
38,Male,Hyderabad,Urban,779712,655,1
24,Male,Chennai,Urban,802336,654,1
45,Female,Pune,Urban,756947,720,1
34,Female,Bengaluru,Urban,811060,709,1
29,Female,Coimbatore,Semi-Urban,871151,700,1
46,Female,Hyderabad,Urban,358729,591,0
22,Female,Mumbai,Urban,1151545,739,1
40,Male,Coimbatore,Semi-Urban,631297,751,1
48,Female,Bengaluru,Urban,551380,665,1
27,Male,Hyderabad,Urban,633717,630,1
64,Female,Pune,Urban,304862,617,0
28,Female,Trivandrum,Semi-Urban,646810,663,1
55,Male,Trivandrum,Semi-Urban,441378,623,0
34,Male,Trivandrum,Semi-Urban,614528,667,1
37,Male,Bengaluru,Urban,628965,650,1
56,Male,Chennai,Urban,481474,611,0
60,Male,Mumbai,Urban,239265,644,0
24,Male,Hyderabad,Urban,654742,682,1
22,Male,Mumbai,Urban,599789,632,1
26,Female,Coimbatore,Semi-Urban,638469,660,0
62,Female,Bengaluru,Urban,515698,722,1
24,Female,Kochi,Semi-Urban,468616,640,0
49,Female,Bengaluru,Urban,556980,631,0
38,Male,Bengaluru,Urban,627830,684,1
46,Male,Mumbai,Urban,734734,736,1
64,Female,Coimbatore,Semi-Urban,437964,699,0
54,Female,Bengaluru,Urban,758230,644,0
30,Male,Delhi,Urban,730769,644,1
56,Female,Kochi,Semi-Urban,704122,653,0
34,Female,Chennai,Urban,966051,661,1
51,Female,Delhi,Urban,248121,803,0
35,Female,Madurai,Semi-Urban,990121,684,1
28,Male,Delhi,Urban,469267,769,1
34,Female,Chennai,Urban,648310,720,1
43,Female,Kochi,Semi-Urban,608810,553,0
60,Male,Delhi,Urban,332359,654,1
41,Female,Bengaluru,Urban,705801,676,1
36,Male,Bengaluru,Urban,772752,688,1
38,Male,Chennai,Urban,684441,683,1
44,Male,Bengaluru,Urban,304630,593,1
46,Male,Chennai,Urban,351966,591,0
45,Male,Mumbai,Urban,460543,677,1
61,Female,Hyderabad,Urban,854551,659,1
49,Male,Madurai,Semi-Urban,619224,743,1
35,Male,Kochi,Semi-Urban,199866,680,1
21,Male,Madurai,Semi-Urban,1012864,718,1
45,Male,Delhi,Urban,900048,712,1
27,Female,Bengaluru,Urban,382651,676,0
29,Female,Mumbai,Urban,518144,735,1
44,Female,Coimbatore,Semi-Urban,542735,656,1
21,Female,Chennai,Urban,704631,677,1
64,Male,Bengaluru,Urban,639775,683,1
28,Female,Hyderabad,Urban,463740,637,0
44,Female,Hyderabad,Urban,862220,621,1
31,Male,Hyderabad,Urban,948795,615,1
37,Female,Bengaluru,Urban,590109,627,1
28,Female,Chennai,Urban,485257,673,1
55,Female,Kochi,Semi-Urban,919024,695,0
55,Male,Hyderabad,Urban,161108,617,0
53,Female,Kochi,Semi-Urban,421128,682,0
25,Male,Delhi,Urban,795873,667,1
62,Male,Delhi,Urban,878308,726,1
59,Male,Chennai,Urban,536094,654,1
61,Male,Delhi,Urban,1056059,759,1
48,Male,Bengaluru,Urban,111084,718,1
27,Male,Mumbai,Urban,818946,663,1
29,Female,Delhi,Urban,617283,652,1
28,Female,Chennai,Urban,502669,724,1
32,Female,Chennai,Urban,775554,663,1
54,Male,Chennai,Urban,521958,681,1
53,Male,Bengaluru,Urban,382593,654,1
43,Female,Hyderabad,Urban,623089,652,1
44,Male,Pune,Urban,589161,618,1
57,Female,Hyderabad,Urban,443888,748,0
55,Female,Mumbai,Urban,485369,660,0
64,Male,Kochi,Semi-Urban,517391,686,1
60,Female,Kochi,Semi-Urban,274750,704,0
42,Female,Pune,Urban,261863,747,1
47,Male,Madurai,Semi-Urban,786617,652,1
55,Male,Coimbatore,Semi-Urban,315246,564,0
21,Male,Pune,Urban,596439,684,1
55,Male,Chennai,Urban,226139,704,1
57,Male,Kochi,Semi-Urban,901228,652,1
34,Male,Madurai,Semi-Urban,546065,707,1
23,Male,Kochi,Semi-Urban,823543,680,1
21,Female,Pune,Urban,1022882,662,1
25,Male,Bengaluru,Urban,342235,746,1
46,Male,Mumbai,Urban,463848,663,1
34,Male,Pune,Urban,774402,762,1
59,Male,Hyderabad,Urban,473419,681,1
47,Male,Trivandrum,Semi-Urban,658073,638,0
29,Male,Bengaluru,Urban,620515,584,1
35,Male,Trivandrum,Semi-Urban,131421,739,1
35,Female,Pune,Urban,788733,727,1
46,Female,Hyderabad,Urban,572570,719,1
62,Male,Bengaluru,Urban,361194,744,1
33,Male,Bengaluru,Urban,909368,769,1
52,Female,Madurai,Semi-Urban,459423,573,0
59,Female,Trivandrum,Semi-Urban,448434,591,0
52,Male,Bengaluru,Urban,239830,665,1
24,Female,Bengaluru,Urban,719008,728,1
50,Male,Coimbatore,Semi-Urban,608496,694,1
57,Male,Coimbatore,Semi-Urban,252361,694,0
43,Female,Bengaluru,Urban,649125,657,1
59,Female,Hyderabad,Urban,765507,637,0
35,Female,Coimbatore,Semi-Urban,692426,675,1
63,Male,Delhi,Urban,864942,667,1
49,Male,Pune,Urban,479135,657,1
56,Male,Mumbai,Urban,953544,711,1
33,Male,Kochi,Semi-Urban,600728,679,1
52,Female,Mumbai,Urban,760099,702,1
27,Female,Pune,Urban,855525,674,1
42,Female,Mumbai,Urban,1129920,714,1
48,Female,Chennai,Urban,383766,624,0
22,Male,Hyderabad,Urban,452113,609,0
62,Female,Madurai,Semi-Urban,637972,663,0
26,Female,Mumbai,Urban,525828,718,1
48,Male,Hyderabad,Urban,439643,661,1
48,Female,Delhi,Urban,295031,781,0
64,Male,Bengaluru,Urban,625174,629,1
64,Female,Bengaluru,Urban,759096,670,1
40,Male,Hyderabad,Urban,670451,588,1
50,Male,Delhi,Urban,274023,753,1
31,Female,Trivandrum,Semi-Urban,278776,673,0
48,Female,Coimbatore,Semi-Urban,612241,562,0
45,Male,Pune,Urban,552230,664,1
59,Male,Mumbai,Urban,536431,551,1
53,Male,Trivandrum,Semi-Urban,544481,740,1
21,Male,Bengaluru,Urban,500366,634,1
47,Female,Bengaluru,Urban,629765,682,1
33,Female,Bengaluru,Urban,820244,642,1
61,Male,Mumbai,Urban,413159,670,1
23,Female,Chennai,Urban,690569,720,1
59,Male,Hyderabad,Urban,616538,659,1
26,Female,Kochi,Semi-Urban,243379,707,0
28,Male,Hyderabad,Urban,468870,539,1
47,Male,Delhi,Urban,602021,616,1
29,Female,Mumbai,Urban,1032878,682,1
57,Male,Chennai,Urban,454963,644,0
53,Female,Bengaluru,Urban,477949,738,0
62,Female,Chennai,Urban,682631,721,1
64,Male,Bengaluru,Urban,577344,748,1
44,Male,Kochi,Semi-Urban,347660,684,1
35,Female,Coimbatore,Semi-Urban,252996,642,0
52,Female,Hyderabad,Urban,227727,710,0
52,Male,Hyderabad,Urban,770005,627,1
44,Male,Coimbatore,Semi-Urban,393908,665,1
61,Female,Chennai,Urban,1073980,700,1
32,Male,Bengaluru,Urban,494373,644,1
59,Male,Mumbai,Urban,754295,799,1
22,Male,Kochi,Semi-Urban,367650,716,0
23,Female,Delhi,Urban,637980,634,0
57,Female,Trivandrum,Semi-Urban,882698,727,0
37,Female,Bengaluru,Urban,530035,761,1
22,Female,Mumbai,Urban,382881,604,0
22,Female,Chennai,Urban,525540,743,1
48,Male,Trivandrum,Semi-Urban,556754,616,0
43,Female,Madurai,Semi-Urban,402863,679,0
57,Male,Hyderabad,Urban,930591,688,1
52,Female,Bengaluru,Urban,603750,647,0
53,Male,Chennai,Urban,856047,646,1
21,Male,Bengaluru,Urban,814876,637,1
39,Female,Hyderabad,Urban,940240,652,1
22,Female,Delhi,Urban,348185,630,0
64,Male,Pune,Urban,728909,735,1
46,Female,Mumbai,Urban,499234,606,0
52,Male,Chennai,Urban,571586,769,1
26,Male,Chennai,Urban,383818,673,1
52,Female,Chennai,Urban,1065013,575,0
24,Male,Chennai,Urban,452964,718,1
31,Female,Trivandrum,Semi-Urban,730559,660,1
37,Male,Bengaluru,Urban,342871,620,1
58,Female,Pune,Urban,549108,662,1
44,Female,Delhi,Urban,812118,641,1
25,Male,Delhi,Urban,669468,744,1
54,Male,Hyderabad,Urban,411669,640,0
26,Female,Trivandrum,Semi-Urban,456980,613,0
42,Female,Mumbai,Urban,632558,644,1
31,Male,Hyderabad,Urban,596542,630,1
36,Male,Chennai,Urban,337398,733,1
53,Male,Pune,Urban,523791,690,1
29,Male,Hyderabad,Urban,570813,606,1
26,Male,Mumbai,Urban,713680,627,1
36,Male,Hyderabad,Urban,802611,657,1
49,Female,Bengaluru,Urban,734228,587,0
23,Female,Chennai,Urban,667907,624,0
40,Female,Chennai,Urban,672531,696,1
56,Female,Trivandrum,Semi-Urban,695410,770,0
39,Female,Mumbai,Urban,791355,588,1
46,Male,Coimbatore,Semi-Urban,938378,816,1
23,Female,Trivandrum,Semi-Urban,405474,698,0
39,Female,Chennai,Urban,510356,623,1
40,Female,Delhi,Urban,802105,756,1
52,Male,Trivandrum,Semi-Urban,400989,700,0
27,Female,Kochi,Semi-Urban,340890,722,0
61,Female,Delhi,Urban,471667,721,0
53,Female,Trivandrum,Semi-Urban,614705,733,0
60,Male,Bengaluru,Urban,504321,617,1
59,Female,Trivandrum,Semi-Urban,673907,720,0
38,Female,Hyderabad,Urban,543153,682,1
60,Male,Delhi,Urban,530966,709,1
21,Female,Chennai,Urban,266185,646,0
31,Male,Coimbatore,Semi-Urban,719755,647,1
48,Female,Mumbai,Urban,722384,651,1
45,Female,Kochi,Semi-Urban,562599,716,1
43,Male,Coimbatore,Semi-Urban,629799,675,1
51,Male,Madurai,Semi-Urban,629377,653,1
50,Female,Trivandrum,Semi-Urban,810273,663,0
62,Male,Bengaluru,Urban,644549,742,1
55,Male,Madurai,Semi-Urban,332913,704,0
27,Female,Kochi,Semi-Urban,981593,702,0
36,Male,Delhi,Urban,857791,693,1
46,Male,Pune,Urban,609941,733,1
22,Female,Chennai,Urban,630971,627,0
21,Male,Chennai,Urban,657858,724,1
32,Male,Delhi,Urban,445866,683,1
25,Female,Trivandrum,Semi-Urban,822975,633,0
57,Female,Mumbai,Urban,802109,679,1
52,Female,Kochi,Semi-Urban,582704,666,0
29,Female,Mumbai,Urban,734477,697,1
61,Female,Kochi,Semi-Urban,808669,725,0
55,Male,Coimbatore,Semi-Urban,645402,623,0
39,Male,Chennai,Urban,393833,765,1
36,Male,Trivandrum,Semi-Urban,737157,595,1
23,Male,Coimbatore,Semi-Urban,611273,642,0
40,Female,Mumbai,Urban,381051,778,1
44,Female,Hyderabad,Urban,806974,605,1
53,Male,Bengaluru,Urban,647398,650,1
44,Female,Coimbatore,Semi-Urban,554097,641,0
31,Male,Hyderabad,Urban,1014410,559,1
28,Male,Hyderabad,Urban,490973,674,1
56,Female,Hyderabad,Urban,411424,702,0
58,Male,Mumbai,Urban,631294,702,1
60,Male,Trivandrum,Semi-Urban,568977,650,0
40,Male,Coimbatore,Semi-Urban,488268,580,0
55,Male,Mumbai,Urban,881754,644,1
45,Female,Kochi,Semi-Urban,375551,634,0
55,Female,Trivandrum,Semi-Urban,661951,692,0
45,Male,Hyderabad,Urban,617464,651,1
49,Male,Bengaluru,Urban,597794,699,1
38,Female,Madurai,Semi-Urban,831074,582,0
38,Female,Kochi,Semi-Urban,1010815,710,1
22,Male,Kochi,Semi-Urban,600059,704,1
55,Male,Bengaluru,Urban,777636,623,1
36,Female,Coimbatore,Semi-Urban,608150,642,0
61,Female,Delhi,Urban,615769,662,1
56,Male,Coimbatore,Semi-Urban,690272,732,1
53,Female,Pune,Urban,633704,663,1
24,Male,Pune,Urban,417729,695,1
53,Male,Madurai,Semi-Urban,866242,678,1
34,Male,Bengaluru,Urban,689893,723,1
41,Female,Madurai,Semi-Urban,590657,686,1
40,Male,Bengaluru,Urban,474706,616,1
28,Male,Madurai,Semi-Urban,658397,665,1
27,Male,Hyderabad,Urban,551368,728,1
23,Female,Kochi,Semi-Urban,636433,694,0
37,Male,Bengaluru,Urban,562223,617,1
53,Male,Coimbatore,Semi-Urban,433786,767,0
32,Male,Bengaluru,Urban,922077,648,1
42,Female,Mumbai,Urban,411241,725,1
42,Male,Coimbatore,Semi-Urban,443847,749,1
50,Male,Trivandrum,Semi-Urban,735633,732,1
58,Male,Bengaluru,Urban,661955,635,1
58,Female,Mumbai,Urban,732145,733,1
28,Male,Bengaluru,Urban,700627,691,1
47,Female,Kochi,Semi-Urban,449392,613,0
47,Female,Pune,Urban,733992,675,1
54,Female,Kochi,Semi-Urban,471399,629,0
41,Male,Chennai,Urban,810755,699,1
50,Female,Hyderabad,Urban,400393,719,0
53,Male,Pune,Urban,441402,736,1
48,Male,Chennai,Urban,447034,676,1
53,Female,Delhi,Urban,662048,633,0
25,Male,Mumbai,Urban,589593,619,1
39,Male,Trivandrum,Semi-Urban,622947,713,1
24,Male,Madurai,Semi-Urban,576412,728,1
55,Female,Hyderabad,Urban,589368,707,1
37,Male,Kochi,Semi-Urban,503596,637,1
64,Female,Delhi,Urban,297794,647,0
48,Female,Hyderabad,Urban,320981,651,0
50,Female,Hyderabad,Urban,439711,604,0
49,Male,Delhi,Urban,535584,705,1
26,Female,Chennai,Urban,892916,672,1
55,Male,Coimbatore,Semi-Urban,396145,751,0
61,Male,Bengaluru,Urban,381507,631,0
57,Male,Bengaluru,Urban,235918,672,1
44,Male,Hyderabad,Urban,700247,617,1
49,Male,Bengaluru,Urban,557308,660,1
51,Male,Mumbai,Urban,341175,719,1
55,Male,Mumbai,Urban,594281,682,1
53,Male,Trivandrum,Semi-Urban,483335,631,0
41,Female,Pune,Urban,859038,605,1
52,Female,Trivandrum,Semi-Urban,465899,663,0
43,Female,Chennai,Urban,939624,690,1
53,Male,Pune,Urban,634445,721,1
23,Male,Mumbai,Urban,521023,642,1
38,Female,Mumbai,Urban,548607,641,1
45,Male,Mumbai,Urban,658646,786,1
62,Female,Hyderabad,Urban,546364,678,1
51,Male,Madurai,Semi-Urban,414873,727,0
23,Female,Hyderabad,Urban,726184,616,0
60,Male,Delhi,Urban,798303,696,1
44,Male,Chennai,Urban,805435,716,1
52,Female,Coimbatore,Semi-Urban,567945,682,0
42,Male,Coimbatore,Semi-Urban,818368,592,1
43,Male,Hyderabad,Urban,663094,634,1
22,Male,Kochi,Semi-Urban,541460,698,1
47,Female,Trivandrum,Semi-Urban,487797,600,0
62,Male,Delhi,Urban,784134,806,1
22,Male,Delhi,Urban,263422,736,1
46,Male,Delhi,Urban,877749,604,1
37,Male,Bengaluru,Urban,625199,693,1
60,Female,Kochi,Semi-Urban,480596,683,0
53,Male,Mumbai,Urban,457028,734,1
29,Male,Mumbai,Urban,511349,555,1
63,Male,Madurai,Semi-Urban,741181,688,1
59,Male,Bengaluru,Urban,662317,619,1
49,Male,Chennai,Urban,508205,701,1
62,Male,Bengaluru,Urban,491826,625,0
46,Male,Bengaluru,Urban,662807,748,1
55,Female,Hyderabad,Urban,1148729,695,1
45,Male,Pune,Urban,1146688,589,1
44,Female,Hyderabad,Urban,810238,552,1
33,Male,Kochi,Semi-Urban,445106,704,1
27,Male,Bengaluru,Urban,750814,645,1
56,Male,Delhi,Urban,451173,708,1
40,Male,Pune,Urban,554225,647,1
21,Female,Hyderabad,Urban,873127,740,1
28,Female,Coimbatore,Semi-Urban,551183,730,1
36,Female,Pune,Urban,543434,701,1
34,Female,Delhi,Urban,498851,635,0
32,Male,Hyderabad,Urban,436578,650,1
43,Male,Kochi,Semi-Urban,547628,667,1
35,Female,Coimbatore,Semi-Urban,748085,627,0
48,Female,Chennai,Urban,735374,713,1
54,Male,Mumbai,Urban,658764,663,1
22,Male,Hyderabad,Urban,835276,670,1
52,Male,Hyderabad,Urban,255092,653,1
43,Female,Madurai,Semi-Urban,610514,679,1
42,Male,Mumbai,Urban,458201,688,1
45,Male,Hyderabad,Urban,996872,652,1
42,Male,Delhi,Urban,548785,668,1
42,Female,Chennai,Urban,748326,656,1
62,Male,Chennai,Urban,799455,656,1
26,Female,Delhi,Urban,525331,681,1
35,Male,Mumbai,Urban,785927,552,1
63,Female,Hyderabad,Urban,808466,750,1
57,Female,Bengaluru,Urban,757958,718,1
53,Male,Delhi,Urban,495568,688,1
28,Male,Coimbatore,Semi-Urban,313868,721,1
64,Male,Madurai,Semi-Urban,1027683,612,0
64,Male,Chennai,Urban,541848,592,1
25,Female,Delhi,Urban,800869,585,0
59,Male,Madurai,Semi-Urban,507066,701,1
24,Male,Mumbai,Urban,1019563,687,1
26,Male,Pune,Urban,500340,697,1
52,Male,Madurai,Semi-Urban,620115,726,1
50,Female,Chennai,Urban,1064403,561,0
55,Male,Chennai,Urban,280335,619,0
60,Female,Chennai,Urban,841237,647,0
36,Female,Chennai,Urban,594944,713,1
33,Male,Madurai,Semi-Urban,741531,687,1
62,Male,Pune,Urban,530399,811,1
50,Female,Bengaluru,Urban,927206,625,0
39,Male,Delhi,Urban,437616,706,1
37,Male,Delhi,Urban,607433,727,1
39,Male,Mumbai,Urban,787084,753,1
48,Male,Kochi,Semi-Urban,435917,669,0
46,Female,Pune,Urban,625478,614,0
57,Male,Chennai,Urban,394971,712,1
46,Male,Bengaluru,Urban,519617,694,1
43,Female,Bengaluru,Urban,1124910,708,1
29,Female,Hyderabad,Urban,868305,747,1
32,Male,Hyderabad,Urban,733234,668,1
21,Female,Mumbai,Urban,673847,628,0
21,Male,Mumbai,Urban,286845,708,1
54,Female,Trivandrum,Semi-Urban,562628,695,0
52,Male,Mumbai,Urban,784459,664,1
45,Male,Hyderabad,Urban,511552,629,1
60,Female,Coimbatore,Semi-Urban,672112,697,0
21,Male,Coimbatore,Semi-Urban,399320,722,0
36,Female,Chennai,Urban,382440,600,0
59,Male,Hyderabad,Urban,1056245,682,1
25,Female,Coimbatore,Semi-Urban,1025824,709,0
42,Female,Bengaluru,Urban,582892,770,1
49,Male,Hyderabad,Urban,444373,683,1
23,Female,Mumbai,Urban,411558,757,0
32,Male,Chennai,Urban,680324,721,1
46,Female,Chennai,Urban,986939,722,1
36,Male,Mumbai,Urban,460238,639,1
57,Female,Trivandrum,Semi-Urban,639830,803,0
42,Male,Coimbatore,Semi-Urban,629746,683,1
49,Male,Pune,Urban,933134,690,1
34,Male,Bengaluru,Urban,656133,680,1
48,Male,Chennai,Urban,320780,741,1
25,Female,Trivandrum,Semi-Urban,750514,777,0
50,Female,Delhi,Urban,634199,712,1
25,Female,Hyderabad,Urban,426571,660,0
32,Male,Chennai,Urban,812013,764,1
36,Male,Hyderabad,Urban,537429,616,1
46,Male,Mumbai,Urban,666689,645,1
46,Female,Chennai,Urban,628897,610,0
41,Female,Pune,Urban,540277,661,1
59,Male,Bengaluru,Urban,437669,730,1
56,Male,Pune,Urban,711912,668,1
53,Male,Coimbatore,Semi-Urban,355957,682,0
50,Female,Mumbai,Urban,785686,698,1
57,Female,Trivandrum,Semi-Urban,429219,668,0
43,Female,Kochi,Semi-Urban,367030,624,0
30,Male,Chennai,Urban,880468,597,1
25,Female,Hyderabad,Urban,618789,745,1
56,Female,Delhi,Urban,219161,648,0
54,Male,Kochi,Semi-Urban,597442,645,0
51,Male,Delhi,Urban,722259,605,1
30,Male,Mumbai,Urban,727723,673,1
39,Male,Mumbai,Urban,445244,707,1
52,Female,Mumbai,Urban,473584,661,0
21,Male,Mumbai,Urban,632633,697,1
25,Female,Delhi,Urban,807704,581,0
24,Male,Madurai,Semi-Urban,336966,688,0
36,Male,Kochi,Semi-Urban,348380,659,1
44,Male,Trivandrum,Semi-Urban,874160,607,1
36,Male,Delhi,Urban,843528,599,1
22,Male,Kochi,Semi-Urban,411530,637,0
48,Male,Delhi,Urban,522501,619,1
52,Male,Bengaluru,Urban,1021582,697,1
47,Male,Pune,Urban,776035,701,1
40,Male,Bengaluru,Urban,590129,688,1
44,Male,Mumbai,Urban,828506,698,1
32,Male,Bengaluru,Urban,503503,601,1
55,Female,Bengaluru,Urban,631551,705,1
53,Male,Coimbatore,Semi-Urban,538017,713,1
53,Female,Mumbai,Urban,741525,693,1
63,Male,Coimbatore,Semi-Urban,740424,675,1
57,Female,Hyderabad,Urban,644626,642,0
32,Male,Chennai,Urban,700819,696,1
23,Female,Chennai,Urban,827349,660,1
21,Male,Kochi,Semi-Urban,693253,726,1
53,Female,Coimbatore,Semi-Urban,645110,693,0
60,Male,Mumbai,Urban,685343,671,1
30,Male,Hyderabad,Urban,842446,662,1
63,Female,Pune,Urban,415172,672,0
64,Male,Bengaluru,Urban,683158,672,1
49,Male,Mumbai,Urban,222603,676,1
33,Male,Mumbai,Urban,543424,615,1
32,Female,Bengaluru,Urban,977005,691,1
51,Female,Chennai,Urban,441923,688,0
22,Male,Bengaluru,Urban,273708,621,0
55,Female,Madurai,Semi-Urban,410856,691,0
43,Male,Delhi,Urban,742506,679,1
37,Male,Coimbatore,Semi-Urban,573704,638,1
46,Female,Delhi,Urban,398733,710,0
28,Female,Delhi,Urban,841560,746,1
49,Female,Trivandrum,Semi-Urban,685453,651,0
46,Male,Madurai,Semi-Urban,368678,685,0
30,Male,Bengaluru,Urban,555669,742,1
46,Male,Hyderabad,Urban,1026529,570,1
54,Male,Trivandrum,Semi-Urban,538077,774,1
61,Male,Pune,Urban,261191,684,1
27,Female,Pune,Urban,694017,717,1
24,Female,Kochi,Semi-Urban,676524,594,0
31,Male,Chennai,Urban,866531,611,1
49,Male,Bengaluru,Urban,521635,631,1
56,Female,Pune,Urban,688337,627,0
45,Male,Mumbai,Urban,649308,563,1
41,Female,Chennai,Urban,598732,620,1
56,Male,Pune,Urban,664732,638,1
30,Male,Bengaluru,Urban,720394,608,1
57,Female,Trivandrum,Semi-Urban,710063,754,0
29,Male,Kochi,Semi-Urban,783606,711,1
44,Male,Bengaluru,Urban,144094,643,1
55,Male,Hyderabad,Urban,300898,709,1
55,Female,Bengaluru,Urban,642671,696,1
56,Female,Delhi,Urban,623172,593,0
38,Male,Mumbai,Urban,396653,701,1
59,Male,Bengaluru,Urban,533023,659,1
52,Female,Pune,Urban,434701,714,0
44,Male,Hyderabad,Urban,717538,625,1
43,Female,Chennai,Urban,421680,707,1
52,Male,Chennai,Urban,642939,732,1
57,Male,Chennai,Urban,805017,699,1
32,Female,Pune,Urban,425810,590,0
33,Male,Hyderabad,Urban,331893,802,1
43,Female,Mumbai,Urban,447740,709,1
45,Male,Madurai,Semi-Urban,425995,668,1
55,Male,Kochi,Semi-Urban,608065,711,1
61,Female,Hyderabad,Urban,259729,785,0
50,Male,Madurai,Semi-Urban,921216,609,0
37,Female,Trivandrum,Semi-Urban,348744,734,0
40,Male,Chennai,Urban,330166,671,1
45,Female,Kochi,Semi-Urban,612274,664,1
42,Female,Pune,Urban,575404,667,1
33,Male,Mumbai,Urban,874256,575,1
39,Female,Trivandrum,Semi-Urban,545239,704,1
56,Female,Pune,Urban,542995,558,0
32,Male,Trivandrum,Semi-Urban,729529,653,1
61,Male,Bengaluru,Urban,789495,654,1
39,Male,Chennai,Urban,211046,660,1
32,Male,Delhi,Urban,613093,572,1
29,Male,Hyderabad,Urban,1031014,724,1
27,Male,Pune,Urban,475328,587,0
48,Male,Mumbai,Urban,630040,633,1
34,Female,Mumbai,Urban,803942,652,1
51,Male,Trivandrum,Semi-Urban,697251,664,1
39,Female,Delhi,Urban,389833,699,1
36,Male,Hyderabad,Urban,586518,680,1
25,Male,Bengaluru,Urban,352020,776,1
55,Female,Delhi,Urban,386231,697,0
32,Male,Madurai,Semi-Urban,821771,693,1
45,Male,Kochi,Semi-Urban,771239,651,1
41,Male,Hyderabad,Urban,957183,695,1
56,Male,Bengaluru,Urban,784753,655,1
43,Male,Coimbatore,Semi-Urban,571601,656,1
36,Female,Pune,Urban,397166,838,1
59,Male,Hyderabad,Urban,879448,757,1
62,Female,Trivandrum,Semi-Urban,725176,636,0
59,Female,Mumbai,Urban,759960,712,1
34,Male,Mumbai,Urban,714656,693,1
51,Male,Coimbatore,Semi-Urban,837262,646,0
25,Female,Bengaluru,Urban,295251,784,0
55,Female,Delhi,Urban,357223,669,0
43,Male,Chennai,Urban,425639,749,1
49,Male,Hyderabad,Urban,672820,647,1
63,Male,Kochi,Semi-Urban,508543,734,1
31,Male,Bengaluru,Urban,825646,746,1
38,Male,Delhi,Urban,596670,631,1
32,Female,Hyderabad,Urban,1063744,663,1
29,Male,Kochi,Semi-Urban,942738,675,1
30,Female,Bengaluru,Urban,627830,761,1
64,Female,Trivandrum,Semi-Urban,328357,757,0
37,Male,Kochi,Semi-Urban,737806,660,1
58,Male,Pune,Urban,377341,660,1
27,Female,Madurai,Semi-Urban,405099,692,0
33,Female,Hyderabad,Urban,521199,601,1
60,Female,Bengaluru,Urban,517410,743,1
62,Male,Kochi,Semi-Urban,710525,636,0
29,Male,Delhi,Urban,665477,684,1
47,Male,Bengaluru,Urban,398157,750,1
22,Male,Bengaluru,Urban,540857,702,1
25,Female,Delhi,Urban,328039,660,0
49,Male,Madurai,Semi-Urban,680371,628,0
57,Female,Madurai,Semi-Urban,227964,677,0
58,Male,Chennai,Urban,553052,665,1
39,Female,Hyderabad,Urban,470798,811,1
28,Female,Bengaluru,Urban,709095,639,1
21,Male,Mumbai,Urban,438208,653,1
42,Female,Trivandrum,Semi-Urban,430003,629,0
37,Male,Coimbatore,Semi-Urban,679285,667,1
27,Male,Mumbai,Urban,689918,706,1
45,Female,Bengaluru,Urban,390724,632,0
24,Female,Hyderabad,Urban,717752,697,1
56,Male,Pune,Urban,1091344,619,1
26,Male,Chennai,Urban,505694,726,1
51,Female,Hyderabad,Urban,354305,657,0
39,Female,Trivandrum,Semi-Urban,611088,663,1
64,Male,Trivandrum,Semi-Urban,323650,750,0
59,Female,Madurai,Semi-Urban,548252,658,0
47,Male,Hyderabad,Urban,498990,699,1
30,Male,Delhi,Urban,738454,715,1
46,Male,Mumbai,Urban,248735,745,1
39,Male,Pune,Urban,284227,696,1
59,Female,Trivandrum,Semi-Urban,676353,664,0
23,Male,Coimbatore,Semi-Urban,708487,653,1
33,Female,Bengaluru,Urban,170577,695,1
48,Male,Coimbatore,Semi-Urban,904163,642,0
40,Female,Mumbai,Urban,775131,707,1
48,Female,Bengaluru,Urban,465688,690,0
28,Female,Bengaluru,Urban,619113,621,1
61,Female,Kochi,Semi-Urban,205826,618,0
59,Male,Hyderabad,Urban,740842,684,1
21,Female,Madurai,Semi-Urban,430746,665,0
23,Female,Trivandrum,Semi-Urban,528809,720,0
33,Male,Bengaluru,Urban,578022,634,1
48,Female,Kochi,Semi-Urban,841648,716,0
45,Male,Chennai,Urban,693466,718,1
53,Male,Mumbai,Urban,528091,620,1
58,Female,Kochi,Semi-Urban,482146,668,0
26,Male,Madurai,Semi-Urban,645088,748,1
64,Female,Mumbai,Urban,582897,700,1
52,Male,Coimbatore,Semi-Urban,551632,675,1
41,Male,Coimbatore,Semi-Urban,601200,722,1
36,Male,Mumbai,Urban,545912,655,1
41,Male,Mumbai,Urban,286942,663,1
31,Female,Trivandrum,Semi-Urban,588490,688,1
57,Male,Bengaluru,Urban,595649,751,1
56,Male,Madurai,Semi-Urban,626616,633,0
55,Male,Trivandrum,Semi-Urban,399323,703,0
39,Male,Chennai,Urban,440020,660,1
40,Female,Pune,Urban,927842,742,1
38,Male,Chennai,Urban,451879,718,1
61,Female,Madurai,Semi-Urban,701842,676,0
34,Female,Hyderabad,Urban,440626,709,1
35,Female,Trivandrum,Semi-Urban,221781,651,0
51,Female,Mumbai,Urban,579220,648,0
21,Male,Trivandrum,Semi-Urban,722559,806,1
23,Male,Chennai,Urban,533254,661,1
36,Female,Chennai,Urban,200757,688,1
43,Female,Bengaluru,Urban,153345,660,1
31,Female,Madurai,Semi-Urban,830720,615,0
32,Female,Hyderabad,Urban,597148,628,1
30,Male,Trivandrum,Semi-Urban,721430,696,1
52,Male,Coimbatore,Semi-Urban,646331,609,0
36,Female,Madurai,Semi-Urban,369922,644,0
28,Female,Bengaluru,Urban,548836,712,1
58,Male,Madurai,Semi-Urban,260599,691,0
32,Female,Chennai,Urban,789159,659,1
44,Male,Trivandrum,Semi-Urban,663857,657,1
48,Male,Trivandrum,Semi-Urban,748127,628,0
28,Female,Bengaluru,Urban,858134,791,1
48,Female,Chennai,Urban,528730,630,0
56,Male,Mumbai,Urban,451717,730,1
46,Male,Mumbai,Urban,578827,569,1
28,Male,Madurai,Semi-Urban,853523,723,1
48,Female,Hyderabad,Urban,286752,728,0
48,Male,Pune,Urban,604136,633,1
57,Female,Mumbai,Urban,760992,649,0
61,Female,Pune,Urban,661595,733,1
56,Female,Trivandrum,Semi-Urban,814627,622,0
47,Male,Coimbatore,Semi-Urban,292992,701,0
37,Female,Bengaluru,Urban,817456,646,1
29,Male,Delhi,Urban,475157,725,1
53,Male,Bengaluru,Urban,180972,773,1
40,Male,Hyderabad,Urban,534638,629,1
33,Male,Kochi,Semi-Urban,432215,709,1
48,Female,Trivandrum,Semi-Urban,567183,728,0
49,Male,Bengaluru,Urban,296016,580,0
33,Male,Delhi,Urban,575361,730,1
55,Female,Delhi,Urban,485018,697,0
26,Male,Bengaluru,Urban,997584,712,1
38,Female,Mumbai,Urban,634759,588,1
25,Male,Trivandrum,Semi-Urban,645650,717,1
45,Male,Bengaluru,Urban,554376,670,1
22,Female,Trivandrum,Semi-Urban,849504,623,0
30,Male,Delhi,Urban,697058,715,1
50,Male,Coimbatore,Semi-Urban,902622,720,1
25,Male,Chennai,Urban,810859,676,1
53,Male,Coimbatore,Semi-Urban,522960,698,1
21,Male,Bengaluru,Urban,745913,671,1
38,Male,Mumbai,Urban,762823,611,1
52,Male,Chennai,Urban,788945,672,1
31,Female,Madurai,Semi-Urban,680281,739,1
41,Male,Trivandrum,Semi-Urban,331297,740,1
46,Male,Bengaluru,Urban,594158,638,1
45,Male,Bengaluru,Urban,622221,691,1
42,Female,Hyderabad,Urban,614198,683,1
47,Female,Bengaluru,Urban,829477,704,1
33,Female,Kochi,Semi-Urban,471349,682,0
53,Female,Kochi,Semi-Urban,627219,716,0
54,Male,Pune,Urban,586083,659,1
61,Male,Pune,Urban,736704,735,1
55,Female,Kochi,Semi-Urban,962029,653,0
21,Female,Bengaluru,Urban,724507,689,1
41,Male,Hyderabad,Urban,711246,713,1
26,Male,Delhi,Urban,396033,690,1
48,Female,Mumbai,Urban,291280,562,0
37,Female,Delhi,Urban,651141,694,1
25,Male,Pune,Urban,562697,714,1
51,Female,Madurai,Semi-Urban,692066,694,0
25,Male,Bengaluru,Urban,477415,727,1
58,Male,Chennai,Urban,880584,738,1
23,Male,Coimbatore,Semi-Urban,360764,645,0
43,Male,Coimbatore,Semi-Urban,560797,594,1
57,Male,Hyderabad,Urban,521730,620,1
57,Female,Trivandrum,Semi-Urban,819539,683,0
30,Male,Kochi,Semi-Urban,553776,710,1
30,Male,Mumbai,Urban,484397,673,1
39,Male,Chennai,Urban,616140,610,1
37,Male,Madurai,Semi-Urban,442205,694,1
41,Female,Kochi,Semi-Urban,595545,680,1
34,Female,Chennai,Urban,574050,688,1
29,Female,Trivandrum,Semi-Urban,1177845,770,1
21,Female,Trivandrum,Semi-Urban,507502,720,0
33,Male,Madurai,Semi-Urban,582124,673,1
24,Male,Chennai,Urban,643630,613,1
21,Female,Pune,Urban,654631,747,1
60,Female,Chennai,Urban,808632,591,0
52,Female,Delhi,Urban,984250,665,1
54,Female,Kochi,Semi-Urban,439789,619,0
48,Female,Mumbai,Urban,687729,659,1
51,Male,Mumbai,Urban,567117,675,1
28,Male,Madurai,Semi-Urban,666068,614,1
59,Female,Kochi,Semi-Urban,822074,557,0
46,Female,Mumbai,Urban,925533,631,0
54,Male,Bengaluru,Urban,774928,612,1
23,Male,Bengaluru,Urban,663062,632,1
32,Male,Bengaluru,Urban,805267,665,1
21,Male,Pune,Urban,431720,756,1
64,Female,Trivandrum,Semi-Urban,454842,650,0
25,Male,Pune,Urban,633689,653,1
50,Male,Bengaluru,Urban,832755,674,1
50,Male,Kochi,Semi-Urban,540876,713,1
37,Female,Bengaluru,Urban,561917,708,1
43,Male,Coimbatore,Semi-Urban,203520,584,0
35,Male,Hyderabad,Urban,1077662,627,1
57,Male,Bengaluru,Urban,554012,735,1
41,Male,Delhi,Urban,51757,653,1
34,Male,Hyderabad,Urban,633422,728,1
22,Male,Kochi,Semi-Urban,694575,715,1
31,Female,Kochi,Semi-Urban,554002,567,0
59,Male,Trivandrum,Semi-Urban,417962,597,0
58,Male,Pune,Urban,779564,663,1
54,Female,Hyderabad,Urban,756630,700,1
58,Male,Mumbai,Urban,705210,666,1
54,Female,Coimbatore,Semi-Urban,447153,670,0
38,Male,Delhi,Urban,478249,681,1
50,Male,Bengaluru,Urban,529909,674,1
35,Female,Coimbatore,Semi-Urban,517105,678,1
47,Female,Bengaluru,Urban,725074,561,0
54,Male,Chennai,Urban,521032,664,1
58,Male,Bengaluru,Urban,410009,663,1
53,Male,Bengaluru,Urban,684639,626,1
44,Female,Bengaluru,Urban,1075323,641,1
35,Female,Bengaluru,Urban,442633,596,0
50,Male,Mumbai,Urban,458088,699,1
62,Male,Chennai,Urban,575525,622,1
37,Male,Bengaluru,Urban,751263,673,1
25,Male,Kochi,Semi-Urban,713143,655,1
49,Male,Chennai,Urban,576362,670,1
24,Male,Bengaluru,Urban,512782,725,1
30,Female,Mumbai,Urban,1019856,643,1
37,Female,Hyderabad,Urban,828788,674,1
30,Female,Hyderabad,Urban,947045,711,1
37,Male,Mumbai,Urban,740574,687,1
40,Male,Kochi,Semi-Urban,581308,640,1
44,Female,Kochi,Semi-Urban,679748,602,0
25,Male,Pune,Urban,961330,638,1
54,Female,Delhi,Urban,702772,689,1
26,Male,Mumbai,Urban,256336,677,1
22,Male,Chennai,Urban,880468,711,1
33,Male,Trivandrum,Semi-Urban,899373,663,1
63,Male,Bengaluru,Urban,847456,641,1
63,Female,Mumbai,Urban,331460,605,0
31,Male,Mumbai,Urban,677376,619,1
43,Male,Kochi,Semi-Urban,805076,627,1
36,Male,Madurai,Semi-Urban,603191,745,1
51,Female,Pune,Urban,676196,620,0
31,Male,Chennai,Urban,711992,621,1
36,Male,Chennai,Urban,434720,644,1
28,Male,Coimbatore,Semi-Urban,694001,731,1
24,Male,Delhi,Urban,402873,703,1
60,Male,Mumbai,Urban,579461,667,1
24,Female,Trivandrum,Semi-Urban,484696,600,0
45,Male,Delhi,Urban,775078,673,1
23,Male,Pune,Urban,733764,715,1
52,Female,Delhi,Urban,713475,741,1
23,Male,Mumbai,Urban,656383,562,1
47,Male,Delhi,Urban,687184,632,1
49,Male,Coimbatore,Semi-Urban,1001764,676,1
52,Male,Kochi,Semi-Urban,864865,733,1
39,Female,Kochi,Semi-Urban,407682,605,0
41,Female,Pune,Urban,493173,616,0
25,Female,Kochi,Semi-Urban,558273,647,0
38,Female,Hyderabad,Urban,551530,601,1
48,Male,Trivandrum,Semi-Urban,434604,572,0
62,Male,Kochi,Semi-Urban,717338,777,1
42,Male,Bengaluru,Urban,587787,658,1
41,Male,Mumbai,Urban,643505,638,1
26,Female,Trivandrum,Semi-Urban,258133,611,0
21,Female,Mumbai,Urban,285432,669,0
25,Male,Coimbatore,Semi-Urban,491761,643,0
61,Male,Mumbai,Urban,721590,710,1
32,Male,Pune,Urban,695605,617,1
46,Male,Hyderabad,Urban,801502,670,1
54,Male,Bengaluru,Urban,459850,667,1
34,Male,Mumbai,Urban,737135,697,1
46,Female,Delhi,Urban,906045,661,1
47,Female,Hyderabad,Urban,785320,699,1
29,Male,Chennai,Urban,341526,685,1
46,Male,Kochi,Semi-Urban,821568,713,1
42,Male,Hyderabad,Urban,665259,700,1
50,Female,Kochi,Semi-Urban,690829,661,0
63,Female,Coimbatore,Semi-Urban,1099115,753,0
37,Female,Trivandrum,Semi-Urban,649317,645,0
46,Male,Hyderabad,Urban,726242,747,1
56,Female,Delhi,Urban,618757,725,1
21,Male,Mumbai,Urban,551347,705,1
28,Male,Madurai,Semi-Urban,672916,671,1
55,Male,Madurai,Semi-Urban,512574,640,0
35,Male,Hyderabad,Urban,629101,685,1
42,Female,Bengaluru,Urban,539660,685,1
34,Male,Chennai,Urban,184327,670,1
46,Male,Hyderabad,Urban,501652,702,1
48,Male,Delhi,Urban,791109,721,1
43,Male,Kochi,Semi-Urban,703950,634,1
34,Male,Hyderabad,Urban,553147,642,1
44,Male,Kochi,Semi-Urban,619715,612,1
22,Male,Pune,Urban,438906,694,1
46,Male,Kochi,Semi-Urban,460436,754,0
34,Female,Chennai,Urban,601336,610,1
27,Male,Delhi,Urban,556847,638,1
23,Male,Delhi,Urban,449286,607,0
43,Male,Madurai,Semi-Urban,586661,649,1
63,Female,Hyderabad,Urban,377465,572,0
38,Female,Mumbai,Urban,914842,734,1
58,Male,Delhi,Urban,779119,713,1
55,Male,Delhi,Urban,165675,689,1
35,Female,Trivandrum,Semi-Urban,767717,724,1
45,Female,Bengaluru,Urban,525429,722,1
57,Female,Delhi,Urban,490663,676,0
48,Female,Bengaluru,Urban,750602,612,0
30,Female,Hyderabad,Urban,571386,642,1
59,Male,Kochi,Semi-Urban,522572,675,1
37,Male,Chennai,Urban,334272,641,1
59,Female,Hyderabad,Urban,783115,766,1
42,Female,Trivandrum,Semi-Urban,807303,687,1
46,Male,Kochi,Semi-Urban,632262,685,1
64,Female,Bengaluru,Urban,366826,727,0
45,Male,Delhi,Urban,660517,693,1
37,Male,Bengaluru,Urban,728213,666,1
33,Female,Chennai,Urban,594690,755,1
40,Male,Mumbai,Urban,776314,701,1
45,Male,Bengaluru,Urban,633909,655,1
24,Male,Pune,Urban,660818,688,1
30,Male,Chennai,Urban,896092,653,1
23,Male,Coimbatore,Semi-Urban,501632,638,0
61,Male,Coimbatore,Semi-Urban,286385,719,0
38,Male,Pune,Urban,566195,654,1
56,Female,Mumbai,Urban,487249,641,0
42,Female,Madurai,Semi-Urban,315623,689,0
54,Male,Pune,Urban,724374,732,1
28,Female,Chennai,Urban,600166,574,1
60,Male,Mumbai,Urban,235764,643,0
64,Male,Bengaluru,Urban,909235,568,1
39,Male,Kochi,Semi-Urban,454419,510,0
62,Female,Delhi,Urban,476823,682,0
61,Female,Chennai,Urban,788315,614,0
57,Male,Coimbatore,Semi-Urban,685639,718,1
26,Male,Bengaluru,Urban,818374,619,1
46,Male,Coimbatore,Semi-Urban,164000,709,0
54,Male,Bengaluru,Urban,542793,694,1
26,Male,Kochi,Semi-Urban,626773,633,0
57,Male,Bengaluru,Urban,860308,654,1
53,Female,Chennai,Urban,431067,688,0
42,Male,Trivandrum,Semi-Urban,531874,706,1
41,Female,Hyderabad,Urban,628159,748,1
26,Female,Delhi,Urban,752278,690,1
26,Male,Madurai,Semi-Urban,378143,677,0
24,Female,Bengaluru,Urban,762329,681,1
50,Female,Coimbatore,Semi-Urban,481982,667,0
31,Male,Bengaluru,Urban,675069,656,1
50,Male,Bengaluru,Urban,561398,633,1
51,Female,Bengaluru,Urban,654991,699,1
44,Male,Pune,Urban,642418,637,1
29,Male,Chennai,Urban,855402,688,1
23,Male,Madurai,Semi-Urban,552871,678,1
51,Female,Pune,Urban,539526,712,1
60,Female,Hyderabad,Urban,813676,691,1
57,Female,Kochi,Semi-Urban,880059,641,0
56,Male,Coimbatore,Semi-Urban,520745,624,0
44,Male,Mumbai,Urban,738468,731,1
51,Male,Chennai,Urban,429224,658,1
26,Female,Mumbai,Urban,739634,749,1
22,Male,Coimbatore,Semi-Urban,784020,548,0
40,Male,Coimbatore,Semi-Urban,544958,689,1
48,Male,Chennai,Urban,822167,722,1
31,Male,Chennai,Urban,547458,684,1
24,Female,Pune,Urban,604806,690,1
35,Female,Bengaluru,Urban,678225,708,1
26,Female,Trivandrum,Semi-Urban,407982,721,0
50,Male,Bengaluru,Urban,328222,710,1
58,Female,Coimbatore,Semi-Urban,655957,741,0
22,Female,Madurai,Semi-Urban,451613,656,0
35,Male,Hyderabad,Urban,355855,763,1
31,Female,Bengaluru,Urban,753799,628,1
28,Male,Mumbai,Urban,903367,727,1
46,Female,Hyderabad,Urban,771453,699,1
64,Female,Mumbai,Urban,363083,792,0
25,Female,Kochi,Semi-Urban,635652,694,0
26,Male,Chennai,Urban,538105,714,1
46,Male,Hyderabad,Urban,429435,597,0
24,Male,Coimbatore,Semi-Urban,617025,722,1
39,Male,Kochi,Semi-Urban,586493,694,1
40,Female,Hyderabad,Urban,553463,716,1
53,Female,Kochi,Semi-Urban,797622,632,0
40,Female,Trivandrum,Semi-Urban,859973,655,1
32,Male,Delhi,Urban,535346,689,1
21,Female,Chennai,Urban,564122,676,1
46,Female,Bengaluru,Urban,550493,693,1
34,Female,Coimbatore,Semi-Urban,702986,688,1
58,Male,Coimbatore,Semi-Urban,666287,655,1
57,Male,Trivandrum,Semi-Urban,458083,668,0
31,Male,Bengaluru,Urban,574248,642,1
56,Female,Delhi,Urban,300612,817,0
33,Female,Coimbatore,Semi-Urban,285710,696,0
63,Female,Hyderabad,Urban,363839,767,0
23,Male,Chennai,Urban,549715,627,1
53,Male,Delhi,Urban,722241,675,1
26,Female,Coimbatore,Semi-Urban,443504,657,0
30,Female,Bengaluru,Urban,574778,699,1
25,Female,Delhi,Urban,643743,690,1
43,Female,Kochi,Semi-Urban,907196,623,0
30,Male,Delhi,Urban,611167,703,1
64,Female,Kochi,Semi-Urban,620085,693,0
22,Female,Kochi,Semi-Urban,478936,694,0
33,Male,Bengaluru,Urban,967338,737,1
60,Male,Chennai,Urban,752914,727,1
22,Male,Kochi,Semi-Urban,377776,761,0
40,Male,Bengaluru,Urban,899608,696,1
21,Female,Kochi,Semi-Urban,743358,725,0
57,Male,Kochi,Semi-Urban,646792,670,1
29,Male,Chennai,Urban,732062,689,1
37,Male,Delhi,Urban,827166,709,1
29,Male,Delhi,Urban,449396,655,1
31,Male,Chennai,Urban,522074,683,1
35,Female,Mumbai,Urban,592315,615,1
44,Male,Madurai,Semi-Urban,351998,741,1
58,Male,Mumbai,Urban,745876,743,1
55,Male,Kochi,Semi-Urban,544910,619,0
50,Male,Bengaluru,Urban,522864,737,1
51,Male,Bengaluru,Urban,471407,728,1
25,Male,Bengaluru,Urban,593189,695,1
64,Female,Coimbatore,Semi-Urban,631152,696,0
34,Female,Hyderabad,Urban,799210,708,1
31,Male,Chennai,Urban,804829,614,1
29,Male,Trivandrum,Semi-Urban,373265,795,1
54,Female,Chennai,Urban,692110,571,0
32,Female,Chennai,Urban,845980,606,1
55,Male,Mumbai,Urban,555475,733,1
55,Female,Hyderabad,Urban,566010,725,1
21,Female,Delhi,Urban,520646,765,1
60,Female,Hyderabad,Urban,707643,685,1
42,Male,Mumbai,Urban,657468,633,1
49,Male,Madurai,Semi-Urban,795929,683,1
28,Male,Madurai,Semi-Urban,577760,722,1
31,Female,Coimbatore,Semi-Urban,851999,645,0
61,Female,Madurai,Semi-Urban,719501,626,0
57,Male,Delhi,Urban,835267,681,1
34,Female,Kochi,Semi-Urban,480831,643,0
50,Female,Delhi,Urban,913529,671,1
55,Female,Coimbatore,Semi-Urban,488903,649,0
41,Female,Delhi,Urban,498272,709,1
57,Female,Bengaluru,Urban,521268,657,1
25,Male,Coimbatore,Semi-Urban,499938,654,0
39,Female,Trivandrum,Semi-Urban,978710,715,1
34,Female,Coimbatore,Semi-Urban,704364,624,0
46,Male,Chennai,Urban,699175,634,1
24,Male,Hyderabad,Urban,221697,696,1
45,Female,Hyderabad,Urban,857097,636,1
62,Male,Mumbai,Urban,392307,745,1
45,Female,Bengaluru,Urban,592729,627,1
38,Male,Hyderabad,Urban,459161,674,1
60,Male,Chennai,Urban,647932,636,1
28,Male,Chennai,Urban,906812,753,1
59,Male,Trivandrum,Semi-Urban,407715,627,0
60,Female,Madurai,Semi-Urban,456211,775,0
34,Male,Bengaluru,Urban,627916,684,1
52,Male,Delhi,Urban,913999,670,1
58,Male,Bengaluru,Urban,515077,575,1
53,Male,Bengaluru,Urban,456754,763,1
43,Male,Trivandrum,Semi-Urban,632781,705,1
35,Female,Trivandrum,Semi-Urban,601497,619,0
53,Male,Coimbatore,Semi-Urban,395002,653,0
45,Male,Mumbai,Urban,518933,597,1
37,Male,Madurai,Semi-Urban,206408,641,0
53,Male,Chennai,Urban,593917,674,1
22,Male,Chennai,Urban,350812,761,1
34,Male,Bengaluru,Urban,1093790,804,1
60,Female,Coimbatore,Semi-Urban,710967,706,0
60,Female,Chennai,Urban,650754,602,0
59,Female,Chennai,Urban,705390,796,1
26,Male,Kochi,Semi-Urban,501728,591,0
26,Male,Bengaluru,Urban,571563,722,1
23,Male,Bengaluru,Urban,701078,683,1
27,Female,Bengaluru,Urban,404822,741,0
28,Female,Bengaluru,Urban,736620,642,1
62,Male,Trivandrum,Semi-Urban,1021424,731,1
35,Male,Delhi,Urban,304020,752,1
49,Female,Chennai,Urban,706555,700,1
53,Female,Chennai,Urban,436311,680,0
50,Female,Coimbatore,Semi-Urban,738189,731,0
59,Female,Mumbai,Urban,667780,747,1
47,Female,Trivandrum,Semi-Urban,975921,656,0
56,Male,Mumbai,Urban,940308,648,1
49,Female,Chennai,Urban,310381,647,0
58,Female,Pune,Urban,752848,567,0
53,Female,Delhi,Urban,749415,726,1
57,Male,Bengaluru,Urban,837783,679,1
47,Male,Mumbai,Urban,694482,665,1
53,Male,Hyderabad,Urban,719304,657,1
24,Male,Chennai,Urban,393479,701,1
42,Female,Pune,Urban,684391,646,1
22,Male,Madurai,Semi-Urban,556684,724,1
30,Male,Chennai,Urban,736726,661,1
25,Female,Hyderabad,Urban,581096,622,0
30,Male,Trivandrum,Semi-Urban,689440,710,1
53,Male,Chennai,Urban,723226,636,1
58,Male,Delhi,Urban,726997,676,1
33,Female,Trivandrum,Semi-Urban,451240,726,0
51,Male,Kochi,Semi-Urban,1083753,682,1
56,Female,Trivandrum,Semi-Urban,650775,685,0
44,Male,Trivandrum,Semi-Urban,726348,658,1
35,Female,Pune,Urban,611800,688,1
49,Male,Hyderabad,Urban,378353,648,0
28,Male,Madurai,Semi-Urban,756574,706,1
25,Male,Bengaluru,Urban,653671,663,1
49,Male,Hyderabad,Urban,777763,670,1
24,Male,Bengaluru,Urban,467021,629,0
32,Male,Kochi,Semi-Urban,533539,705,1
22,Male,Bengaluru,Urban,653570,652,1
47,Male,Coimbatore,Semi-Urban,609651,625,0
51,Male,Kochi,Semi-Urban,542767,654,1
56,Male,Bengaluru,Urban,653769,720,1
56,Female,Trivandrum,Semi-Urban,885960,708,0
46,Female,Madurai,Semi-Urban,691568,568,0
63,Male,Kochi,Semi-Urban,834603,645,0
47,Male,Bengaluru,Urban,566430,751,1
25,Female,Madurai,Semi-Urban,610906,742,0
40,Male,Trivandrum,Semi-Urban,648624,617,1
31,Female,Hyderabad,Urban,511104,724,1
30,Male,Hyderabad,Urban,650317,608,1
60,Female,Mumbai,Urban,913563,638,0
58,Male,Madurai,Semi-Urban,948870,626,0
26,Female,Chennai,Urban,875047,716,1
28,Male,Bengaluru,Urban,661137,681,1
43,Female,Madurai,Semi-Urban,456172,705,0
46,Male,Bengaluru,Urban,1089395,581,1
63,Male,Madurai,Semi-Urban,497225,724,0
32,Female,Hyderabad,Urban,904879,761,1
46,Male,Mumbai,Urban,673196,692,1
33,Female,Bengaluru,Urban,393407,779,1
60,Male,Madurai,Semi-Urban,303634,723,0
38,Female,Trivandrum,Semi-Urban,878090,770,1
45,Male,Pune,Urban,485149,668,1
53,Female,Kochi,Semi-Urban,348007,696,0
60,Female,Chennai,Urban,546244,646,0
63,Male,Hyderabad,Urban,598983,607,1
32,Female,Mumbai,Urban,674195,639,1
64,Female,Delhi,Urban,663838,694,1
56,Male,Pune,Urban,453502,617,0
24,Female,Hyderabad,Urban,600320,685,1
25,Male,Trivandrum,Semi-Urban,943502,571,0
57,Female,Pune,Urban,389491,663,0
28,Male,Chennai,Urban,694189,693,1
62,Male,Madurai,Semi-Urban,389207,644,0
48,Male,Mumbai,Urban,517672,664,1
51,Male,Trivandrum,Semi-Urban,826482,679,1
29,Female,Hyderabad,Urban,193327,660,1
49,Female,Hyderabad,Urban,1019617,694,1
34,Male,Bengaluru,Urban,341334,595,1
60,Male,Pune,Urban,198116,620,0
61,Female,Coimbatore,Semi-Urban,603880,628,0
42,Male,Bengaluru,Urban,514199,669,1
31,Male,Pune,Urban,476296,770,1
43,Male,Delhi,Urban,728301,708,1
21,Male,Madurai,Semi-Urban,414876,594,0
57,Male,Bengaluru,Urban,713960,690,1
41,Female,Hyderabad,Urban,765451,652,1
46,Male,Kochi,Semi-Urban,325559,657,0
56,Female,Bengaluru,Urban,805291,643,0
43,Male,Mumbai,Urban,754645,665,1
21,Male,Mumbai,Urban,910496,590,1
60,Female,Chennai,Urban,601076,673,1
35,Male,Hyderabad,Urban,433043,695,1
41,Male,Pune,Urban,850810,639,1
29,Female,Hyderabad,Urban,609726,653,1
29,Male,Chennai,Urban,964569,620,1
30,Female,Delhi,Urban,741867,659,1
46,Male,Kochi,Semi-Urban,594822,684,1
61,Female,Trivandrum,Semi-Urban,423705,670,0
55,Male,Trivandrum,Semi-Urban,579125,712,1
45,Male,Bengaluru,Urban,787459,727,1
46,Female,Mumbai,Urban,298371,650,0
31,Female,Coimbatore,Semi-Urban,518990,668,1
58,Male,Madurai,Semi-Urban,277108,624,0
22,Male,Delhi,Urban,391797,655,1
27,Male,Bengaluru,Urban,477744,682,1
38,Female,Mumbai,Urban,545853,717,1
47,Female,Bengaluru,Urban,670671,675,1
54,Female,Trivandrum,Semi-Urban,740353,695,0
47,Male,Bengaluru,Urban,876689,613,1
37,Female,Chennai,Urban,920641,692,1
63,Male,Mumbai,Urban,837052,636,1
64,Male,Mumbai,Urban,524116,758,1
44,Male,Mumbai,Urban,646761,770,1
45,Female,Mumbai,Urban,487543,757,1
27,Female,Trivandrum,Semi-Urban,650128,633,0
26,Male,Hyderabad,Urban,567863,712,1
44,Female,Delhi,Urban,371540,555,0
53,Female,Hyderabad,Urban,890391,733,1
49,Male,Hyderabad,Urban,941614,678,1
63,Male,Kochi,Semi-Urban,448384,588,0
42,Female,Mumbai,Urban,704151,710,1
46,Female,Trivandrum,Semi-Urban,457028,662,0
48,Male,Delhi,Urban,584152,662,1
41,Male,Coimbatore,Semi-Urban,493670,706,1
27,Male,Mumbai,Urban,474567,729,1
37,Male,Mumbai,Urban,638033,693,1
40,Female,Kochi,Semi-Urban,236928,565,0
61,Male,Chennai,Urban,495417,693,1
40,Female,Hyderabad,Urban,1403115,628,1
42,Male,Kochi,Semi-Urban,291779,703,1
48,Male,Bengaluru,Urban,523941,696,1
60,Male,Mumbai,Urban,657621,663,1
27,Female,Delhi,Urban,564079,672,1
21,Male,Pune,Urban,447221,587,0
52,Female,Madurai,Semi-Urban,793603,757,0
33,Male,Hyderabad,Urban,629875,692,1
50,Male,Mumbai,Urban,475310,688,1
43,Male,Bengaluru,Urban,771453,691,1
39,Male,Chennai,Urban,494531,585,1
52,Female,Coimbatore,Semi-Urban,425021,724,0
50,Male,Bengaluru,Urban,717559,655,1
49,Female,Chennai,Urban,338589,681,0
49,Male,Pune,Urban,951569,645,1
50,Male,Coimbatore,Semi-Urban,903217,614,0
36,Male,Coimbatore,Semi-Urban,709378,648,1
60,Male,Madurai,Semi-Urban,483563,665,0
39,Female,Trivandrum,Semi-Urban,386437,674,0
38,Female,Bengaluru,Urban,85446,650,0
21,Male,Delhi,Urban,923194,670,1
34,Male,Mumbai,Urban,406112,660,1
22,Female,Hyderabad,Urban,670820,606,0
48,Female,Coimbatore,Semi-Urban,639796,673,0
50,Female,Mumbai,Urban,265497,673,0
58,Male,Bengaluru,Urban,479113,640,0
24,Male,Hyderabad,Urban,373389,721,1
21,Female,Chennai,Urban,758616,674,1
28,Female,Madurai,Semi-Urban,767434,694,1
49,Male,Kochi,Semi-Urban,551188,632,0
59,Female,Delhi,Urban,431448,641,0
23,Female,Mumbai,Urban,637592,661,1
52,Male,Kochi,Semi-Urban,821428,614,0
30,Male,Trivandrum,Semi-Urban,303690,583,0
30,Male,Delhi,Urban,1022533,743,1
39,Male,Pune,Urban,551241,647,1
54,Female,Pune,Urban,576233,668,1
53,Male,Pune,Urban,920531,690,1
43,Female,Kochi,Semi-Urban,588841,665,1
48,Female,Pune,Urban,578975,619,0
52,Male,Mumbai,Urban,417309,728,1
27,Male,Madurai,Semi-Urban,484581,652,0
49,Female,Madurai,Semi-Urban,458771,708,0
28,Female,Madurai,Semi-Urban,246863,749,0
21,Female,Coimbatore,Semi-Urban,183948,614,0
23,Male,Mumbai,Urban,553680,720,1
44,Male,Chennai,Urban,323788,684,1
43,Male,Hyderabad,Urban,730531,634,1
28,Female,Trivandrum,Semi-Urban,555849,701,1
57,Male,Chennai,Urban,280862,685,1
23,Female,Mumbai,Urban,904951,649,0
53,Male,Delhi,Urban,514719,775,1
48,Female,Delhi,Urban,703019,699,1
28,Female,Pune,Urban,928827,625,1
54,Male,Kochi,Semi-Urban,593233,696,1
55,Female,Coimbatore,Semi-Urban,602796,670,0
52,Male,Delhi,Urban,887623,623,1
44,Male,Coimbatore,Semi-Urban,541217,668,1
34,Male,Chennai,Urban,814636,699,1
52,Male,Chennai,Urban,585186,633,1
63,Male,Pune,Urban,634062,610,1
36,Female,Trivandrum,Semi-Urban,631268,611,0
24,Female,Kochi,Semi-Urban,526037,613,0
57,Male,Mumbai,Urban,493041,706,1
41,Female,Hyderabad,Urban,469479,700,1
34,Female,Delhi,Urban,340876,633,0
51,Female,Bengaluru,Urban,510681,669,1
38,Female,Mumbai,Urban,546929,614,1
27,Male,Mumbai,Urban,681505,647,1
30,Male,Delhi,Urban,581542,646,1
27,Female,Kochi,Semi-Urban,815479,694,0
53,Male,Pune,Urban,806482,738,1
43,Male,Kochi,Semi-Urban,869047,625,1
41,Male,Madurai,Semi-Urban,559531,638,1
39,Male,Delhi,Urban,497798,693,1
39,Male,Kochi,Semi-Urban,326504,608,0
56,Male,Bengaluru,Urban,861685,634,1
49,Male,Bengaluru,Urban,369106,722,1
38,Female,Delhi,Urban,419779,741,1
22,Male,Mumbai,Urban,645147,633,1
21,Male,Coimbatore,Semi-Urban,538228,638,0
25,Male,Delhi,Urban,889461,713,1
40,Male,Madurai,Semi-Urban,446491,727,1
31,Male,Pune,Urban,605815,664,1
62,Male,Bengaluru,Urban,229453,644,0
22,Male,Mumbai,Urban,846432,705,1
23,Female,Kochi,Semi-Urban,264840,695,0
43,Male,Hyderabad,Urban,1097542,676,1
32,Male,Chennai,Urban,576520,769,1
40,Male,Coimbatore,Semi-Urban,542522,690,1
25,Female,Pune,Urban,593671,621,0
57,Female,Coimbatore,Semi-Urban,385193,699,0
58,Female,Delhi,Urban,731578,643,0
50,Male,Mumbai,Urban,518288,669,1
29,Male,Delhi,Urban,537471,716,1
54,Male,Mumbai,Urban,857022,721,1
64,Female,Mumbai,Urban,256047,530,0
55,Male,Chennai,Urban,560848,649,1
42,Female,Madurai,Semi-Urban,578119,652,1
64,Female,Trivandrum,Semi-Urban,627612,677,0
44,Female,Kochi,Semi-Urban,488759,634,0
37,Male,Pune,Urban,536193,663,1
30,Female,Hyderabad,Urban,969844,674,1
50,Male,Bengaluru,Urban,699890,594,1
43,Male,Coimbatore,Semi-Urban,444187,669,1
52,Male,Pune,Urban,730434,726,1
37,Female,Delhi,Urban,609129,616,1
37,Male,Bengaluru,Urban,748388,685,1
34,Male,Coimbatore,Semi-Urban,559201,682,1
29,Male,Bengaluru,Urban,438439,588,1
60,Female,Delhi,Urban,266295,661,0
22,Female,Hyderabad,Urban,830470,674,1
45,Female,Madurai,Semi-Urban,736823,741,1
59,Male,Mumbai,Urban,671340,660,1
29,Male,Madurai,Semi-Urban,729775,697,1
42,Male,Hyderabad,Urban,847338,643,1
63,Male,Hyderabad,Urban,263381,694,1
24,Female,Pune,Urban,616667,722,1
46,Male,Chennai,Urban,237847,596,0
49,Male,Delhi,Urban,521194,686,1
54,Male,Hyderabad,Urban,665982,705,1
43,Female,Coimbatore,Semi-Urban,529609,672,1
57,Male,Bengaluru,Urban,952479,691,1
31,Male,Mumbai,Urban,541785,717,1
26,Female,Trivandrum,Semi-Urban,445954,611,0
38,Male,Mumbai,Urban,606397,698,1
41,Female,Bengaluru,Urban,392817,738,1
62,Male,Trivandrum,Semi-Urban,424707,658,0
56,Female,Mumbai,Urban,787294,647,0
61,Male,Bengaluru,Urban,798054,647,1
58,Male,Kochi,Semi-Urban,631416,694,1
54,Female,Madurai,Semi-Urban,722060,750,0
37,Male,Bengaluru,Urban,1017678,783,1
57,Male,Delhi,Urban,588325,758,1
45,Male,Trivandrum,Semi-Urban,426623,662,1
58,Female,Bengaluru,Urban,707150,636,0
32,Male,Bengaluru,Urban,767047,602,1
43,Female,Mumbai,Urban,786739,702,1
62,Female,Coimbatore,Semi-Urban,828836,826,0
42,Female,Chennai,Urban,798984,690,1
41,Male,Coimbatore,Semi-Urban,704007,697,1
47,Male,Kochi,Semi-Urban,727179,677,1
51,Female,Hyderabad,Urban,682150,707,1
26,Male,Delhi,Urban,282130,648,0
47,Male,Pune,Urban,256301,696,1
60,Male,Chennai,Urban,389346,665,1
54,Male,Mumbai,Urban,763959,703,1
32,Male,Kochi,Semi-Urban,512467,679,1
27,Male,Bengaluru,Urban,627240,705,1
30,Female,Bengaluru,Urban,912658,634,1
37,Male,Bengaluru,Urban,816736,734,1
46,Male,Hyderabad,Urban,165408,728,1
41,Male,Bengaluru,Urban,746037,665,1
48,Male,Coimbatore,Semi-Urban,611229,651,1
22,Male,Pune,Urban,468835,616,0
63,Female,Bengaluru,Urban,534499,621,0
21,Female,Mumbai,Urban,537288,660,1
56,Male,Bengaluru,Urban,337668,687,1
46,Male,Bengaluru,Urban,648908,690,1
49,Male,Hyderabad,Urban,1035316,767,1
41,Female,Mumbai,Urban,803188,654,1
31,Female,Pune,Urban,194752,649,0
60,Female,Mumbai,Urban,658266,675,1
31,Male,Mumbai,Urban,658245,634,1
56,Female,Chennai,Urban,401021,756,0
59,Male,Bengaluru,Urban,357823,769,1
60,Male,Madurai,Semi-Urban,779535,719,1
55,Female,Bengaluru,Urban,620985,726,1
54,Female,Pune,Urban,504543,671,1
44,Male,Bengaluru,Urban,720508,713,1
42,Male,Delhi,Urban,1023464,742,1
25,Male,Pune,Urban,651593,663,1
53,Male,Bengaluru,Urban,658272,751,1
56,Male,Mumbai,Urban,595687,678,1
40,Female,Coimbatore,Semi-Urban,521555,675,1
39,Female,Bengaluru,Urban,763823,636,1
55,Female,Kochi,Semi-Urban,561482,691,0
63,Female,Bengaluru,Urban,699984,736,1
37,Male,Chennai,Urban,900123,567,1
63,Female,Chennai,Urban,748951,697,1
54,Male,Madurai,Semi-Urban,345264,716,0
29,Male,Chennai,Urban,333560,685,1
46,Male,Bengaluru,Urban,850655,581,1
22,Male,Delhi,Urban,577564,612,1
29,Female,Hyderabad,Urban,652167,676,1
29,Female,Mumbai,Urban,441629,596,0
60,Male,Bengaluru,Urban,723211,814,1
37,Female,Trivandrum,Semi-Urban,977574,744,1
21,Male,Delhi,Urban,630321,628,1
45,Female,Hyderabad,Urban,729573,723,1
63,Male,Chennai,Urban,849092,713,1
60,Male,Delhi,Urban,936026,661,1
62,Male,Coimbatore,Semi-Urban,464146,729,0
45,Female,Hyderabad,Urban,682728,575,1
59,Male,Bengaluru,Urban,855026,662,1
55,Female,Chennai,Urban,910817,653,1
23,Male,Kochi,Semi-Urban,515264,769,1
57,Female,Pune,Urban,465967,631,0
64,Female,Bengaluru,Urban,569004,714,1
64,Male,Hyderabad,Urban,535848,645,1
50,Male,Bengaluru,Urban,544268,733,1
58,Female,Hyderabad,Urban,682391,658,1
54,Female,Mumbai,Urban,491835,619,0
32,Female,Pune,Urban,911831,678,1
39,Male,Bengaluru,Urban,519069,722,1
57,Male,Coimbatore,Semi-Urban,479765,706,0
64,Female,Mumbai,Urban,366030,605,0
37,Male,Coimbatore,Semi-Urban,851450,600,1
30,Male,Delhi,Urban,341317,647,1
32,Male,Bengaluru,Urban,691473,630,1
36,Female,Pune,Urban,738913,634,1
44,Female,Bengaluru,Urban,16711,656,1
39,Male,Delhi,Urban,338256,709,1
28,Male,Madurai,Semi-Urban,524430,666,1
51,Male,Bengaluru,Urban,978906,620,1
41,Male,Delhi,Urban,524481,634,1
37,Male,Coimbatore,Semi-Urban,499307,702,1
43,Female,Pune,Urban,450031,674,1
57,Male,Trivandrum,Semi-Urban,446907,644,0
36,Male,Hyderabad,Urban,472971,711,1
26,Female,Trivandrum,Semi-Urban,465575,720,0
28,Male,Trivandrum,Semi-Urban,457027,718,1
45,Male,Trivandrum,Semi-Urban,456798,674,1
38,Male,Madurai,Semi-Urban,523766,635,1
45,Male,Bengaluru,Urban,790162,668,1
32,Female,Bengaluru,Urban,375771,644,0
35,Male,Kochi,Semi-Urban,470605,548,0
46,Male,Pune,Urban,496062,668,1
61,Female,Mumbai,Urban,599989,572,0
46,Female,Pune,Urban,447433,643,0
52,Male,Pune,Urban,1015079,650,1
30,Male,Madurai,Semi-Urban,716643,757,1
36,Female,Madurai,Semi-Urban,794881,620,0
27,Male,Madurai,Semi-Urban,647717,691,1
37,Female,Coimbatore,Semi-Urban,880870,664,1
43,Female,Trivandrum,Semi-Urban,371370,703,0
46,Female,Bengaluru,Urban,488505,646,0
41,Male,Bengaluru,Urban,436685,601,1
42,Male,Bengaluru,Urban,565723,685,1
27,Female,Bengaluru,Urban,916741,680,1
34,Male,Bengaluru,Urban,1039874,689,1
35,Male,Madurai,Semi-Urban,790926,665,1
27,Male,Kochi,Semi-Urban,580407,662,1
29,Male,Hyderabad,Urban,824009,720,1
28,Female,Coimbatore,Semi-Urban,896627,715,1
43,Male,Mumbai,Urban,835302,639,1
49,Female,Bengaluru,Urban,573273,672,1
38,Male,Madurai,Semi-Urban,578594,619,1
51,Male,Hyderabad,Urban,468348,708,1
50,Male,Trivandrum,Semi-Urban,550956,703,1
59,Female,Hyderabad,Urban,440141,750,0
55,Female,Mumbai,Urban,587117,716,1
38,Male,Coimbatore,Semi-Urban,595371,688,1
62,Female,Chennai,Urban,427284,808,0
59,Male,Pune,Urban,1137078,697,1
37,Female,Bengaluru,Urban,659218,707,1
34,Female,Delhi,Urban,858489,589,1
51,Female,Madurai,Semi-Urban,840123,720,0
44,Female,Pune,Urban,988598,800,1
55,Male,Chennai,Urban,418596,694,1
64,Male,Bengaluru,Urban,490945,719,1
54,Male,Trivandrum,Semi-Urban,237189,735,0
23,Male,Bengaluru,Urban,276477,770,1
57,Female,Mumbai,Urban,398051,710,0
63,Male,Coimbatore,Semi-Urban,569634,600,0
60,Female,Delhi,Urban,581168,691,1
46,Male,Chennai,Urban,1235006,718,1
43,Male,Mumbai,Urban,700653,714,1
64,Female,Pune,Urban,794051,672,1
59,Male,Kochi,Semi-Urban,628414,661,1
35,Female,Trivandrum,Semi-Urban,337445,661,0
24,Male,Hyderabad,Urban,659342,672,1
49,Female,Chennai,Urban,277161,686,0
42,Male,Chennai,Urban,563906,707,1
45,Male,Delhi,Urban,729597,698,1
33,Female,Hyderabad,Urban,482552,658,1
38,Female,Delhi,Urban,638579,620,1
53,Male,Trivandrum,Semi-Urban,479595,698,0
36,Male,Trivandrum,Semi-Urban,378905,665,1
62,Male,Chennai,Urban,697570,760,1
64,Male,Trivandrum,Semi-Urban,808912,725,1
22,Female,Kochi,Semi-Urban,808410,697,0
55,Female,Bengaluru,Urban,551762,642,0
62,Male,Bengaluru,Urban,164839,612,0
54,Male,Kochi,Semi-Urban,617663,680,1
50,Female,Hyderabad,Urban,853869,687,1
33,Male,Bengaluru,Urban,337045,593,1
33,Female,Bengaluru,Urban,956183,703,1
38,Male,Chennai,Urban,188211,682,1
52,Female,Pune,Urban,679401,546,0
52,Male,Trivandrum,Semi-Urban,765952,637,0
55,Female,Delhi,Urban,893643,640,0
59,Male,Pune,Urban,691802,618,1
49,Male,Kochi,Semi-Urban,534948,699,1
49,Female,Trivandrum,Semi-Urban,633617,769,0
64,Male,Hyderabad,Urban,463525,703,1
36,Male,Delhi,Urban,202063,711,1
64,Male,Bengaluru,Urban,551601,641,1
30,Male,Mumbai,Urban,698228,705,1
50,Female,Bengaluru,Urban,805146,670,1
45,Female,Chennai,Urban,502841,680,1
59,Male,Bengaluru,Urban,895433,649,1
40,Female,Hyderabad,Urban,566405,601,1
25,Male,Coimbatore,Semi-Urban,695713,725,1
21,Female,Hyderabad,Urban,749185,688,1
50,Male,Coimbatore,Semi-Urban,610680,668,1
23,Male,Kochi,Semi-Urban,581876,771,1
34,Male,Mumbai,Urban,911425,630,1
50,Male,Chennai,Urban,260197,712,1
24,Male,Pune,Urban,608482,782,1
38,Male,Bengaluru,Urban,233111,700,1
57,Female,Kochi,Semi-Urban,240495,621,0
45,Male,Kochi,Semi-Urban,589379,728,1
21,Female,Mumbai,Urban,494821,652,0
35,Male,Chennai,Urban,1015789,649,1
29,Female,Mumbai,Urban,549323,634,1
35,Female,Madurai,Semi-Urban,827029,761,1
44,Female,Coimbatore,Semi-Urban,610327,659,1
24,Female,Pune,Urban,359684,633,0
32,Female,Hyderabad,Urban,247473,742,1
57,Male,Hyderabad,Urban,327249,600,0
57,Female,Bengaluru,Urban,665584,683,1
63,Male,Pune,Urban,919424,645,1
26,Male,Hyderabad,Urban,417265,710,1
59,Male,Mumbai,Urban,767569,658,1
44,Female,Madurai,Semi-Urban,563655,609,0
31,Male,Delhi,Urban,387030,687,1
33,Male,Delhi,Urban,670922,657,1
54,Male,Chennai,Urban,918287,722,1
45,Female,Mumbai,Urban,584907,683,1
27,Male,Madurai,Semi-Urban,765909,787,1
24,Male,Delhi,Urban,661729,652,1
28,Male,Chennai,Urban,662073,738,1
40,Female,Bengaluru,Urban,439379,662,1
49,Female,Hyderabad,Urban,698163,673,1
30,Female,Delhi,Urban,307648,717,1
63,Female,Bengaluru,Urban,672268,632,0
54,Male,Delhi,Urban,874506,739,1
46,Female,Delhi,Urban,960786,714,1
61,Male,Coimbatore,Semi-Urban,391546,719,0
23,Male,Bengaluru,Urban,688346,726,1
26,Male,Coimbatore,Semi-Urban,458942,708,0
25,Male,Delhi,Urban,628103,714,1
25,Female,Hyderabad,Urban,984432,745,1
43,Male,Pune,Urban,775550,680,1
29,Female,Chennai,Urban,469509,671,1
55,Male,Delhi,Urban,458236,704,1
40,Male,Hyderabad,Urban,603392,685,1
62,Male,Delhi,Urban,616998,726,1
55,Female,Delhi,Urban,626579,773,1
38,Female,Bengaluru,Urban,302158,632,0
37,Male,Kochi,Semi-Urban,999820,684,1
44,Male,Kochi,Semi-Urban,1019577,626,1
23,Male,Trivandrum,Semi-Urban,695866,669,1
52,Female,Bengaluru,Urban,425971,672,0
55,Female,Hyderabad,Urban,474605,660,0
58,Male,Kochi,Semi-Urban,411614,725,0
33,Female,Bengaluru,Urban,393568,697,1
45,Male,Kochi,Semi-Urban,473188,650,0
29,Male,Bengaluru,Urban,684463,725,1
24,Female,Hyderabad,Urban,625692,674,1
34,Male,Coimbatore,Semi-Urban,904843,653,1
57,Male,Coimbatore,Semi-Urban,295354,629,0
54,Male,Kochi,Semi-Urban,423829,606,0
31,Male,Madurai,Semi-Urban,199976,656,1
61,Female,Trivandrum,Semi-Urban,628937,682,0
23,Female,Delhi,Urban,920128,726,1
48,Female,Pune,Urban,505510,577,0
49,Male,Trivandrum,Semi-Urban,873085,773,1
29,Male,Delhi,Urban,738753,641,1
23,Male,Mumbai,Urban,773355,660,1
45,Male,Madurai,Semi-Urban,717180,662,1
54,Female,Hyderabad,Urban,960643,648,0
32,Female,Bengaluru,Urban,559959,664,1
62,Male,Chennai,Urban,737359,668,1
29,Female,Bengaluru,Urban,969096,672,1
35,Female,Hyderabad,Urban,395338,759,1
60,Male,Coimbatore,Semi-Urban,556969,643,0
45,Female,Kochi,Semi-Urban,714955,771,1
25,Male,Chennai,Urban,428258,707,1
31,Male,Coimbatore,Semi-Urban,419857,602,0
54,Male,Mumbai,Urban,1005993,638,1
44,Male,Delhi,Urban,437591,632,1
35,Male,Hyderabad,Urban,526715,678,1
58,Male,Madurai,Semi-Urban,643184,745,1
28,Male,Hyderabad,Urban,685741,720,1
25,Female,Bengaluru,Urban,490953,629,0
46,Female,Hyderabad,Urban,558419,740,1
38,Female,Trivandrum,Semi-Urban,399635,627,0
26,Male,Kochi,Semi-Urban,489249,635,0
57,Male,Chennai,Urban,739066,732,1
33,Male,Bengaluru,Urban,781290,731,1
48,Male,Kochi,Semi-Urban,803633,720,1
25,Male,Kochi,Semi-Urban,599029,681,1
33,Female,Hyderabad,Urban,560655,676,1
37,Female,Coimbatore,Semi-Urban,338449,621,0
60,Female,Pune,Urban,528821,679,1
52,Male,Chennai,Urban,634686,646,1
49,Male,Delhi,Urban,817620,671,1
23,Female,Bengaluru,Urban,213366,794,0
60,Male,Trivandrum,Semi-Urban,532632,696,1
54,Male,Mumbai,Urban,146835,624,0
60,Male,Chennai,Urban,279257,742,1
47,Male,Trivandrum,Semi-Urban,863492,747,1
33,Male,Coimbatore,Semi-Urban,339652,751,1
53,Female,Bengaluru,Urban,621614,656,1
26,Female,Bengaluru,Urban,805235,674,1
44,Male,Hyderabad,Urban,506389,616,1
39,Male,Kochi,Semi-Urban,355178,757,1
36,Female,Coimbatore,Semi-Urban,623830,686,1
60,Male,Delhi,Urban,911966,611,1
48,Male,Delhi,Urban,798551,762,1
53,Male,Coimbatore,Semi-Urban,550324,646,0
61,Male,Delhi,Urban,488598,660,1
33,Female,Kochi,Semi-Urban,831280,627,0
63,Female,Delhi,Urban,307712,619,0
45,Male,Madurai,Semi-Urban,787395,699,1
62,Male,Chennai,Urban,493897,645,0
56,Male,Chennai,Urban,302567,603,0
47,Male,Bengaluru,Urban,246698,729,1
58,Female,Coimbatore,Semi-Urban,927021,705,0
27,Female,Mumbai,Urban,559773,769,1
25,Male,Hyderabad,Urban,421152,661,1
63,Female,Pune,Urban,591259,682,1
51,Female,Pune,Urban,485546,690,0
43,Female,Pune,Urban,492331,686,1
62,Male,Bengaluru,Urban,500748,692,1
30,Male,Madurai,Semi-Urban,601660,663,1
52,Female,Hyderabad,Urban,751483,589,0
63,Male,Bengaluru,Urban,294215,694,1
50,Female,Mumbai,Urban,870089,708,1
59,Female,Mumbai,Urban,411001,663,0
51,Female,Bengaluru,Urban,651237,804,1
38,Male,Delhi,Urban,588370,656,1
56,Female,Coimbatore,Semi-Urban,438616,648,0
22,Male,Hyderabad,Urban,827063,702,1
34,Female,Hyderabad,Urban,441167,691,1
33,Male,Hyderabad,Urban,883760,601,1
49,Male,Pune,Urban,733604,719,1
32,Female,Bengaluru,Urban,450095,657,1
59,Male,Mumbai,Urban,360311,741,1
22,Male,Chennai,Urban,813038,699,1
52,Female,Madurai,Semi-Urban,371781,668,0
33,Male,Bengaluru,Urban,573374,743,1
47,Female,Mumbai,Urban,739360,652,1
61,Male,Mumbai,Urban,692714,613,1
37,Female,Madurai,Semi-Urban,559431,611,0
60,Female,Chennai,Urban,454069,692,0
51,Male,Kochi,Semi-Urban,744419,771,1
54,Male,Bengaluru,Urban,223809,672,1
44,Male,Pune,Urban,651910,717,1
55,Male,Delhi,Urban,340664,695,1
26,Male,Kochi,Semi-Urban,424553,659,0
39,Female,Mumbai,Urban,673665,597,1
50,Male,Hyderabad,Urban,450073,688,1
27,Male,Chennai,Urban,831459,720,1
30,Female,Delhi,Urban,741287,702,1
61,Male,Pune,Urban,460498,663,1
52,Male,Hyderabad,Urban,554947,653,1
54,Male,Madurai,Semi-Urban,379276,648,0
48,Male,Bengaluru,Urban,694595,647,1
35,Female,Pune,Urban,913626,682,1
50,Female,Hyderabad,Urban,360975,672,0
57,Male,Hyderabad,Urban,637681,705,1
49,Male,Mumbai,Urban,664689,631,1
42,Male,Trivandrum,Semi-Urban,349992,678,1
24,Male,Trivandrum,Semi-Urban,398319,678,0
40,Female,Mumbai,Urban,238333,654,1
52,Male,Delhi,Urban,712170,695,1
56,Male,Bengaluru,Urban,528062,635,1
24,Male,Hyderabad,Urban,454874,739,1
47,Female,Hyderabad,Urban,1012863,701,1
37,Female,Delhi,Urban,239596,707,1
32,Female,Delhi,Urban,857004,676,1
42,Female,Trivandrum,Semi-Urban,169186,663,0
37,Male,Trivandrum,Semi-Urban,495850,643,0
30,Male,Chennai,Urban,260291,638,1
21,Male,Coimbatore,Semi-Urban,435996,603,0
42,Female,Bengaluru,Urban,491821,684,1
46,Female,Trivandrum,Semi-Urban,458051,714,0
38,Male,Bengaluru,Urban,650013,618,1
34,Female,Trivandrum,Semi-Urban,775542,746,1
49,Female,Delhi,Urban,577370,601,0
32,Female,Mumbai,Urban,664677,722,1
56,Male,Trivandrum,Semi-Urban,912197,637,0
55,Female,Bengaluru,Urban,460401,733,0
32,Male,Chennai,Urban,780774,718,1
27,Female,Kochi,Semi-Urban,1105117,812,0
49,Female,Coimbatore,Semi-Urban,962827,648,0
31,Male,Hyderabad,Urban,925864,568,1
53,Female,Chennai,Urban,745622,585,0
26,Female,Delhi,Urban,830232,669,1
35,Male,Kochi,Semi-Urban,503230,688,1
52,Male,Mumbai,Urban,583726,644,1
31,Male,Madurai,Semi-Urban,560479,698,1
43,Female,Delhi,Urban,467331,724,1
46,Female,Bengaluru,Urban,629315,709,1
54,Male,Chennai,Urban,495064,678,1
54,Male,Mumbai,Urban,612447,637,1
49,Male,Trivandrum,Semi-Urban,323850,721,0
24,Male,Chennai,Urban,493311,749,1
37,Male,Pune,Urban,863126,649,1
55,Male,Hyderabad,Urban,638990,621,1
33,Male,Delhi,Urban,866941,737,1
61,Male,Bengaluru,Urban,478884,696,1
59,Female,Madurai,Semi-Urban,550340,695,0
35,Female,Coimbatore,Semi-Urban,642986,765,1
49,Female,Chennai,Urban,561062,590,0
49,Female,Pune,Urban,321144,669,0
31,Male,Hyderabad,Urban,713370,698,1
52,Male,Trivandrum,Semi-Urban,402882,780,0
22,Male,Coimbatore,Semi-Urban,597915,677,1
34,Female,Trivandrum,Semi-Urban,173903,655,0
40,Female,Madurai,Semi-Urban,470281,690,0
42,Female,Madurai,Semi-Urban,574751,716,1
31,Female,Pune,Urban,712262,739,1
47,Female,Chennai,Urban,352913,753,0
23,Male,Hyderabad,Urban,421762,584,0
37,Male,Kochi,Semi-Urban,952858,641,1
64,Male,Trivandrum,Semi-Urban,993044,723,1
48,Male,Delhi,Urban,702941,693,1
49,Female,Bengaluru,Urban,855928,701,1
41,Male,Coimbatore,Semi-Urban,521019,648,1
36,Male,Pune,Urban,730663,692,1
57,Male,Mumbai,Urban,720613,668,1
40,Male,Chennai,Urban,411680,703,1
26,Male,Bengaluru,Urban,639301,705,1
39,Male,Chennai,Urban,540931,696,1
25,Male,Trivandrum,Semi-Urban,673567,693,1
23,Female,Madurai,Semi-Urban,492982,671,0
21,Male,Bengaluru,Urban,309026,759,1
58,Female,Delhi,Urban,603451,735,1
35,Female,Trivandrum,Semi-Urban,766122,682,1
54,Female,Hyderabad,Urban,766152,722,1
55,Female,Delhi,Urban,244759,781,0
45,Male,Trivandrum,Semi-Urban,636487,634,1
44,Male,Coimbatore,Semi-Urban,737713,645,1
32,Male,Mumbai,Urban,627406,684,1
38,Male,Trivandrum,Semi-Urban,772931,695,1
35,Female,Hyderabad,Urban,317888,653,1
64,Female,Chennai,Urban,370999,715,0
36,Male,Chennai,Urban,717870,675,1
47,Male,Hyderabad,Urban,530344,734,1
28,Male,Bengaluru,Urban,834595,646,1
45,Female,Hyderabad,Urban,661360,637,1
37,Female,Kochi,Semi-Urban,420920,670,0
49,Female,Kochi,Semi-Urban,410844,672,0
28,Female,Bengaluru,Urban,224647,635,0
35,Male,Hyderabad,Urban,737495,685,1
47,Male,Delhi,Urban,576653,647,1
27,Male,Hyderabad,Urban,783266,774,1
23,Male,Mumbai,Urban,651548,677,1
49,Female,Trivandrum,Semi-Urban,622901,698,0
64,Male,Bengaluru,Urban,763080,617,1
44,Female,Hyderabad,Urban,580417,707,1
23,Male,Bengaluru,Urban,533527,639,1
40,Male,Bengaluru,Urban,599977,725,1
35,Male,Pune,Urban,768349,602,1
45,Male,Hyderabad,Urban,411633,678,1
50,Female,Delhi,Urban,784943,731,1
34,Male,Trivandrum,Semi-Urban,612672,688,1
27,Female,Bengaluru,Urban,523184,673,1
37,Female,Chennai,Urban,636649,746,1
64,Male,Coimbatore,Semi-Urban,835278,638,0
40,Female,Madurai,Semi-Urban,833793,621,0
56,Male,Hyderabad,Urban,678416,627,1
29,Female,Hyderabad,Urban,725196,629,1
58,Female,Trivandrum,Semi-Urban,608646,700,0
42,Female,Hyderabad,Urban,483042,664,1
22,Male,Bengaluru,Urban,688981,729,1
44,Male,Chennai,Urban,510238,703,1
28,Male,Hyderabad,Urban,394697,698,1
31,Male,Bengaluru,Urban,515532,593,1
33,Female,Mumbai,Urban,271583,708,1
37,Female,Trivandrum,Semi-Urban,352295,742,0
28,Male,Delhi,Urban,1005821,685,1
41,Male,Bengaluru,Urban,825192,631,1
38,Male,Mumbai,Urban,551970,602,1
50,Male,Trivandrum,Semi-Urban,704427,729,1
38,Male,Bengaluru,Urban,409895,685,1
51,Male,Bengaluru,Urban,732318,612,1
58,Female,Hyderabad,Urban,652244,699,1
52,Male,Chennai,Urban,459010,678,1
31,Male,Pune,Urban,535344,759,1
45,Female,Delhi,Urban,521462,639,1
53,Male,Hyderabad,Urban,770000,698,1
58,Female,Trivandrum,Semi-Urban,583725,739,0
61,Female,Hyderabad,Urban,284371,703,0
28,Female,Bengaluru,Urban,510220,672,1
31,Male,Chennai,Urban,443526,663,1
42,Male,Kochi,Semi-Urban,304407,664,1
44,Female,Bengaluru,Urban,447762,654,1
61,Female,Hyderabad,Urban,168299,644,0
37,Male,Chennai,Urban,413843,736,1
32,Male,Chennai,Urban,639220,732,1
52,Male,Kochi,Semi-Urban,690746,716,1
35,Male,Coimbatore,Semi-Urban,700690,691,1
36,Male,Trivandrum,Semi-Urban,791470,689,1
42,Male,Kochi,Semi-Urban,837522,601,1
48,Male,Madurai,Semi-Urban,395093,714,0
40,Female,Bengaluru,Urban,324667,680,1
53,Male,Chennai,Urban,608517,620,1
30,Female,Mumbai,Urban,709321,732,1
60,Female,Hyderabad,Urban,432933,671,0
52,Male,Mumbai,Urban,652928,717,1
53,Female,Chennai,Urban,964506,701,1
22,Female,Bengaluru,Urban,332750,634,0
53,Male,Mumbai,Urban,601182,717,1
53,Male,Pune,Urban,807750,646,1
61,Male,Mumbai,Urban,560444,596,1
33,Female,Bengaluru,Urban,682573,717,1
50,Female,Trivandrum,Semi-Urban,782022,690,0
53,Male,Hyderabad,Urban,539660,685,1
33,Female,Chennai,Urban,387766,717,1
46,Male,Hyderabad,Urban,579828,622,1
42,Male,Trivandrum,Semi-Urban,381062,632,0
59,Female,Coimbatore,Semi-Urban,489918,624,0
22,Male,Delhi,Urban,688389,656,1
58,Female,Hyderabad,Urban,636226,696,1
59,Female,Hyderabad,Urban,799565,781,1
46,Female,Bengaluru,Urban,646402,667,1
35,Male,Pune,Urban,444063,688,1
54,Female,Kochi,Semi-Urban,400657,608,0
62,Female,Bengaluru,Urban,725559,652,1
64,Male,Kochi,Semi-Urban,648043,577,0
60,Male,Mumbai,Urban,561579,793,1
31,Male,Pune,Urban,667763,585,1
23,Female,Coimbatore,Semi-Urban,459148,654,0
26,Female,Chennai,Urban,110899,672,0
29,Male,Trivandrum,Semi-Urban,808554,768,1
26,Female,Mumbai,Urban,729785,691,1
29,Male,Chennai,Urban,582606,609,1
59,Female,Trivandrum,Semi-Urban,420269,664,0
51,Male,Delhi,Urban,557295,683,1
52,Male,Bengaluru,Urban,254066,647,0
61,Male,Kochi,Semi-Urban,622901,642,0
32,Male,Kochi,Semi-Urban,212823,639,0
28,Female,Bengaluru,Urban,621322,640,1
28,Male,Hyderabad,Urban,458923,633,1
48,Male,Delhi,Urban,570480,635,1
40,Male,Bengaluru,Urban,372162,662,1
27,Male,Madurai,Semi-Urban,901635,716,1
31,Female,Bengaluru,Urban,672099,615,1
40,Female,Bengaluru,Urban,462298,638,0
36,Male,Bengaluru,Urban,564104,681,1
24,Male,Delhi,Urban,921216,705,1
26,Male,Kochi,Semi-Urban,410045,753,0
42,Female,Mumbai,Urban,377540,714,1
46,Female,Hyderabad,Urban,368977,686,0
23,Female,Coimbatore,Semi-Urban,463744,677,0
61,Female,Bengaluru,Urban,899011,672,1
62,Female,Hyderabad,Urban,488026,620,0
34,Female,Bengaluru,Urban,516594,698,1
31,Male,Bengaluru,Urban,640330,657,1
38,Male,Hyderabad,Urban,593768,686,1
32,Male,Chennai,Urban,793895,632,1
43,Male,Chennai,Urban,764257,674,1
32,Female,Coimbatore,Semi-Urban,665456,632,0
33,Male,Chennai,Urban,554041,705,1
45,Male,Coimbatore,Semi-Urban,791963,666,1
39,Male,Kochi,Semi-Urban,442557,687,1
56,Male,Hyderabad,Urban,429750,656,1
28,Male,Delhi,Urban,518411,713,1
49,Female,Mumbai,Urban,832349,696,1
52,Female,Bengaluru,Urban,432616,637,0
64,Female,Madurai,Semi-Urban,479924,633,0
38,Male,Delhi,Urban,634794,722,1
26,Male,Madurai,Semi-Urban,588670,564,0
38,Male,Coimbatore,Semi-Urban,524111,747,1
39,Female,Bengaluru,Urban,693407,642,1
42,Male,Chennai,Urban,505377,711,1
57,Male,Bengaluru,Urban,811206,697,1
52,Female,Coimbatore,Semi-Urban,647483,660,0
61,Male,Madurai,Semi-Urban,803297,693,1
23,Male,Delhi,Urban,441873,681,1
48,Male,Bengaluru,Urban,570354,717,1
30,Male,Bengaluru,Urban,220522,640,1
55,Male,Coimbatore,Semi-Urban,867420,712,1
49,Male,Pune,Urban,1058777,582,1
35,Female,Chennai,Urban,542374,708,1
53,Female,Bengaluru,Urban,674545,678,1
27,Male,Hyderabad,Urban,622647,702,1
32,Female,Bengaluru,Urban,341588,708,1
50,Male,Coimbatore,Semi-Urban,849493,751,1
41,Male,Mumbai,Urban,545081,684,1
51,Male,Kochi,Semi-Urban,190337,635,0
44,Female,Mumbai,Urban,456824,769,1
40,Male,Hyderabad,Urban,321122,696,1
57,Female,Chennai,Urban,624443,721,1
24,Female,Coimbatore,Semi-Urban,623244,659,0
48,Male,Trivandrum,Semi-Urban,837232,658,1
64,Female,Hyderabad,Urban,965961,685,1
40,Female,Hyderabad,Urban,982289,706,1
44,Male,Bengaluru,Urban,394928,693,1
52,Male,Bengaluru,Urban,723852,630,1
61,Female,Kochi,Semi-Urban,759369,756,0
56,Female,Delhi,Urban,495302,620,0
54,Male,Mumbai,Urban,657424,696,1
56,Male,Coimbatore,Semi-Urban,679863,681,1
22,Male,Mumbai,Urban,502980,806,1
35,Male,Hyderabad,Urban,856389,658,1
54,Male,Chennai,Urban,647024,618,1
56,Female,Coimbatore,Semi-Urban,565666,712,0
26,Female,Delhi,Urban,355287,654,0
59,Male,Bengaluru,Urban,830265,733,1
62,Female,Kochi,Semi-Urban,614994,723,0
32,Female,Mumbai,Urban,615657,715,1
23,Male,Coimbatore,Semi-Urban,430774,641,0
38,Male,Madurai,Semi-Urban,778759,723,1
60,Male,Delhi,Urban,373048,795,1
41,Female,Trivandrum,Semi-Urban,158385,661,0
35,Male,Bengaluru,Urban,458249,670,1
53,Female,Delhi,Urban,669404,672,1
55,Male,Trivandrum,Semi-Urban,667679,664,1
46,Male,Mumbai,Urban,628098,686,1
28,Male,Delhi,Urban,565581,681,1
56,Male,Madurai,Semi-Urban,631723,677,1
50,Female,Chennai,Urban,1172059,635,0
43,Female,Bengaluru,Urban,649956,739,1
62,Male,Trivandrum,Semi-Urban,515519,698,1
64,Female,Coimbatore,Semi-Urban,579060,728,0
34,Female,Madurai,Semi-Urban,558520,709,1
34,Male,Kochi,Semi-Urban,613863,547,1
22,Female,Coimbatore,Semi-Urban,417702,725,0
57,Male,Trivandrum,Semi-Urban,759787,720,1
25,Male,Bengaluru,Urban,659372,692,1
58,Male,Trivandrum,Semi-Urban,442177,788,0
61,Female,Chennai,Urban,803953,732,1
34,Male,Chennai,Urban,219466,730,1
59,Female,Mumbai,Urban,1030514,595,0
45,Female,Hyderabad,Urban,977040,747,1
40,Male,Hyderabad,Urban,945028,713,1
22,Male,Chennai,Urban,500694,612,1
59,Male,Hyderabad,Urban,648134,695,1
26,Male,Bengaluru,Urban,475635,595,0
37,Male,Mumbai,Urban,686135,714,1
45,Male,Trivandrum,Semi-Urban,603673,689,1
48,Male,Madurai,Semi-Urban,507949,650,0
22,Male,Coimbatore,Semi-Urban,505818,715,1
55,Male,Mumbai,Urban,616497,642,1
57,Male,Trivandrum,Semi-Urban,1187238,686,1
25,Female,Hyderabad,Urban,861106,735,1
21,Female,Bengaluru,Urban,617133,662,1
60,Male,Kochi,Semi-Urban,563762,632,0
32,Male,Kochi,Semi-Urban,724599,734,1
56,Male,Coimbatore,Semi-Urban,477410,685,0
43,Male,Kochi,Semi-Urban,554388,780,1
51,Male,Chennai,Urban,209690,705,1
31,Female,Madurai,Semi-Urban,618170,718,1
30,Female,Kochi,Semi-Urban,623255,698,1
23,Male,Coimbatore,Semi-Urban,491240,707,0
34,Female,Coimbatore,Semi-Urban,690277,710,1
36,Male,Hyderabad,Urban,624893,713,1
30,Male,Bengaluru,Urban,493641,624,1
49,Male,Chennai,Urban,764609,637,1
30,Male,Bengaluru,Urban,564063,713,1
32,Male,Chennai,Urban,390501,684,1
50,Male,Mumbai,Urban,247742,641,0
61,Male,Madurai,Semi-Urban,887081,695,1
21,Male,Madurai,Semi-Urban,625183,760,1
25,Female,Trivandrum,Semi-Urban,616703,689,0
40,Female,Bengaluru,Urban,591240,701,1
28,Male,Hyderabad,Urban,843606,702,1
63,Male,Kochi,Semi-Urban,628521,649,0
32,Male,Bengaluru,Urban,909606,677,1
21,Female,Coimbatore,Semi-Urban,629161,575,0
40,Male,Madurai,Semi-Urban,65058,632,0
48,Male,Hyderabad,Urban,853376,676,1
63,Male,Trivandrum,Semi-Urban,663054,620,0
57,Male,Bengaluru,Urban,498619,678,1
57,Male,Trivandrum,Semi-Urban,548656,665,1
32,Female,Bengaluru,Urban,538451,746,1
57,Female,Chennai,Urban,351694,781,0
64,Male,Trivandrum,Semi-Urban,775444,677,1
48,Male,Trivandrum,Semi-Urban,510827,698,1
35,Male,Kochi,Semi-Urban,426373,740,1
26,Male,Mumbai,Urban,1459771,679,1
64,Female,Kochi,Semi-Urban,369391,701,0
40,Male,Coimbatore,Semi-Urban,582442,610,1
34,Male,Pune,Urban,139899,705,1
22,Male,Madurai,Semi-Urban,850859,743,1
29,Female,Coimbatore,Semi-Urban,543510,624,0
57,Female,Trivandrum,Semi-Urban,763383,597,0
40,Male,Delhi,Urban,411345,744,1
46,Male,Bengaluru,Urban,276865,664,1
49,Male,Chennai,Urban,450802,640,0
21,Female,Coimbatore,Semi-Urban,869095,684,0
55,Male,Coimbatore,Semi-Urban,715438,652,1
26,Male,Kochi,Semi-Urban,276710,628,0
57,Male,Mumbai,Urban,116086,603,0
25,Female,Bengaluru,Urban,535756,770,1
53,Male,Hyderabad,Urban,818474,763,1
34,Male,Mumbai,Urban,448296,667,1
32,Male,Mumbai,Urban,815262,810,1
62,Female,Pune,Urban,625394,746,1
40,Female,Bengaluru,Urban,950553,677,1
44,Female,Delhi,Urban,464257,793,1
63,Male,Hyderabad,Urban,587991,577,1
54,Male,Pune,Urban,468961,669,1
45,Female,Madurai,Semi-Urban,797070,767,1
49,Male,Mumbai,Urban,718163,662,1
59,Female,Pune,Urban,260312,738,0
51,Female,Delhi,Urban,738434,630,0
63,Male,Chennai,Urban,302198,646,0
43,Male,Delhi,Urban,417754,699,1
64,Female,Chennai,Urban,749138,713,1
58,Female,Kochi,Semi-Urban,349107,690,0
40,Male,Pune,Urban,525716,659,1
43,Male,Coimbatore,Semi-Urban,751877,633,1
36,Male,Hyderabad,Urban,683041,798,1
62,Male,Hyderabad,Urban,671344,697,1
28,Male,Bengaluru,Urban,758359,735,1
41,Male,Hyderabad,Urban,861404,729,1
21,Female,Bengaluru,Urban,351894,656,0
28,Female,Mumbai,Urban,666649,682,1
49,Female,Trivandrum,Semi-Urban,792903,641,0
52,Male,Trivandrum,Semi-Urban,753570,718,1
58,Male,Bengaluru,Urban,568134,672,1
25,Female,Hyderabad,Urban,556579,761,1
42,Male,Hyderabad,Urban,764866,599,1
54,Male,Bengaluru,Urban,642805,705,1
21,Male,Hyderabad,Urban,818826,807,1
46,Female,Hyderabad,Urban,621973,643,0
63,Female,Kochi,Semi-Urban,525288,688,0
30,Male,Madurai,Semi-Urban,247306,662,1
50,Female,Mumbai,Urban,553912,724,1
38,Male,Trivandrum,Semi-Urban,353809,579,0
37,Male,Bengaluru,Urban,234091,619,1
46,Female,Madurai,Semi-Urban,426890,630,0
28,Female,Chennai,Urban,740622,724,1
60,Male,Chennai,Urban,551629,671,1
32,Male,Bengaluru,Urban,635635,648,1
47,Female,Hyderabad,Urban,734719,700,1
28,Female,Delhi,Urban,592838,691,1
45,Female,Pune,Urban,462397,670,1
24,Male,Coimbatore,Semi-Urban,510778,655,1
53,Female,Hyderabad,Urban,754485,634,0
21,Female,Delhi,Urban,594757,751,1
39,Male,Kochi,Semi-Urban,91155,754,1
51,Female,Coimbatore,Semi-Urban,529370,614,0
36,Male,Trivandrum,Semi-Urban,706334,660,1
34,Male,Delhi,Urban,636575,702,1
25,Female,Kochi,Semi-Urban,395891,635,0
61,Male,Trivandrum,Semi-Urban,450782,717,0
46,Male,Bengaluru,Urban,210272,690,1
48,Female,Chennai,Urban,709873,721,1
22,Male,Kochi,Semi-Urban,724359,795,1
26,Male,Madurai,Semi-Urban,573321,596,0
29,Female,Mumbai,Urban,529936,753,1
53,Male,Pune,Urban,383705,653,1
61,Male,Chennai,Urban,666474,715,1
45,Male,Mumbai,Urban,271563,708,1
33,Male,Hyderabad,Urban,755365,750,1
29,Female,Pune,Urban,715835,685,1
33,Female,Hyderabad,Urban,833636,641,1
51,Male,Mumbai,Urban,610069,694,1
61,Female,Chennai,Urban,496001,766,0
31,Male,Delhi,Urban,686436,699,1
24,Male,Madurai,Semi-Urban,756183,653,1
54,Female,Hyderabad,Urban,368462,674,0
58,Female,Coimbatore,Semi-Urban,586153,694,0
24,Male,Madurai,Semi-Urban,653072,688,1
58,Male,Bengaluru,Urban,696260,681,1
39,Male,Trivandrum,Semi-Urban,529540,731,1
26,Male,Chennai,Urban,726203,783,1
54,Male,Chennai,Urban,407961,729,1
38,Female,Delhi,Urban,1003608,713,1
33,Male,Trivandrum,Semi-Urban,475124,734,1
61,Female,Mumbai,Urban,681554,714,1
43,Male,Bengaluru,Urban,489492,689,1
39,Male,Madurai,Semi-Urban,619597,653,1
31,Male,Trivandrum,Semi-Urban,384151,653,1
21,Male,Hyderabad,Urban,815114,681,1
44,Female,Mumbai,Urban,436522,697,1
27,Male,Bengaluru,Urban,616318,739,1
45,Male,Hyderabad,Urban,587224,677,1
41,Female,Delhi,Urban,459667,665,1
35,Female,Delhi,Urban,90964,696,1
21,Male,Chennai,Urban,811880,703,1
32,Male,Coimbatore,Semi-Urban,628876,653,1
27,Female,Hyderabad,Urban,251939,646,0
35,Female,Delhi,Urban,217342,714,1
41,Female,Hyderabad,Urban,535589,676,1
39,Male,Mumbai,Urban,583506,741,1
49,Female,Chennai,Urban,557007,696,1
45,Male,Kochi,Semi-Urban,888787,678,1
53,Male,Mumbai,Urban,266086,623,0
52,Female,Bengaluru,Urban,642458,682,1
55,Male,Bengaluru,Urban,729126,633,1
64,Male,Mumbai,Urban,724893,618,1
58,Male,Chennai,Urban,778770,758,1
46,Male,Delhi,Urban,623381,658,1
31,Female,Mumbai,Urban,649225,727,1
55,Female,Kochi,Semi-Urban,534031,627,0
28,Male,Pune,Urban,298073,647,1
34,Male,Delhi,Urban,665758,642,1
30,Female,Coimbatore,Semi-Urban,519471,716,1
22,Female,Trivandrum,Semi-Urban,451200,704,0
29,Male,Pune,Urban,674498,616,1
23,Female,Chennai,Urban,692292,611,0
41,Female,Coimbatore,Semi-Urban,458857,706,0
46,Male,Madurai,Semi-Urban,650001,748,1
28,Male,Mumbai,Urban,583754,745,1
22,Male,Hyderabad,Urban,637977,643,1
26,Female,Pune,Urban,850713,660,1
48,Male,Kochi,Semi-Urban,688506,706,1
49,Male,Hyderabad,Urban,673391,709,1
46,Male,Coimbatore,Semi-Urban,422957,692,0
45,Female,Hyderabad,Urban,451130,661,1
32,Male,Chennai,Urban,696310,703,1
25,Female,Delhi,Urban,282468,688,0
54,Female,Delhi,Urban,528721,690,1
57,Male,Coimbatore,Semi-Urban,447349,724,0
35,Male,Mumbai,Urban,571558,735,1
64,Male,Coimbatore,Semi-Urban,556870,697,1
56,Female,Hyderabad,Urban,626115,694,1
35,Male,Delhi,Urban,693028,672,1
63,Male,Chennai,Urban,793321,686,1
43,Male,Hyderabad,Urban,808359,717,1
26,Male,Madurai,Semi-Urban,552576,704,1
64,Female,Chennai,Urban,481817,652,0
63,Female,Coimbatore,Semi-Urban,442446,650,0
41,Female,Hyderabad,Urban,535520,648,1
43,Male,Bengaluru,Urban,402433,737,1
63,Male,Bengaluru,Urban,693930,596,1
36,Female,Trivandrum,Semi-Urban,804692,612,0
35,Male,Chennai,Urban,295075,649,1
45,Female,Kochi,Semi-Urban,601897,717,1
56,Male,Trivandrum,Semi-Urban,911190,666,1
31,Male,Hyderabad,Urban,303678,638,1
35,Female,Mumbai,Urban,895446,697,1
24,Female,Mumbai,Urban,428039,700,0
41,Female,Pune,Urban,478563,719,1
33,Male,Hyderabad,Urban,723512,748,1
42,Male,Chennai,Urban,701515,741,1
39,Male,Hyderabad,Urban,578918,707,1
54,Female,Kochi,Semi-Urban,447312,675,0
34,Female,Trivandrum,Semi-Urban,351216,701,0
24,Male,Pune,Urban,584671,659,1
47,Female,Madurai,Semi-Urban,557540,724,0
49,Female,Hyderabad,Urban,441545,655,0
48,Female,Mumbai,Urban,548892,642,0
55,Male,Trivandrum,Semi-Urban,650178,727,1
28,Male,Madurai,Semi-Urban,813973,607,1
36,Female,Hyderabad,Urban,639012,650,1
62,Male,Mumbai,Urban,564876,710,1
56,Female,Madurai,Semi-Urban,435311,675,0
50,Female,Hyderabad,Urban,451106,673,0
38,Female,Mumbai,Urban,643289,627,1
22,Male,Madurai,Semi-Urban,654149,631,0
33,Male,Coimbatore,Semi-Urban,555550,670,1
24,Male,Chennai,Urban,781015,604,1
46,Male,Hyderabad,Urban,611767,679,1
45,Male,Hyderabad,Urban,502722,736,1
50,Male,Madurai,Semi-Urban,468991,732,0
31,Male,Pune,Urban,455571,706,1
27,Male,Coimbatore,Semi-Urban,696005,689,1
51,Male,Mumbai,Urban,475731,675,1
64,Male,Bengaluru,Urban,621513,682,1
30,Male,Trivandrum,Semi-Urban,430302,637,0
59,Female,Hyderabad,Urban,566594,651,1
33,Male,Kochi,Semi-Urban,589092,604,1
51,Male,Delhi,Urban,1072828,722,1
27,Female,Mumbai,Urban,338579,674,0
62,Female,Pune,Urban,761732,770,1
62,Male,Bengaluru,Urban,446286,653,1
56,Female,Trivandrum,Semi-Urban,869948,679,0
40,Female,Mumbai,Urban,460394,711,1
24,Female,Trivandrum,Semi-Urban,807247,698,0
27,Male,Kochi,Semi-Urban,644348,676,1
21,Female,Bengaluru,Urban,333725,759,0
64,Male,Hyderabad,Urban,639745,638,1
62,Male,Chennai,Urban,703117,708,1
33,Female,Chennai,Urban,717529,660,1
42,Male,Trivandrum,Semi-Urban,552612,673,1
41,Female,Chennai,Urban,1118925,691,1
42,Male,Mumbai,Urban,989217,674,1
48,Female,Chennai,Urban,667626,672,1
29,Male,Delhi,Urban,336773,610,1
46,Male,Trivandrum,Semi-Urban,399942,720,0
29,Male,Hyderabad,Urban,546206,610,1
35,Male,Delhi,Urban,580797,744,1
30,Male,Coimbatore,Semi-Urban,434776,675,1
44,Female,Bengaluru,Urban,491253,721,1
62,Male,Trivandrum,Semi-Urban,202229,570,0
28,Female,Hyderabad,Urban,167740,678,1
44,Male,Bengaluru,Urban,602751,679,1
36,Male,Delhi,Urban,918478,640,1
46,Female,Chennai,Urban,289781,718,0
47,Male,Coimbatore,Semi-Urban,557325,652,1
57,Female,Bengaluru,Urban,596301,640,0
24,Female,Bengaluru,Urban,674550,663,1
44,Male,Delhi,Urban,497924,722,1
39,Female,Delhi,Urban,379965,692,1
56,Female,Trivandrum,Semi-Urban,729155,697,0
59,Male,Chennai,Urban,209176,714,1
30,Female,Coimbatore,Semi-Urban,676357,670,1
45,Male,Pune,Urban,439216,726,1
38,Male,Mumbai,Urban,648769,696,1
39,Female,Trivandrum,Semi-Urban,832101,717,1
56,Female,Delhi,Urban,462731,645,0
30,Female,Bengaluru,Urban,526364,684,1
53,Female,Hyderabad,Urban,515881,722,1
25,Female,Bengaluru,Urban,1055694,762,1
55,Female,Pune,Urban,574404,727,1
64,Male,Chennai,Urban,565228,729,1
54,Male,Kochi,Semi-Urban,582702,609,0
53,Male,Hyderabad,Urban,870578,666,1
41,Female,Kochi,Semi-Urban,472407,707,0
37,Male,Chennai,Urban,758666,618,1
42,Male,Coimbatore,Semi-Urban,448199,699,1
57,Male,Bengaluru,Urban,434324,663,1
35,Female,Madurai,Semi-Urban,674164,666,1
55,Female,Coimbatore,Semi-Urban,842845,683,0
48,Male,Kochi,Semi-Urban,523334,697,1
27,Male,Bengaluru,Urban,521925,716,1
52,Male,Chennai,Urban,727046,626,1
31,Male,Madurai,Semi-Urban,597870,727,1
30,Male,Bengaluru,Urban,736000,711,1
29,Female,Chennai,Urban,274927,667,1
34,Female,Delhi,Urban,392131,727,1
33,Male,Hyderabad,Urban,587674,596,1
45,Male,Chennai,Urban,690364,688,1
22,Male,Delhi,Urban,574027,652,1
55,Male,Hyderabad,Urban,615968,627,1
27,Male,Bengaluru,Urban,721310,605,1
41,Male,Delhi,Urban,350662,711,1
38,Male,Hyderabad,Urban,721274,705,1
23,Female,Trivandrum,Semi-Urban,810123,739,0
62,Female,Bengaluru,Urban,531431,713,1
59,Female,Kochi,Semi-Urban,427773,665,0
61,Male,Mumbai,Urban,777755,815,1
31,Female,Mumbai,Urban,943904,730,1
59,Female,Chennai,Urban,629556,622,0
44,Male,Bengaluru,Urban,423418,673,1
39,Male,Coimbatore,Semi-Urban,598830,691,1
24,Male,Hyderabad,Urban,433250,666,1
46,Male,Kochi,Semi-Urban,743219,782,1
58,Male,Pune,Urban,589877,665,1
62,Male,Delhi,Urban,414407,660,1
52,Male,Mumbai,Urban,639885,717,1
59,Male,Chennai,Urban,468924,686,1
56,Male,Pune,Urban,336988,668,1
60,Female,Kochi,Semi-Urban,751855,788,0
57,Male,Kochi,Semi-Urban,659726,756,1
53,Female,Mumbai,Urban,506169,609,0
56,Male,Coimbatore,Semi-Urban,854414,773,1
23,Male,Trivandrum,Semi-Urban,450652,671,0
29,Male,Hyderabad,Urban,513063,736,1
28,Male,Delhi,Urban,675009,779,1
53,Male,Mumbai,Urban,775253,720,1
26,Male,Bengaluru,Urban,678193,794,1
61,Male,Coimbatore,Semi-Urban,487208,722,0
59,Female,Bengaluru,Urban,552529,711,1
24,Male,Mumbai,Urban,470939,730,1
33,Female,Hyderabad,Urban,533534,618,1
22,Male,Hyderabad,Urban,548676,669,1
25,Female,Mumbai,Urban,683257,626,0
64,Male,Pune,Urban,461997,671,1
47,Female,Mumbai,Urban,790963,702,1
52,Female,Chennai,Urban,595004,672,1
41,Female,Kochi,Semi-Urban,429218,672,0
28,Male,Chennai,Urban,677720,612,1
58,Female,Bengaluru,Urban,575973,653,1
28,Male,Bengaluru,Urban,507983,763,1
23,Female,Bengaluru,Urban,883303,652,1
64,Male,Mumbai,Urban,537469,662,1
23,Male,Mumbai,Urban,509184,691,1
42,Male,Chennai,Urban,792140,698,1
26,Male,Coimbatore,Semi-Urban,700773,673,1
22,Female,Bengaluru,Urban,750884,610,0
43,Female,Madurai,Semi-Urban,487383,707,0
64,Female,Delhi,Urban,643983,776,1
22,Female,Bengaluru,Urban,322723,771,0
58,Female,Pune,Urban,215910,644,0
37,Male,Hyderabad,Urban,481816,700,1
55,Male,Mumbai,Urban,609433,806,1
54,Male,Hyderabad,Urban,1080040,679,1
43,Male,Trivandrum,Semi-Urban,849954,692,1
50,Male,Mumbai,Urban,381300,605,0
28,Male,Bengaluru,Urban,775119,732,1
42,Male,Bengaluru,Urban,330891,693,1
64,Male,Trivandrum,Semi-Urban,906607,635,0
56,Female,Chennai,Urban,498936,714,0
25,Male,Bengaluru,Urban,485086,728,1
33,Male,Mumbai,Urban,804042,645,1
49,Male,Coimbatore,Semi-Urban,488176,596,0
51,Male,Hyderabad,Urban,949653,686,1
36,Male,Hyderabad,Urban,485974,714,1
62,Male,Coimbatore,Semi-Urban,777496,693,1
50,Male,Bengaluru,Urban,623193,737,1
36,Male,Kochi,Semi-Urban,735759,594,1
32,Male,Pune,Urban,398456,629,1
37,Male,Coimbatore,Semi-Urban,233310,691,1
36,Female,Bengaluru,Urban,412252,602,0
32,Male,Hyderabad,Urban,519222,642,1
28,Male,Bengaluru,Urban,560014,653,1
40,Male,Pune,Urban,503188,730,1
23,Female,Pune,Urban,172685,745,0
36,Male,Chennai,Urban,472255,716,1
50,Female,Kochi,Semi-Urban,607910,773,0
43,Female,Coimbatore,Semi-Urban,551329,749,1
48,Male,Chennai,Urban,525129,719,1
60,Male,Chennai,Urban,507982,717,1
25,Male,Bengaluru,Urban,611284,650,1
40,Male,Mumbai,Urban,390557,610,1
60,Male,Madurai,Semi-Urban,550944,644,0
64,Male,Madurai,Semi-Urban,518487,722,1
21,Male,Bengaluru,Urban,350228,664,1
50,Male,Chennai,Urban,563701,710,1
41,Female,Mumbai,Urban,202772,588,0
40,Male,Coimbatore,Semi-Urban,464213,706,1
26,Female,Kochi,Semi-Urban,667372,637,0
42,Female,Delhi,Urban,682381,643,1
38,Female,Delhi,Urban,602637,763,1
28,Female,Bengaluru,Urban,644958,787,1
59,Male,Mumbai,Urban,723971,626,1
52,Male,Pune,Urban,620927,668,1
53,Male,Bengaluru,Urban,835306,673,1
36,Male,Delhi,Urban,175691,716,1
32,Female,Hyderabad,Urban,764959,656,1
58,Female,Delhi,Urban,165074,639,0
54,Male,Delhi,Urban,474666,694,1
34,Male,Delhi,Urban,746091,684,1
56,Male,Madurai,Semi-Urban,724023,723,1
53,Male,Hyderabad,Urban,406013,645,0
43,Male,Delhi,Urban,590399,669,1
22,Male,Bengaluru,Urban,480944,718,1
61,Female,Coimbatore,Semi-Urban,769481,676,0
41,Male,Chennai,Urban,584532,596,1
22,Female,Coimbatore,Semi-Urban,470363,761,0
47,Female,Chennai,Urban,676352,675,1
29,Female,Bengaluru,Urban,715817,676,1
21,Male,Chennai,Urban,560964,806,1
31,Female,Pune,Urban,730669,785,1
23,Female,Hyderabad,Urban,912322,727,1
43,Male,Bengaluru,Urban,183902,625,1
46,Male,Bengaluru,Urban,841208,748,1
24,Female,Hyderabad,Urban,886412,591,0
38,Male,Bengaluru,Urban,689826,686,1
26,Male,Delhi,Urban,537497,656,1
55,Male,Chennai,Urban,288265,644,0
42,Female,Delhi,Urban,608492,691,1
63,Female,Bengaluru,Urban,519489,710,1
35,Male,Mumbai,Urban,321785,719,1
42,Male,Delhi,Urban,468662,675,1
57,Female,Bengaluru,Urban,592024,669,1
62,Female,Mumbai,Urban,653884,722,1
32,Female,Hyderabad,Urban,395066,723,1
62,Male,Chennai,Urban,123981,686,1
58,Male,Delhi,Urban,548867,636,1
38,Male,Delhi,Urban,416403,595,1
55,Female,Kochi,Semi-Urban,512730,712,0
50,Male,Chennai,Urban,190632,728,1
44,Male,Hyderabad,Urban,535846,669,1
62,Male,Chennai,Urban,674470,698,1
50,Male,Delhi,Urban,511319,746,1
34,Female,Mumbai,Urban,620664,780,1
26,Male,Hyderabad,Urban,541164,660,1
23,Female,Coimbatore,Semi-Urban,205773,675,0
36,Female,Bengaluru,Urban,616205,702,1
27,Male,Pune,Urban,443090,619,0
34,Female,Bengaluru,Urban,335050,572,0
29,Female,Coimbatore,Semi-Urban,735640,613,0
35,Female,Hyderabad,Urban,653877,666,1
41,Male,Madurai,Semi-Urban,477551,643,0
55,Male,Bengaluru,Urban,568974,639,1
22,Male,Hyderabad,Urban,632085,682,1
47,Female,Hyderabad,Urban,260261,679,0
22,Female,Pune,Urban,371901,642,0
55,Female,Pune,Urban,381448,599,0
38,Male,Chennai,Urban,699534,700,1
34,Male,Kochi,Semi-Urban,913094,732,1
40,Male,Delhi,Urban,718239,649,1
38,Male,Chennai,Urban,623538,660,1
30,Female,Chennai,Urban,394553,720,1
45,Male,Pune,Urban,748124,732,1
22,Male,Mumbai,Urban,527502,657,1
45,Male,Bengaluru,Urban,397711,674,1
53,Male,Chennai,Urban,744515,753,1
56,Male,Chennai,Urban,865970,723,1
51,Male,Delhi,Urban,747739,623,1
34,Male,Hyderabad,Urban,1075696,594,1
21,Male,Mumbai,Urban,448294,666,1
36,Male,Chennai,Urban,506226,631,1
23,Female,Hyderabad,Urban,423863,703,0
55,Male,Bengaluru,Urban,422649,715,1
61,Female,Madurai,Semi-Urban,879441,692,0
26,Female,Chennai,Urban,378412,639,0
45,Male,Trivandrum,Semi-Urban,490520,616,0
33,Female,Hyderabad,Urban,852153,713,1
54,Male,Mumbai,Urban,677245,721,1
28,Female,Hyderabad,Urban,396829,735,1
41,Female,Trivandrum,Semi-Urban,583853,665,1
54,Female,Coimbatore,Semi-Urban,260255,675,0
24,Male,Hyderabad,Urban,559796,720,1
45,Male,Chennai,Urban,615349,680,1
35,Male,Kochi,Semi-Urban,628194,651,1
24,Female,Chennai,Urban,975492,638,0
32,Female,Kochi,Semi-Urban,748645,715,1
52,Male,Bengaluru,Urban,365873,665,1
52,Male,Kochi,Semi-Urban,621743,652,1
48,Female,Delhi,Urban,586927,702,1
33,Male,Bengaluru,Urban,973120,644,1
51,Female,Kochi,Semi-Urban,511728,651,0
34,Female,Mumbai,Urban,626067,682,1
40,Male,Chennai,Urban,653416,656,1
38,Female,Hyderabad,Urban,386044,750,1
49,Male,Mumbai,Urban,295121,706,1
26,Male,Bengaluru,Urban,554712,686,1
52,Female,Pune,Urban,733361,750,1
49,Female,Kochi,Semi-Urban,337407,683,0
63,Male,Bengaluru,Urban,580044,734,1
22,Male,Coimbatore,Semi-Urban,466127,630,0
43,Male,Hyderabad,Urban,212790,648,1
39,Male,Delhi,Urban,646627,632,1
51,Male,Hyderabad,Urban,681842,705,1
25,Male,Trivandrum,Semi-Urban,734086,602,0
39,Male,Trivandrum,Semi-Urban,756645,695,1
54,Male,Delhi,Urban,580165,655,1
30,Male,Chennai,Urban,680090,686,1
45,Female,Chennai,Urban,637576,679,1
22,Female,Hyderabad,Urban,85365,707,0
31,Male,Bengaluru,Urban,300039,791,1
51,Male,Hyderabad,Urban,451912,780,1
35,Male,Kochi,Semi-Urban,610476,720,1
29,Male,Coimbatore,Semi-Urban,653549,662,1
43,Male,Hyderabad,Urban,730425,689,1
39,Female,Chennai,Urban,734933,660,1
29,Female,Coimbatore,Semi-Urban,637204,643,0
55,Female,Madurai,Semi-Urban,698441,582,0
41,Male,Mumbai,Urban,906605,668,1
29,Female,Bengaluru,Urban,682173,693,1
48,Female,Trivandrum,Semi-Urban,593289,710,0
27,Male,Coimbatore,Semi-Urban,691634,685,1
36,Male,Bengaluru,Urban,763131,645,1
36,Male,Delhi,Urban,909892,655,1
53,Male,Delhi,Urban,381030,726,1
24,Female,Hyderabad,Urban,272110,594,0
24,Male,Trivandrum,Semi-Urban,641463,654,1
59,Male,Mumbai,Urban,310942,681,1
60,Male,Kochi,Semi-Urban,550162,659,1
37,Male,Delhi,Urban,962192,604,1
57,Female,Chennai,Urban,600691,726,1
59,Male,Delhi,Urban,602883,738,1
49,Female,Trivandrum,Semi-Urban,519889,630,0
56,Male,Pune,Urban,901009,519,1
58,Male,Hyderabad,Urban,684661,779,1
59,Male,Bengaluru,Urban,506399,659,1
57,Female,Pune,Urban,895990,631,0
55,Male,Kochi,Semi-Urban,637036,674,1
27,Male,Pune,Urban,517003,696,1
47,Male,Bengaluru,Urban,182371,648,0
48,Male,Hyderabad,Urban,627483,686,1
42,Female,Bengaluru,Urban,509723,674,1
34,Male,Coimbatore,Semi-Urban,537053,645,1
27,Male,Madurai,Semi-Urban,525812,598,0
57,Male,Mumbai,Urban,233879,746,1
42,Female,Chennai,Urban,1112755,708,1
25,Male,Bengaluru,Urban,461238,641,0
22,Female,Delhi,Urban,733664,700,1
47,Female,Mumbai,Urban,556220,636,0
41,Male,Trivandrum,Semi-Urban,52524,678,1
58,Male,Hyderabad,Urban,570353,709,1
35,Male,Mumbai,Urban,623889,703,1
41,Female,Bengaluru,Urban,490984,659,1
30,Male,Kochi,Semi-Urban,890181,720,1
43,Male,Mumbai,Urban,958396,680,1
59,Female,Madurai,Semi-Urban,657421,653,0
25,Male,Kochi,Semi-Urban,684656,763,1
21,Male,Mumbai,Urban,369490,623,0
33,Male,Chennai,Urban,368745,699,1
41,Male,Madurai,Semi-Urban,469110,750,1
46,Male,Bengaluru,Urban,1000029,594,1
41,Male,Hyderabad,Urban,490286,761,1
38,Female,Pune,Urban,863413,764,1
57,Male,Kochi,Semi-Urban,455489,656,0
52,Female,Delhi,Urban,407553,694,0
56,Female,Chennai,Urban,499926,643,0
37,Male,Coimbatore,Semi-Urban,494817,638,0
55,Female,Chennai,Urban,454897,623,0
31,Male,Chennai,Urban,912307,764,1
41,Female,Chennai,Urban,589163,668,1
46,Female,Chennai,Urban,560206,610,0
24,Male,Pune,Urban,605075,731,1
54,Male,Delhi,Urban,782982,713,1
38,Male,Kochi,Semi-Urban,605016,698,1
60,Male,Pune,Urban,661106,647,1
55,Male,Chennai,Urban,803535,659,1
61,Male,Bengaluru,Urban,386189,783,1
49,Female,Delhi,Urban,432454,699,0
49,Male,Mumbai,Urban,621690,653,1
58,Female,Mumbai,Urban,458445,717,0
62,Female,Bengaluru,Urban,553580,722,1
41,Male,Mumbai,Urban,379437,770,1
62,Female,Hyderabad,Urban,427433,683,0
33,Male,Hyderabad,Urban,822077,716,1
61,Male,Chennai,Urban,526620,706,1
37,Female,Hyderabad,Urban,508246,644,1
29,Male,Hyderabad,Urban,434589,611,1
61,Male,Hyderabad,Urban,422923,711,1
21,Female,Pune,Urban,392500,714,0
22,Female,Pune,Urban,341778,558,0
49,Female,Delhi,Urban,459242,706,0
53,Female,Pune,Urban,576869,676,1
30,Male,Pune,Urban,728127,701,1
60,Male,Hyderabad,Urban,583111,655,1
41,Female,Mumbai,Urban,398492,752,1
48,Male,Pune,Urban,491734,731,1
31,Male,Delhi,Urban,479644,610,1
54,Male,Chennai,Urban,467769,631,0
28,Female,Kochi,Semi-Urban,524250,683,1
42,Male,Chennai,Urban,777919,649,1
28,Female,Hyderabad,Urban,734755,734,1
35,Male,Chennai,Urban,919340,629,1
37,Male,Chennai,Urban,421373,733,1
43,Male,Bengaluru,Urban,376643,558,1
44,Male,Madurai,Semi-Urban,526165,659,1
39,Female,Hyderabad,Urban,833280,749,1
25,Male,Bengaluru,Urban,179052,677,1
52,Male,Bengaluru,Urban,622786,681,1
64,Male,Delhi,Urban,532297,718,1
21,Male,Pune,Urban,724706,706,1
43,Male,Bengaluru,Urban,684047,674,1
57,Male,Bengaluru,Urban,723823,745,1
28,Female,Mumbai,Urban,698028,686,1
33,Female,Delhi,Urban,1160441,707,1
28,Male,Hyderabad,Urban,956859,727,1
43,Male,Hyderabad,Urban,765079,558,1
63,Male,Mumbai,Urban,502954,644,1
21,Male,Hyderabad,Urban,524850,650,1
44,Female,Madurai,Semi-Urban,829827,712,1
55,Female,Bengaluru,Urban,837573,767,1
44,Male,Chennai,Urban,429839,586,1
37,Female,Coimbatore,Semi-Urban,200183,659,0
25,Male,Coimbatore,Semi-Urban,233608,734,0
40,Male,Bengaluru,Urban,834531,593,1
41,Male,Pune,Urban,872070,699,1
60,Male,Trivandrum,Semi-Urban,603461,702,1
51,Female,Hyderabad,Urban,664770,706,1
56,Male,Mumbai,Urban,956468,623,1
31,Male,Hyderabad,Urban,1002819,677,1
35,Female,Chennai,Urban,735933,619,1
39,Female,Hyderabad,Urban,595660,735,1
27,Female,Delhi,Urban,513529,626,0
48,Female,Coimbatore,Semi-Urban,543701,681,0
63,Male,Hyderabad,Urban,445082,784,1
25,Female,Hyderabad,Urban,730344,736,1
25,Female,Mumbai,Urban,573725,591,0
50,Female,Kochi,Semi-Urban,436075,664,0
52,Female,Trivandrum,Semi-Urban,825841,683,0
28,Male,Hyderabad,Urban,710585,670,1
30,Female,Delhi,Urban,651537,699,1
58,Male,Hyderabad,Urban,567863,710,1
52,Male,Trivandrum,Semi-Urban,691428,771,1
48,Male,Chennai,Urban,530331,656,1
37,Female,Chennai,Urban,1153822,717,1
51,Male,Mumbai,Urban,1056519,670,1
28,Male,Madurai,Semi-Urban,436545,758,1
60,Male,Delhi,Urban,548058,699,1
45,Female,Pune,Urban,420264,682,1
29,Male,Bengaluru,Urban,224868,666,1
22,Female,Mumbai,Urban,941362,636,0
35,Female,Mumbai,Urban,570047,723,1
23,Male,Delhi,Urban,381155,638,0
56,Male,Coimbatore,Semi-Urban,253413,586,0
24,Female,Coimbatore,Semi-Urban,644568,631,0
34,Female,Kochi,Semi-Urban,671661,687,1
61,Female,Kochi,Semi-Urban,682300,618,0
61,Male,Pune,Urban,814048,639,1
45,Female,Hyderabad,Urban,779262,585,1
30,Male,Coimbatore,Semi-Urban,342525,638,0
41,Male,Pune,Urban,382295,765,1
56,Female,Mumbai,Urban,794932,648,0
32,Male,Trivandrum,Semi-Urban,476443,674,1
47,Female,Hyderabad,Urban,306716,792,0
60,Male,Chennai,Urban,325270,696,1
22,Female,Delhi,Urban,787385,694,1
33,Male,Chennai,Urban,783876,632,1
52,Male,Mumbai,Urban,625638,691,1
51,Female,Madurai,Semi-Urban,411447,766,0
36,Male,Bengaluru,Urban,587408,619,1
52,Male,Bengaluru,Urban,568062,670,1
52,Female,Delhi,Urban,511911,621,0
54,Male,Hyderabad,Urban,736781,760,1
31,Female,Mumbai,Urban,503997,621,1
30,Male,Mumbai,Urban,708042,644,1
35,Male,Bengaluru,Urban,666767,622,1
37,Female,Bengaluru,Urban,311706,610,0
60,Female,Madurai,Semi-Urban,998668,684,0
38,Male,Chennai,Urban,715384,662,1
29,Male,Mumbai,Urban,281467,697,1
45,Female,Pune,Urban,312622,711,1
60,Male,Coimbatore,Semi-Urban,916832,595,0
34,Male,Bengaluru,Urban,635951,695,1
45,Male,Mumbai,Urban,712153,634,1
42,Male,Trivandrum,Semi-Urban,677579,687,1
50,Male,Trivandrum,Semi-Urban,817471,696,1
40,Male,Trivandrum,Semi-Urban,826365,667,1
41,Male,Mumbai,Urban,424486,745,1
64,Male,Chennai,Urban,700638,608,1
52,Male,Mumbai,Urban,319005,623,0
41,Female,Kochi,Semi-Urban,382416,692,0
55,Male,Delhi,Urban,539324,785,1
52,Female,Bengaluru,Urban,259898,632,0
50,Female,Bengaluru,Urban,444470,676,0
59,Male,Pune,Urban,165520,739,1
32,Female,Chennai,Urban,595991,725,1
61,Male,Hyderabad,Urban,928520,710,1
38,Female,Trivandrum,Semi-Urban,606405,644,0
41,Female,Mumbai,Urban,606975,678,1
33,Male,Chennai,Urban,528127,681,1
41,Female,Mumbai,Urban,795363,732,1
28,Male,Delhi,Urban,589637,673,1
60,Male,Mumbai,Urban,380134,747,1
27,Female,Madurai,Semi-Urban,633931,677,0
43,Male,Hyderabad,Urban,910491,686,1
64,Male,Kochi,Semi-Urban,314519,673,0
52,Male,Bengaluru,Urban,411802,671,1
31,Female,Mumbai,Urban,579113,676,1
42,Male,Trivandrum,Semi-Urban,529900,681,1
42,Female,Chennai,Urban,683995,598,1
63,Male,Delhi,Urban,403405,666,1
45,Male,Chennai,Urban,494055,764,1
42,Female,Bengaluru,Urban,610488,589,1
48,Male,Delhi,Urban,617344,667,1
49,Female,Kochi,Semi-Urban,1120675,651,0
33,Male,Bengaluru,Urban,756657,696,1
38,Male,Madurai,Semi-Urban,291887,705,1
22,Male,Chennai,Urban,396924,687,1
49,Female,Bengaluru,Urban,327680,579,0
41,Male,Chennai,Urban,922794,578,1
35,Female,Chennai,Urban,386163,546,0
47,Male,Bengaluru,Urban,717472,673,1
51,Male,Coimbatore,Semi-Urban,697423,597,0
35,Male,Mumbai,Urban,306856,562,1
43,Female,Hyderabad,Urban,516225,634,1
44,Female,Pune,Urban,547116,645,1
64,Female,Hyderabad,Urban,283803,675,0
33,Male,Chennai,Urban,956999,680,1
42,Male,Hyderabad,Urban,634072,683,1
63,Male,Chennai,Urban,918626,720,1
57,Female,Mumbai,Urban,1041611,665,1
53,Male,Hyderabad,Urban,631921,717,1
23,Male,Delhi,Urban,674718,662,1
39,Male,Kochi,Semi-Urban,442441,660,1
43,Male,Coimbatore,Semi-Urban,866717,651,1
49,Male,Trivandrum,Semi-Urban,590435,678,1
50,Female,Chennai,Urban,515325,712,1
59,Male,Bengaluru,Urban,446465,711,1
64,Female,Delhi,Urban,614652,710,1
45,Female,Chennai,Urban,724304,695,1
57,Male,Bengaluru,Urban,640729,622,1
28,Male,Delhi,Urban,692496,817,1
62,Male,Hyderabad,Urban,556867,613,1
36,Female,Trivandrum,Semi-Urban,700964,686,1
28,Male,Hyderabad,Urban,694824,829,1
21,Male,Pune,Urban,842966,724,1
64,Male,Trivandrum,Semi-Urban,761252,644,0
25,Male,Bengaluru,Urban,630924,740,1
23,Male,Mumbai,Urban,682950,689,1
21,Male,Delhi,Urban,369733,639,0
24,Female,Trivandrum,Semi-Urban,855574,690,0
60,Female,Mumbai,Urban,550089,661,1
55,Male,Mumbai,Urban,575058,669,1
52,Male,Hyderabad,Urban,504318,682,1
62,Female,Hyderabad,Urban,422662,714,0
54,Male,Pune,Urban,436490,725,1
63,Female,Hyderabad,Urban,384481,643,0
45,Male,Bengaluru,Urban,552112,698,1
30,Female,Chennai,Urban,766671,666,1
41,Male,Madurai,Semi-Urban,595464,718,1
59,Male,Delhi,Urban,732686,628,1
47,Female,Coimbatore,Semi-Urban,696240,678,0
47,Male,Coimbatore,Semi-Urban,510305,588,0
22,Male,Coimbatore,Semi-Urban,847635,715,1
61,Male,Delhi,Urban,799848,770,1
33,Female,Chennai,Urban,764246,757,1
29,Male,Bengaluru,Urban,683169,721,1
56,Female,Delhi,Urban,532046,708,1
42,Male,Hyderabad,Urban,531599,783,1
62,Male,Delhi,Urban,594024,652,1
46,Female,Mumbai,Urban,875584,667,1
32,Male,Delhi,Urban,823544,750,1
37,Male,Bengaluru,Urban,311474,673,1
34,Male,Bengaluru,Urban,651931,633,1
34,Male,Trivandrum,Semi-Urban,102563,603,0
54,Female,Chennai,Urban,511731,638,0
40,Male,Kochi,Semi-Urban,464570,767,1
31,Male,Delhi,Urban,711213,674,1
36,Male,Pune,Urban,382384,641,1
51,Male,Coimbatore,Semi-Urban,294331,675,0
26,Male,Mumbai,Urban,500228,696,1
39,Female,Kochi,Semi-Urban,598434,587,0
57,Female,Bengaluru,Urban,252223,635,0
24,Male,Hyderabad,Urban,827561,605,1
24,Male,Trivandrum,Semi-Urban,559735,753,1
40,Female,Kochi,Semi-Urban,605057,674,1
30,Male,Mumbai,Urban,820524,671,1
44,Male,Chennai,Urban,453430,670,1
55,Female,Coimbatore,Semi-Urban,896258,624,0
46,Male,Hyderabad,Urban,601109,705,1
57,Male,Coimbatore,Semi-Urban,758395,771,1
58,Female,Kochi,Semi-Urban,688792,649,0
41,Female,Hyderabad,Urban,737399,724,1
60,Male,Bengaluru,Urban,615204,674,1
59,Male,Chennai,Urban,506375,641,1
41,Male,Madurai,Semi-Urban,987752,725,1
30,Female,Coimbatore,Semi-Urban,595972,598,0
58,Male,Delhi,Urban,380466,608,0
24,Male,Mumbai,Urban,893762,768,1
40,Female,Kochi,Semi-Urban,537845,659,1
37,Male,Mumbai,Urban,255356,739,1
27,Male,Kochi,Semi-Urban,435154,674,0
24,Male,Hyderabad,Urban,208384,553,0
49,Male,Coimbatore,Semi-Urban,444350,714,0
34,Male,Trivandrum,Semi-Urban,951621,698,1
23,Female,Hyderabad,Urban,691791,642,0
44,Female,Coimbatore,Semi-Urban,599050,734,1
57,Male,Mumbai,Urban,484513,726,1
36,Male,Chennai,Urban,572385,642,1
24,Male,Bengaluru,Urban,822948,734,1
44,Male,Trivandrum,Semi-Urban,234459,690,1
54,Male,Madurai,Semi-Urban,1187885,683,1
50,Female,Coimbatore,Semi-Urban,423468,643,0
38,Male,Kochi,Semi-Urban,550100,634,1
39,Male,Bengaluru,Urban,568041,750,1
51,Male,Bengaluru,Urban,562789,699,1
39,Male,Hyderabad,Urban,465642,727,1
39,Male,Madurai,Semi-Urban,774961,656,1
42,Male,Pune,Urban,828177,705,1
44,Male,Chennai,Urban,791058,662,1
32,Female,Trivandrum,Semi-Urban,617819,713,1
50,Male,Delhi,Urban,482133,609,0
58,Male,Bengaluru,Urban,562888,610,1
51,Male,Delhi,Urban,582707,624,1
56,Female,Coimbatore,Semi-Urban,403914,679,0
39,Male,Hyderabad,Urban,635631,569,1
56,Male,Madurai,Semi-Urban,959905,703,1
50,Male,Chennai,Urban,566046,710,1
53,Female,Bengaluru,Urban,699983,592,0
38,Male,Chennai,Urban,468616,659,1
48,Male,Coimbatore,Semi-Urban,777150,772,1
31,Male,Mumbai,Urban,468444,658,1
53,Male,Coimbatore,Semi-Urban,517357,629,0
37,Male,Delhi,Urban,703484,661,1
26,Male,Mumbai,Urban,401854,738,1
24,Female,Coimbatore,Semi-Urban,686502,622,0
40,Female,Mumbai,Urban,810222,707,1
47,Male,Coimbatore,Semi-Urban,632584,701,1
35,Male,Bengaluru,Urban,773741,679,1
26,Male,Kochi,Semi-Urban,341670,661,0
34,Male,Trivandrum,Semi-Urban,689639,726,1
31,Female,Madurai,Semi-Urban,508766,623,0
59,Female,Chennai,Urban,677063,700,1
29,Male,Delhi,Urban,916351,602,1
46,Male,Mumbai,Urban,3015,728,1
36,Male,Hyderabad,Urban,475857,717,1
25,Female,Bengaluru,Urban,141824,659,0
30,Female,Bengaluru,Urban,353793,668,1
23,Female,Coimbatore,Semi-Urban,504945,703,0
33,Female,Trivandrum,Semi-Urban,771988,612,0
63,Male,Hyderabad,Urban,761563,665,1
50,Female,Coimbatore,Semi-Urban,755778,679,0
26,Female,Bengaluru,Urban,712036,594,0
37,Male,Kochi,Semi-Urban,331787,724,1
39,Male,Madurai,Semi-Urban,760410,784,1
62,Female,Coimbatore,Semi-Urban,464443,800,0
55,Male,Hyderabad,Urban,689581,582,1
46,Female,Trivandrum,Semi-Urban,416393,738,0
25,Female,Mumbai,Urban,563906,648,0
49,Female,Coimbatore,Semi-Urban,586460,674,0
57,Female,Delhi,Urban,669101,630,0
40,Male,Trivandrum,Semi-Urban,432131,710,1
41,Female,Bengaluru,Urban,732314,554,1
30,Male,Delhi,Urban,337374,620,1
25,Male,Delhi,Urban,940105,567,1
56,Male,Delhi,Urban,449676,651,1
26,Male,Trivandrum,Semi-Urban,208492,664,0
46,Male,Madurai,Semi-Urban,585580,601,0
24,Female,Coimbatore,Semi-Urban,517625,706,0
59,Male,Chennai,Urban,416393,701,1
59,Male,Coimbatore,Semi-Urban,869144,723,1
55,Male,Bengaluru,Urban,750977,750,1
21,Male,Kochi,Semi-Urban,692412,666,1
44,Female,Madurai,Semi-Urban,408921,691,0
56,Male,Bengaluru,Urban,494000,628,0
26,Female,Coimbatore,Semi-Urban,477790,683,0
61,Female,Coimbatore,Semi-Urban,234622,685,0
64,Male,Mumbai,Urban,654282,756,1
51,Female,Hyderabad,Urban,668900,706,1
40,Male,Mumbai,Urban,624428,707,1
44,Male,Pune,Urban,645498,664,1
45,Female,Chennai,Urban,373440,516,0
56,Female,Delhi,Urban,421108,681,0
41,Male,Bengaluru,Urban,536715,656,1
50,Male,Chennai,Urban,876881,624,1
44,Male,Trivandrum,Semi-Urban,832510,717,1
64,Male,Hyderabad,Urban,703398,729,1
62,Female,Pune,Urban,1002975,629,0
50,Male,Mumbai,Urban,701953,681,1
42,Male,Delhi,Urban,727190,674,1
48,Female,Bengaluru,Urban,895956,736,1
27,Male,Pune,Urban,739133,701,1
55,Male,Chennai,Urban,929721,715,1
48,Female,Delhi,Urban,605702,661,1
34,Female,Mumbai,Urban,471934,700,1
30,Female,Mumbai,Urban,580921,723,1
36,Male,Kochi,Semi-Urban,647544,795,1
36,Female,Kochi,Semi-Urban,419046,652,0
51,Male,Chennai,Urban,457527,661,1
62,Male,Mumbai,Urban,515420,643,1
45,Female,Coimbatore,Semi-Urban,380329,657,0
33,Male,Mumbai,Urban,482378,749,1
26,Female,Chennai,Urban,746981,638,0
64,Male,Hyderabad,Urban,758805,699,1
29,Male,Chennai,Urban,319482,729,1
56,Female,Bengaluru,Urban,661806,739,1
63,Male,Hyderabad,Urban,586141,752,1
40,Female,Delhi,Urban,810214,703,1
38,Male,Bengaluru,Urban,546156,698,1
63,Female,Delhi,Urban,352092,651,0
41,Male,Pune,Urban,502677,581,1
24,Male,Pune,Urban,360537,650,0
53,Male,Coimbatore,Semi-Urban,148997,687,0
47,Female,Chennai,Urban,589337,730,1
27,Female,Bengaluru,Urban,703840,755,1
26,Female,Coimbatore,Semi-Urban,637409,680,0
35,Male,Bengaluru,Urban,343011,736,1
38,Male,Chennai,Urban,329489,688,1
52,Male,Delhi,Urban,643600,690,1
31,Male,Chennai,Urban,939650,665,1
40,Male,Coimbatore,Semi-Urban,858982,656,1
44,Female,Coimbatore,Semi-Urban,541272,650,0
35,Female,Trivandrum,Semi-Urban,642309,652,1
27,Male,Coimbatore,Semi-Urban,782639,646,0
41,Male,Chennai,Urban,571224,722,1
62,Female,Trivandrum,Semi-Urban,331228,743,0
46,Male,Hyderabad,Urban,36039,642,0
64,Male,Kochi,Semi-Urban,636359,635,0
34,Male,Bengaluru,Urban,560250,670,1
57,Male,Trivandrum,Semi-Urban,258816,636,0
41,Female,Pune,Urban,314595,629,0
38,Male,Bengaluru,Urban,547484,662,1
25,Male,Bengaluru,Urban,490712,692,1
23,Male,Bengaluru,Urban,886440,691,1
43,Female,Mumbai,Urban,883777,664,1
46,Male,Hyderabad,Urban,430023,653,1
57,Male,Coimbatore,Semi-Urban,900901,710,1
44,Female,Mumbai,Urban,923397,699,1
39,Female,Mumbai,Urban,658587,688,1
45,Female,Trivandrum,Semi-Urban,413816,651,0
41,Female,Hyderabad,Urban,623823,746,1
32,Male,Hyderabad,Urban,174953,614,1
61,Male,Trivandrum,Semi-Urban,482436,652,0
53,Male,Coimbatore,Semi-Urban,653288,630,0
24,Male,Bengaluru,Urban,677101,680,1
62,Female,Bengaluru,Urban,511050,646,0
27,Female,Chennai,Urban,614029,684,1
42,Female,Hyderabad,Urban,396184,706,1
53,Male,Hyderabad,Urban,881532,743,1
37,Female,Kochi,Semi-Urban,889578,690,1
44,Female,Coimbatore,Semi-Urban,742097,689,1
54,Male,Chennai,Urban,546460,701,1
48,Female,Delhi,Urban,435282,565,0
63,Male,Hyderabad,Urban,769161,682,1
61,Male,Mumbai,Urban,636915,624,1
59,Female,Kochi,Semi-Urban,399617,647,0
42,Female,Madurai,Semi-Urban,811689,674,1
37,Male,Chennai,Urban,510499,727,1
54,Male,Bengaluru,Urban,427251,591,0
26,Female,Kochi,Semi-Urban,789331,691,0
26,Female,Mumbai,Urban,442281,685,0
54,Female,Chennai,Urban,625143,701,1
21,Male,Bengaluru,Urban,856624,791,1
30,Male,Delhi,Urban,836560,757,1
41,Male,Hyderabad,Urban,668326,694,1
25,Male,Pune,Urban,365472,708,1
22,Male,Mumbai,Urban,500519,678,1
42,Male,Chennai,Urban,1083229,717,1
22,Male,Kochi,Semi-Urban,789545,681,1
30,Male,Chennai,Urban,553779,701,1
54,Female,Mumbai,Urban,348106,646,0
36,Male,Mumbai,Urban,220002,691,1
59,Male,Mumbai,Urban,843032,748,1
42,Male,Coimbatore,Semi-Urban,847010,708,1
32,Male,Chennai,Urban,592367,685,1
44,Male,Madurai,Semi-Urban,517801,534,1
60,Female,Coimbatore,Semi-Urban,826849,699,0
58,Female,Hyderabad,Urban,304235,675,0
30,Male,Chennai,Urban,999650,626,1
55,Male,Hyderabad,Urban,747562,676,1
52,Male,Hyderabad,Urban,349407,676,1
27,Female,Delhi,Urban,757195,680,1
41,Male,Bengaluru,Urban,463313,717,1
40,Male,Madurai,Semi-Urban,332843,669,1
46,Female,Bengaluru,Urban,756508,667,1
24,Female,Hyderabad,Urban,379081,662,0
42,Female,Bengaluru,Urban,332726,692,1
35,Female,Chennai,Urban,696939,707,1
60,Female,Coimbatore,Semi-Urban,579281,744,0
41,Male,Kochi,Semi-Urban,802303,706,1
35,Male,Chennai,Urban,539958,733,1
42,Female,Madurai,Semi-Urban,521987,722,1
48,Female,Coimbatore,Semi-Urban,192662,687,0
34,Female,Trivandrum,Semi-Urban,700464,643,0
47,Male,Coimbatore,Semi-Urban,596437,700,1
61,Male,Kochi,Semi-Urban,837654,757,1
60,Male,Mumbai,Urban,751983,734,1
48,Male,Hyderabad,Urban,666418,743,1
46,Male,Chennai,Urban,453851,587,0
22,Female,Delhi,Urban,516931,581,0
45,Male,Madurai,Semi-Urban,709852,655,1
23,Female,Delhi,Urban,589676,703,1
28,Female,Madurai,Semi-Urban,883637,661,1
64,Male,Hyderabad,Urban,862922,670,1
53,Male,Trivandrum,Semi-Urban,549921,606,0
62,Female,Kochi,Semi-Urban,618660,649,0
55,Female,Kochi,Semi-Urban,441119,635,0
26,Female,Kochi,Semi-Urban,579558,637,0
59,Female,Chennai,Urban,789976,643,0
43,Female,Bengaluru,Urban,491223,625,0
45,Male,Pune,Urban,526612,560,1
63,Female,Bengaluru,Urban,366286,750,0
39,Female,Mumbai,Urban,487320,674,1
25,Female,Mumbai,Urban,722719,645,0
31,Male,Hyderabad,Urban,551856,672,1
32,Female,Coimbatore,Semi-Urban,369697,696,0
30,Male,Trivandrum,Semi-Urban,642420,685,1
28,Female,Madurai,Semi-Urban,589728,643,0
44,Male,Mumbai,Urban,824133,729,1
48,Male,Delhi,Urban,572833,650,1
61,Male,Madurai,Semi-Urban,400992,668,0
56,Male,Pune,Urban,792664,766,1
57,Male,Pune,Urban,406093,782,1
41,Female,Trivandrum,Semi-Urban,339717,737,0
28,Male,Bengaluru,Urban,392002,646,1
29,Male,Bengaluru,Urban,477847,658,1
35,Male,Coimbatore,Semi-Urban,221927,641,0
60,Male,Coimbatore,Semi-Urban,254672,668,0
38,Male,Trivandrum,Semi-Urban,756164,706,1
62,Male,Hyderabad,Urban,565770,586,1
40,Male,Kochi,Semi-Urban,566974,628,1
26,Female,Hyderabad,Urban,588730,685,1
32,Male,Mumbai,Urban,712830,675,1
22,Male,Hyderabad,Urban,436195,657,1
27,Male,Madurai,Semi-Urban,712077,610,0
36,Female,Chennai,Urban,622542,650,1
23,Male,Delhi,Urban,408462,655,1
23,Male,Hyderabad,Urban,721801,613,1
47,Male,Kochi,Semi-Urban,611454,638,0
63,Male,Delhi,Urban,390689,670,1
60,Male,Pune,Urban,405865,703,1
58,Male,Bengaluru,Urban,695953,725,1
53,Male,Chennai,Urban,802894,627,1
48,Male,Trivandrum,Semi-Urban,656524,662,1
21,Male,Hyderabad,Urban,777874,667,1
28,Female,Chennai,Urban,846534,670,1
57,Female,Mumbai,Urban,554962,666,1
52,Male,Kochi,Semi-Urban,632912,621,0
63,Female,Bengaluru,Urban,733860,703,1
57,Female,Hyderabad,Urban,370546,664,0
24,Female,Coimbatore,Semi-Urban,806848,681,0
50,Male,Delhi,Urban,872666,683,1
26,Female,Bengaluru,Urban,452368,649,0
39,Male,Hyderabad,Urban,1173945,718,1
52,Male,Kochi,Semi-Urban,758909,657,1
29,Male,Chennai,Urban,569476,688,1
32,Male,Coimbatore,Semi-Urban,184551,684,1
31,Male,Kochi,Semi-Urban,581646,692,1
36,Male,Mumbai,Urban,684393,733,1
21,Female,Madurai,Semi-Urban,661523,643,0
41,Male,Mumbai,Urban,337870,679,1
50,Male,Chennai,Urban,467721,677,1
33,Male,Kochi,Semi-Urban,736036,665,1
54,Male,Delhi,Urban,718528,704,1
24,Male,Hyderabad,Urban,788441,621,1
48,Female,Hyderabad,Urban,623748,749,1
58,Male,Mumbai,Urban,593656,752,1
51,Male,Hyderabad,Urban,702303,648,1
47,Female,Trivandrum,Semi-Urban,618882,675,0
25,Male,Kochi,Semi-Urban,293991,590,0
45,Female,Mumbai,Urban,904087,647,1
23,Male,Mumbai,Urban,784348,795,1
53,Male,Hyderabad,Urban,684612,710,1
24,Male,Hyderabad,Urban,326368,714,1
45,Male,Bengaluru,Urban,767538,655,1
40,Male,Chennai,Urban,512263,674,1
54,Female,Hyderabad,Urban,766027,677,1
46,Female,Delhi,Urban,709281,609,0
25,Female,Coimbatore,Semi-Urban,532027,685,0
55,Female,Mumbai,Urban,810392,717,1
48,Male,Pune,Urban,361625,768,1
49,Female,Coimbatore,Semi-Urban,611242,691,0
29,Male,Pune,Urban,931737,673,1
58,Female,Madurai,Semi-Urban,697332,673,0
26,Male,Kochi,Semi-Urban,782693,698,1
39,Female,Delhi,Urban,615865,718,1
64,Female,Bengaluru,Urban,595714,733,1
31,Male,Trivandrum,Semi-Urban,355886,573,0
22,Male,Delhi,Urban,568824,733,1
64,Male,Mumbai,Urban,734748,619,1
64,Male,Trivandrum,Semi-Urban,381200,630,0
29,Female,Mumbai,Urban,407406,669,1
41,Female,Delhi,Urban,683855,705,1
44,Male,Mumbai,Urban,765341,614,1
54,Male,Trivandrum,Semi-Urban,1003016,650,0
42,Female,Madurai,Semi-Urban,545162,694,1
23,Male,Coimbatore,Semi-Urban,550584,704,1
32,Male,Coimbatore,Semi-Urban,766317,702,1
48,Female,Bengaluru,Urban,714117,727,1
50,Female,Madurai,Semi-Urban,548349,737,0
46,Male,Hyderabad,Urban,594333,685,1
41,Male,Madurai,Semi-Urban,474348,676,1
48,Female,Chennai,Urban,368787,640,0
46,Female,Mumbai,Urban,572972,651,1
53,Female,Trivandrum,Semi-Urban,904528,611,0
41,Male,Kochi,Semi-Urban,456285,749,1
55,Female,Mumbai,Urban,312997,676,0
54,Male,Kochi,Semi-Urban,399258,717,0
61,Female,Delhi,Urban,706323,813,1
38,Male,Hyderabad,Urban,685757,791,1
31,Male,Kochi,Semi-Urban,854146,735,1
43,Female,Chennai,Urban,812313,661,1
42,Male,Trivandrum,Semi-Urban,659516,720,1
37,Male,Bengaluru,Urban,730110,679,1
25,Female,Delhi,Urban,450122,632,0
64,Female,Mumbai,Urban,737852,634,0
31,Female,Hyderabad,Urban,578234,722,1
50,Male,Delhi,Urban,770144,716,1
35,Male,Kochi,Semi-Urban,683737,741,1
47,Female,Pune,Urban,505328,668,1
55,Male,Coimbatore,Semi-Urban,379914,657,0
53,Female,Trivandrum,Semi-Urban,499943,625,0
40,Male,Mumbai,Urban,636927,597,1
36,Female,Mumbai,Urban,436789,637,0
54,Male,Bengaluru,Urban,569426,647,1
22,Male,Hyderabad,Urban,817534,623,1
55,Female,Coimbatore,Semi-Urban,834980,654,0
60,Male,Hyderabad,Urban,695634,774,1
48,Female,Mumbai,Urban,872656,645,0
59,Female,Hyderabad,Urban,346926,587,0
26,Female,Hyderabad,Urban,859506,687,1
29,Female,Bengaluru,Urban,328033,712,1
40,Male,Kochi,Semi-Urban,602007,635,1
21,Male,Mumbai,Urban,437424,717,1
28,Male,Delhi,Urban,747777,770,1
43,Male,Delhi,Urban,286817,668,1
23,Male,Coimbatore,Semi-Urban,247026,717,0
24,Male,Trivandrum,Semi-Urban,469109,726,0
45,Male,Coimbatore,Semi-Urban,454959,700,1
58,Male,Mumbai,Urban,485812,725,1
35,Male,Hyderabad,Urban,465007,706,1
41,Female,Pune,Urban,737461,632,1
55,Male,Bengaluru,Urban,583053,568,1
34,Male,Chennai,Urban,909818,689,1
56,Female,Mumbai,Urban,646174,668,1
32,Male,Kochi,Semi-Urban,776453,598,1
37,Female,Bengaluru,Urban,715965,669,1
59,Female,Trivandrum,Semi-Urban,420349,673,0
29,Male,Delhi,Urban,495839,694,1
55,Female,Mumbai,Urban,798829,735,1
33,Female,Mumbai,Urban,244774,639,0
35,Male,Delhi,Urban,697332,576,1
38,Female,Chennai,Urban,564349,659,1
53,Male,Bengaluru,Urban,451022,720,1
26,Male,Hyderabad,Urban,546743,746,1
47,Male,Trivandrum,Semi-Urban,924070,649,0
43,Male,Delhi,Urban,255245,709,1
47,Male,Mumbai,Urban,356263,625,0
54,Female,Delhi,Urban,212395,680,0
58,Male,Delhi,Urban,512395,537,1
34,Male,Hyderabad,Urban,475077,663,1
56,Male,Bengaluru,Urban,632111,695,1
28,Female,Madurai,Semi-Urban,504104,657,1
55,Female,Delhi,Urban,690190,609,0
39,Female,Trivandrum,Semi-Urban,442453,683,0
50,Female,Mumbai,Urban,1019488,770,1
34,Female,Trivandrum,Semi-Urban,722990,638,0
40,Female,Delhi,Urban,703136,644,1
45,Female,Bengaluru,Urban,725301,667,1
60,Male,Madurai,Semi-Urban,390809,763,0
44,Male,Hyderabad,Urban,550650,613,1
34,Female,Bengaluru,Urban,559300,641,1
46,Male,Bengaluru,Urban,505602,713,1
58,Male,Trivandrum,Semi-Urban,530577,618,0
43,Male,Trivandrum,Semi-Urban,765856,637,1
42,Female,Trivandrum,Semi-Urban,588257,768,1
39,Male,Madurai,Semi-Urban,659915,767,1
23,Female,Hyderabad,Urban,262222,709,0
62,Female,Delhi,Urban,250339,696,0
39,Female,Kochi,Semi-Urban,411212,650,0
29,Female,Pune,Urban,927890,680,1
48,Female,Hyderabad,Urban,1001714,641,0
40,Male,Pune,Urban,796602,755,1
27,Male,Bengaluru,Urban,521130,687,1
34,Male,Trivandrum,Semi-Urban,685301,672,1
29,Female,Kochi,Semi-Urban,852436,682,1
39,Female,Coimbatore,Semi-Urban,970882,648,0
34,Female,Bengaluru,Urban,369998,705,1
58,Male,Bengaluru,Urban,640820,668,1
56,Male,Bengaluru,Urban,535481,825,1
60,Male,Delhi,Urban,717211,658,1
37,Male,Delhi,Urban,610455,721,1
50,Male,Madurai,Semi-Urban,399935,772,0
29,Male,Mumbai,Urban,678964,540,1
53,Female,Bengaluru,Urban,460689,658,0
45,Male,Chennai,Urban,592927,756,1
34,Male,Bengaluru,Urban,602517,567,1
31,Female,Coimbatore,Semi-Urban,937409,739,1
55,Male,Coimbatore,Semi-Urban,664132,696,1
61,Male,Pune,Urban,582158,757,1
34,Male,Mumbai,Urban,744852,665,1
50,Male,Bengaluru,Urban,423168,693,1
61,Male,Chennai,Urban,620190,621,1
24,Male,Delhi,Urban,726885,668,1
24,Male,Pune,Urban,717760,641,1
48,Male,Bengaluru,Urban,494086,650,0
28,Male,Bengaluru,Urban,672786,687,1
22,Female,Trivandrum,Semi-Urban,736063,640,0
61,Male,Kochi,Semi-Urban,418976,568,0
42,Female,Chennai,Urban,479175,692,1
61,Male,Coimbatore,Semi-Urban,535516,690,1
36,Male,Bengaluru,Urban,1065906,717,1
49,Female,Pune,Urban,450402,679,0
50,Male,Chennai,Urban,665025,625,1
32,Male,Bengaluru,Urban,529387,756,1
55,Female,Hyderabad,Urban,412493,663,0
31,Male,Chennai,Urban,739582,631,1
41,Female,Delhi,Urban,317838,752,1
41,Female,Kochi,Semi-Urban,888705,765,1
25,Male,Mumbai,Urban,392131,541,0
40,Male,Kochi,Semi-Urban,466893,633,0
57,Male,Hyderabad,Urban,714370,670,1
23,Female,Bengaluru,Urban,750503,693,1
64,Female,Pune,Urban,646660,712,1
53,Female,Coimbatore,Semi-Urban,493439,805,0
29,Male,Bengaluru,Urban,281311,625,1
29,Female,Mumbai,Urban,582015,687,1
24,Male,Kochi,Semi-Urban,429992,606,0
55,Male,Chennai,Urban,1082410,691,1
37,Female,Delhi,Urban,626603,762,1
54,Male,Delhi,Urban,342161,540,0
44,Female,Chennai,Urban,533555,608,1
52,Male,Bengaluru,Urban,751592,719,1
21,Female,Trivandrum,Semi-Urban,832495,720,0
28,Male,Hyderabad,Urban,538131,638,1
43,Male,Chennai,Urban,576275,720,1
60,Male,Trivandrum,Semi-Urban,712956,745,1
32,Male,Trivandrum,Semi-Urban,412864,707,1
32,Male,Hyderabad,Urban,669450,753,1
35,Female,Madurai,Semi-Urban,657134,696,1
61,Male,Kochi,Semi-Urban,706719,666,1
39,Male,Hyderabad,Urban,592230,694,1
46,Male,Mumbai,Urban,287086,722,1
49,Male,Trivandrum,Semi-Urban,645551,599,0
42,Female,Chennai,Urban,424794,693,1
60,Female,Mumbai,Urban,945178,673,1
41,Male,Kochi,Semi-Urban,950897,653,1
58,Male,Delhi,Urban,371036,623,0
40,Female,Delhi,Urban,428993,585,0
49,Male,Delhi,Urban,138429,654,1
24,Male,Chennai,Urban,747089,650,1
27,Male,Mumbai,Urban,485380,727,1
48,Male,Delhi,Urban,654125,736,1
48,Male,Coimbatore,Semi-Urban,492166,637,0
24,Male,Kochi,Semi-Urban,279573,636,0
42,Female,Mumbai,Urban,642126,651,1
32,Male,Pune,Urban,857755,735,1
23,Male,Bengaluru,Urban,594399,646,1
42,Male,Chennai,Urban,394612,778,1
64,Male,Hyderabad,Urban,570363,686,1
22,Male,Chennai,Urban,702658,702,1
44,Female,Kochi,Semi-Urban,559634,656,1
54,Male,Bengaluru,Urban,380287,760,1
47,Female,Chennai,Urban,1003959,701,1
61,Male,Hyderabad,Urban,297490,655,1
21,Female,Kochi,Semi-Urban,1054920,614,0
28,Male,Madurai,Semi-Urban,581438,714,1
43,Male,Coimbatore,Semi-Urban,779441,647,1
58,Female,Chennai,Urban,643043,671,1
26,Male,Delhi,Urban,424463,633,0
42,Female,Bengaluru,Urban,865777,633,1
45,Male,Hyderabad,Urban,723188,649,1
38,Female,Coimbatore,Semi-Urban,580881,676,1
37,Female,Mumbai,Urban,745533,620,1
32,Female,Bengaluru,Urban,572534,667,1
26,Male,Mumbai,Urban,159771,644,0
46,Male,Chennai,Urban,257871,673,1
47,Female,Mumbai,Urban,595583,725,1
28,Female,Mumbai,Urban,536468,690,1
39,Female,Hyderabad,Urban,582090,649,1
62,Male,Pune,Urban,531971,677,1
21,Female,Delhi,Urban,375671,709,0
49,Male,Coimbatore,Semi-Urban,323477,715,0
55,Male,Trivandrum,Semi-Urban,430841,690,0
60,Male,Kochi,Semi-Urban,750859,769,1
34,Male,Mumbai,Urban,436576,635,1
55,Female,Bengaluru,Urban,808429,706,1
40,Male,Kochi,Semi-Urban,392673,676,1
33,Female,Hyderabad,Urban,837023,730,1
58,Male,Bengaluru,Urban,496883,680,1
28,Male,Mumbai,Urban,538393,784,1
63,Male,Trivandrum,Semi-Urban,540126,684,1
40,Male,Pune,Urban,716423,716,1
53,Male,Hyderabad,Urban,650415,670,1
46,Female,Delhi,Urban,627834,697,1
59,Female,Madurai,Semi-Urban,583822,649,0
41,Male,Hyderabad,Urban,486121,701,1
62,Male,Bengaluru,Urban,819380,581,1
63,Male,Hyderabad,Urban,617192,653,1
61,Female,Madurai,Semi-Urban,714834,645,0
29,Male,Chennai,Urban,640026,775,1
44,Male,Hyderabad,Urban,515685,643,1
57,Male,Mumbai,Urban,1079076,655,1
61,Female,Coimbatore,Semi-Urban,846028,641,0
37,Male,Pune,Urban,491978,700,1
44,Male,Mumbai,Urban,1010513,663,1
41,Female,Pune,Urban,785474,657,1
59,Female,Chennai,Urban,381404,786,0
61,Female,Chennai,Urban,776399,687,1
59,Male,Pune,Urban,683234,713,1
33,Female,Mumbai,Urban,633114,700,1
31,Female,Chennai,Urban,802948,638,1
39,Female,Mumbai,Urban,668168,651,1
31,Female,Coimbatore,Semi-Urban,198029,623,0
33,Female,Coimbatore,Semi-Urban,329316,618,0
21,Male,Madurai,Semi-Urban,428886,681,0
60,Male,Delhi,Urban,999117,685,1
64,Female,Madurai,Semi-Urban,730336,673,0
39,Male,Delhi,Urban,708222,698,1
32,Male,Delhi,Urban,621570,671,1
28,Male,Trivandrum,Semi-Urban,415689,741,1
28,Female,Mumbai,Urban,309274,654,1
32,Male,Bengaluru,Urban,799157,729,1
53,Female,Hyderabad,Urban,932680,717,1
46,Female,Kochi,Semi-Urban,735507,551,0
59,Male,Chennai,Urban,501836,604,1
48,Male,Bengaluru,Urban,518203,593,1
25,Male,Hyderabad,Urban,738625,695,1
28,Male,Bengaluru,Urban,576688,625,1
45,Male,Trivandrum,Semi-Urban,568533,732,1
47,Male,Chennai,Urban,492298,625,0
43,Female,Bengaluru,Urban,467331,688,1
50,Male,Trivandrum,Semi-Urban,575934,629,0
43,Female,Coimbatore,Semi-Urban,283256,708,0
40,Male,Bengaluru,Urban,723861,664,1
38,Female,Chennai,Urban,226564,657,1
38,Male,Pune,Urban,813070,645,1
22,Female,Hyderabad,Urban,494462,624,0
24,Female,Pune,Urban,576212,698,1
50,Female,Hyderabad,Urban,711607,645,0
53,Male,Chennai,Urban,542417,799,1
56,Female,Chennai,Urban,452315,759,0
38,Male,Bengaluru,Urban,657286,666,1
57,Male,Madurai,Semi-Urban,1039665,659,1
39,Male,Pune,Urban,757560,670,1
48,Male,Pune,Urban,448414,754,1
60,Male,Madurai,Semi-Urban,529595,785,1
40,Female,Coimbatore,Semi-Urban,504543,581,0
53,Male,Kochi,Semi-Urban,393673,746,0
32,Male,Coimbatore,Semi-Urban,719971,665,1
35,Male,Chennai,Urban,534791,638,1
61,Female,Hyderabad,Urban,663552,735,1
59,Male,Kochi,Semi-Urban,77033,684,0
22,Male,Madurai,Semi-Urban,738004,748,1
49,Female,Kochi,Semi-Urban,481599,727,0
61,Male,Coimbatore,Semi-Urban,398948,696,0
30,Male,Mumbai,Urban,332464,761,1
22,Male,Trivandrum,Semi-Urban,416029,672,0
31,Female,Pune,Urban,514427,625,1
33,Female,Chennai,Urban,777740,775,1
30,Male,Pune,Urban,511257,668,1
34,Male,Delhi,Urban,796545,688,1
38,Male,Kochi,Semi-Urban,658430,651,1
29,Female,Madurai,Semi-Urban,963865,685,1
59,Female,Mumbai,Urban,499815,695,0
48,Male,Mumbai,Urban,682745,624,1
23,Male,Delhi,Urban,849762,625,1
40,Female,Bengaluru,Urban,726068,635,1
26,Female,Mumbai,Urban,565942,673,1
47,Female,Hyderabad,Urban,502480,701,1
22,Female,Pune,Urban,211267,744,0
49,Female,Bengaluru,Urban,552089,802,1
58,Male,Mumbai,Urban,415513,688,1
23,Male,Pune,Urban,491650,657,1
36,Male,Madurai,Semi-Urban,610333,560,1
50,Female,Trivandrum,Semi-Urban,287780,692,0
60,Male,Delhi,Urban,401436,671,1
22,Male,Hyderabad,Urban,677470,662,1
37,Male,Hyderabad,Urban,346997,647,1
61,Male,Bengaluru,Urban,590958,648,1
32,Female,Coimbatore,Semi-Urban,319664,696,0
55,Male,Hyderabad,Urban,705265,712,1
63,Male,Kochi,Semi-Urban,731419,678,1
21,Female,Hyderabad,Urban,846983,719,1
35,Male,Mumbai,Urban,849038,744,1
46,Female,Delhi,Urban,654830,675,1
57,Female,Coimbatore,Semi-Urban,247663,741,0
41,Female,Chennai,Urban,600417,632,1
51,Female,Mumbai,Urban,691583,694,1
45,Male,Bengaluru,Urban,624186,660,1
43,Male,Bengaluru,Urban,932550,704,1
44,Male,Delhi,Urban,859533,572,1
58,Male,Chennai,Urban,605240,738,1
48,Male,Bengaluru,Urban,749155,677,1
41,Male,Madurai,Semi-Urban,306720,701,1
63,Female,Delhi,Urban,637837,640,0
38,Male,Bengaluru,Urban,347238,763,1
56,Male,Bengaluru,Urban,564188,697,1
55,Male,Bengaluru,Urban,464253,661,1
29,Male,Mumbai,Urban,469758,575,1
58,Female,Kochi,Semi-Urban,437517,662,0
50,Male,Kochi,Semi-Urban,519972,564,0
64,Female,Bengaluru,Urban,485629,686,0
54,Male,Kochi,Semi-Urban,726661,709,1
52,Male,Mumbai,Urban,547118,715,1
23,Male,Mumbai,Urban,590883,637,1
23,Female,Coimbatore,Semi-Urban,658214,648,0
48,Male,Hyderabad,Urban,657572,675,1
64,Male,Bengaluru,Urban,386226,652,1
35,Male,Madurai,Semi-Urban,547135,597,1
61,Female,Chennai,Urban,647448,648,0
43,Female,Hyderabad,Urban,423821,699,1
60,Male,Trivandrum,Semi-Urban,401233,657,0
31,Male,Kochi,Semi-Urban,365367,668,1
52,Female,Coimbatore,Semi-Urban,640404,653,0
56,Female,Chennai,Urban,541231,797,1
53,Female,Hyderabad,Urban,569730,686,1
44,Female,Bengaluru,Urban,243965,691,1
59,Female,Delhi,Urban,614182,651,1
54,Male,Hyderabad,Urban,624117,703,1
48,Female,Kochi,Semi-Urban,652686,684,0
57,Female,Bengaluru,Urban,888428,592,0
27,Male,Bengaluru,Urban,448058,754,1
24,Male,Mumbai,Urban,697550,674,1
57,Female,Pune,Urban,666894,706,1
21,Male,Madurai,Semi-Urban,691056,648,0
21,Female,Pune,Urban,537916,702,1
40,Male,Mumbai,Urban,752700,713,1
39,Male,Bengaluru,Urban,454129,606,1
49,Male,Hyderabad,Urban,506055,706,1
30,Male,Kochi,Semi-Urban,562958,674,1
38,Male,Bengaluru,Urban,554116,628,1
48,Male,Hyderabad,Urban,674722,763,1
55,Female,Bengaluru,Urban,652058,633,0
63,Female,Mumbai,Urban,653767,691,1
51,Male,Chennai,Urban,864350,617,1
47,Male,Bengaluru,Urban,558413,624,1
31,Male,Mumbai,Urban,811245,732,1
58,Male,Hyderabad,Urban,387095,662,1
25,Male,Delhi,Urban,574343,752,1
28,Male,Trivandrum,Semi-Urban,586592,659,1
54,Male,Bengaluru,Urban,338344,657,1
32,Male,Coimbatore,Semi-Urban,609005,641,1
58,Male,Bengaluru,Urban,623159,655,1
21,Female,Mumbai,Urban,719468,710,1
51,Male,Delhi,Urban,696424,684,1
24,Female,Pune,Urban,344504,664,0
25,Female,Delhi,Urban,839188,714,1
50,Female,Chennai,Urban,507508,707,1
44,Female,Delhi,Urban,479033,666,1
23,Male,Mumbai,Urban,698051,756,1
31,Male,Mumbai,Urban,770212,602,1
24,Male,Chennai,Urban,505574,700,1
46,Female,Mumbai,Urban,591130,673,1
47,Female,Chennai,Urban,782227,705,1
63,Female,Trivandrum,Semi-Urban,413873,685,0
47,Male,Delhi,Urban,40281,693,1
62,Female,Bengaluru,Urban,707548,590,0
26,Male,Madurai,Semi-Urban,783001,691,1
35,Male,Kochi,Semi-Urban,281133,732,1
50,Female,Hyderabad,Urban,595959,649,0
62,Male,Bengaluru,Urban,500391,729,1
57,Female,Kochi,Semi-Urban,625725,662,0
57,Male,Hyderabad,Urban,186308,650,0
62,Female,Madurai,Semi-Urban,346536,651,0
57,Male,Bengaluru,Urban,689745,628,1
55,Female,Bengaluru,Urban,573355,683,1
43,Female,Pune,Urban,900903,648,1
26,Female,Pune,Urban,717709,652,1
24,Male,Bengaluru,Urban,407397,645,0
38,Female,Trivandrum,Semi-Urban,743880,696,1
29,Male,Chennai,Urban,941685,616,1
49,Male,Trivandrum,Semi-Urban,585544,709,1
33,Male,Madurai,Semi-Urban,680561,705,1
37,Female,Bengaluru,Urban,765076,705,1
52,Male,Chennai,Urban,566635,630,1
42,Female,Bengaluru,Urban,176965,691,1
24,Female,Bengaluru,Urban,711177,745,1
25,Male,Bengaluru,Urban,759951,619,1
57,Female,Coimbatore,Semi-Urban,892631,689,0
61,Male,Hyderabad,Urban,379951,624,0
33,Female,Mumbai,Urban,389187,666,1
54,Male,Coimbatore,Semi-Urban,462184,678,0
42,Male,Mumbai,Urban,566417,648,1
43,Male,Mumbai,Urban,707679,642,1
23,Male,Bengaluru,Urban,375779,692,1
62,Male,Delhi,Urban,789851,629,1
54,Male,Bengaluru,Urban,779760,705,1
52,Male,Trivandrum,Semi-Urban,785474,767,1
41,Male,Chennai,Urban,537935,616,1
64,Male,Kochi,Semi-Urban,152996,613,0
41,Female,Kochi,Semi-Urban,920256,604,0
64,Male,Kochi,Semi-Urban,481422,656,0
31,Female,Chennai,Urban,743523,722,1
59,Female,Chennai,Urban,624336,727,1
24,Female,Madurai,Semi-Urban,825746,701,0
21,Female,Bengaluru,Urban,589741,690,1
48,Male,Chennai,Urban,613754,743,1
44,Female,Kochi,Semi-Urban,635982,655,1
55,Male,Coimbatore,Semi-Urban,683514,707,1
33,Female,Hyderabad,Urban,352938,779,1
54,Female,Kochi,Semi-Urban,975125,741,0
31,Male,Delhi,Urban,585864,623,1
56,Female,Bengaluru,Urban,715016,651,1
37,Male,Kochi,Semi-Urban,903170,781,1
55,Male,Coimbatore,Semi-Urban,598430,651,1
38,Male,Pune,Urban,400793,759,1
60,Female,Bengaluru,Urban,394436,658,0
42,Female,Kochi,Semi-Urban,510052,670,1
44,Female,Mumbai,Urban,666669,634,1
39,Male,Bengaluru,Urban,687582,642,1
57,Male,Kochi,Semi-Urban,825972,670,1
59,Female,Bengaluru,Urban,292675,689,0
41,Male,Hyderabad,Urban,644340,659,1
28,Female,Chennai,Urban,723134,715,1
48,Male,Hyderabad,Urban,715630,659,1
25,Male,Mumbai,Urban,116628,576,0
37,Male,Hyderabad,Urban,525603,669,1
57,Female,Delhi,Urban,762744,656,1
56,Male,Chennai,Urban,437508,754,1
39,Male,Kochi,Semi-Urban,362741,724,1
47,Male,Madurai,Semi-Urban,712779,729,1
54,Male,Chennai,Urban,659833,715,1
31,Male,Mumbai,Urban,646098,701,1
32,Male,Kochi,Semi-Urban,470740,701,1
41,Female,Delhi,Urban,337066,726,1
31,Male,Hyderabad,Urban,789888,709,1
59,Female,Kochi,Semi-Urban,1267476,653,0
48,Female,Bengaluru,Urban,275956,609,0
25,Male,Hyderabad,Urban,804046,585,1
37,Male,Delhi,Urban,565755,637,1
40,Female,Bengaluru,Urban,663431,643,1
61,Male,Mumbai,Urban,588054,675,1
32,Male,Kochi,Semi-Urban,1039043,673,1
26,Male,Trivandrum,Semi-Urban,439591,766,0
37,Female,Bengaluru,Urban,479710,708,1
39,Male,Pune,Urban,615235,642,1
46,Female,Delhi,Urban,713491,748,1
64,Female,Hyderabad,Urban,866982,668,1
64,Male,Chennai,Urban,698330,708,1
52,Male,Delhi,Urban,645099,703,1
26,Male,Madurai,Semi-Urban,511648,682,1
56,Male,Delhi,Urban,702489,750,1
58,Male,Kochi,Semi-Urban,457288,650,0
31,Male,Hyderabad,Urban,640413,686,1
53,Male,Hyderabad,Urban,556404,634,1
44,Male,Hyderabad,Urban,403487,697,1
43,Male,Trivandrum,Semi-Urban,911734,700,1
35,Female,Hyderabad,Urban,404068,684,1
47,Male,Chennai,Urban,521212,683,1
31,Female,Hyderabad,Urban,283017,671,1
37,Male,Madurai,Semi-Urban,566407,698,1
34,Male,Trivandrum,Semi-Urban,686714,710,1
47,Male,Hyderabad,Urban,418658,619,0
38,Male,Madurai,Semi-Urban,236193,666,1
48,Male,Bengaluru,Urban,524995,661,1
24,Female,Bengaluru,Urban,568660,713,1
27,Female,Bengaluru,Urban,552962,740,1
55,Male,Bengaluru,Urban,917045,701,1
29,Male,Bengaluru,Urban,666986,687,1
28,Male,Kochi,Semi-Urban,651284,641,1
37,Male,Delhi,Urban,665989,773,1
37,Male,Kochi,Semi-Urban,664716,633,1
53,Male,Kochi,Semi-Urban,511363,617,0
52,Male,Trivandrum,Semi-Urban,412885,715,0
28,Male,Chennai,Urban,1094276,654,1
39,Male,Kochi,Semi-Urban,570759,718,1
58,Male,Delhi,Urban,604325,751,1
23,Male,Pune,Urban,609053,666,1
25,Female,Chennai,Urban,448600,702,0
33,Male,Bengaluru,Urban,635691,657,1
51,Female,Kochi,Semi-Urban,344206,683,0
36,Female,Trivandrum,Semi-Urban,743182,673,1
52,Female,Hyderabad,Urban,548764,728,1
42,Female,Delhi,Urban,825648,652,1
49,Female,Bengaluru,Urban,703472,646,0
42,Female,Pune,Urban,678752,670,1
63,Male,Bengaluru,Urban,441248,713,1
23,Male,Bengaluru,Urban,614038,640,1
30,Female,Bengaluru,Urban,751119,620,1
62,Female,Mumbai,Urban,623311,738,1
41,Female,Bengaluru,Urban,328482,568,0
36,Female,Trivandrum,Semi-Urban,797089,614,0
32,Female,Madurai,Semi-Urban,751177,788,1
22,Female,Chennai,Urban,299866,592,0
61,Female,Kochi,Semi-Urban,625169,658,0
44,Male,Bengaluru,Urban,763056,647,1
55,Female,Hyderabad,Urban,480085,565,0
50,Female,Hyderabad,Urban,334993,629,0
50,Female,Chennai,Urban,385052,693,0
55,Female,Kochi,Semi-Urban,578222,717,0
39,Male,Bengaluru,Urban,786123,735,1
28,Male,Madurai,Semi-Urban,382540,661,1
46,Female,Kochi,Semi-Urban,384048,587,0
60,Male,Trivandrum,Semi-Urban,539314,682,1
27,Male,Pune,Urban,737527,748,1
50,Male,Pune,Urban,950760,756,1
27,Female,Delhi,Urban,617583,729,1
23,Female,Mumbai,Urban,465046,611,0
21,Female,Hyderabad,Urban,440727,670,0
56,Female,Trivandrum,Semi-Urban,874433,691,0
45,Male,Delhi,Urban,347427,699,1
57,Male,Pune,Urban,638768,591,1
21,Male,Chennai,Urban,863533,782,1
35,Female,Hyderabad,Urban,568337,745,1
57,Male,Hyderabad,Urban,383786,679,1
33,Female,Coimbatore,Semi-Urban,705843,686,1
60,Male,Bengaluru,Urban,620791,655,1
28,Male,Mumbai,Urban,694081,741,1
25,Female,Mumbai,Urban,715724,622,0
29,Male,Bengaluru,Urban,703553,685,1
21,Female,Mumbai,Urban,659206,638,0
56,Male,Delhi,Urban,735397,679,1
55,Male,Bengaluru,Urban,869812,738,1
22,Male,Mumbai,Urban,443314,647,0
60,Male,Pune,Urban,546867,689,1
43,Female,Pune,Urban,758750,673,1
29,Male,Delhi,Urban,585437,643,1
54,Male,Delhi,Urban,347262,649,0
34,Male,Hyderabad,Urban,666570,649,1
24,Female,Pune,Urban,501717,589,0
50,Female,Hyderabad,Urban,1024070,672,1
51,Male,Mumbai,Urban,798658,683,1
58,Male,Bengaluru,Urban,831923,604,1
31,Female,Hyderabad,Urban,608337,657,1
55,Female,Bengaluru,Urban,662104,668,1
28,Male,Trivandrum,Semi-Urban,531523,720,1
23,Female,Delhi,Urban,432384,766,0
34,Female,Delhi,Urban,417649,699,1
33,Female,Hyderabad,Urban,1027320,611,1
52,Female,Coimbatore,Semi-Urban,679372,633,0
54,Female,Bengaluru,Urban,335461,683,0
39,Male,Hyderabad,Urban,792297,657,1
58,Female,Kochi,Semi-Urban,1124636,678,0
36,Male,Madurai,Semi-Urban,292869,721,1
22,Female,Chennai,Urban,720056,671,1
60,Male,Delhi,Urban,375465,802,1
37,Male,Delhi,Urban,831102,601,1
54,Female,Madurai,Semi-Urban,172112,706,0
62,Female,Bengaluru,Urban,615772,596,0
36,Male,Mumbai,Urban,688748,637,1
58,Male,Chennai,Urban,323076,722,1
22,Male,Bengaluru,Urban,688812,576,1
22,Female,Bengaluru,Urban,507034,694,1
46,Female,Pune,Urban,944629,617,0
33,Male,Chennai,Urban,315244,676,1
51,Female,Pune,Urban,781699,648,0
54,Female,Chennai,Urban,580005,680,1
59,Male,Pune,Urban,858727,699,1
23,Female,Kochi,Semi-Urban,863325,732,0
28,Male,Bengaluru,Urban,549676,686,1
43,Female,Delhi,Urban,591063,710,1
34,Male,Hyderabad,Urban,781748,676,1
47,Male,Hyderabad,Urban,704392,612,1
49,Male,Mumbai,Urban,576538,623,1
59,Male,Mumbai,Urban,433321,754,1
59,Female,Kochi,Semi-Urban,673064,618,0
21,Male,Trivandrum,Semi-Urban,377781,689,0
37,Male,Hyderabad,Urban,729648,688,1
61,Female,Pune,Urban,822116,685,1
50,Male,Pune,Urban,434758,731,1
33,Male,Bengaluru,Urban,516550,647,1
41,Female,Bengaluru,Urban,473875,669,1
39,Female,Mumbai,Urban,810777,662,1
39,Male,Delhi,Urban,610941,566,1
45,Male,Hyderabad,Urban,526792,641,1
42,Female,Chennai,Urban,729506,733,1
51,Male,Kochi,Semi-Urban,503849,781,1
37,Male,Delhi,Urban,559246,727,1
43,Male,Chennai,Urban,377009,699,1
52,Male,Madurai,Semi-Urban,767729,611,0
30,Female,Kochi,Semi-Urban,381608,689,0
30,Female,Hyderabad,Urban,886588,684,1
56,Female,Kochi,Semi-Urban,647797,797,0
28,Female,Bengaluru,Urban,568656,592,1
40,Male,Mumbai,Urban,597380,617,1
52,Male,Chennai,Urban,941990,740,1
34,Female,Bengaluru,Urban,330768,757,1
48,Male,Hyderabad,Urban,345589,696,1
44,Male,Chennai,Urban,791878,661,1
35,Female,Kochi,Semi-Urban,415729,708,0
42,Male,Kochi,Semi-Urban,452159,788,1
50,Male,Bengaluru,Urban,511384,647,1
24,Female,Bengaluru,Urban,825094,703,1
33,Female,Coimbatore,Semi-Urban,761909,669,1
43,Male,Bengaluru,Urban,571763,698,1
28,Female,Hyderabad,Urban,680103,718,1
38,Male,Mumbai,Urban,675266,650,1
32,Male,Coimbatore,Semi-Urban,399494,729,1
51,Female,Coimbatore,Semi-Urban,413100,655,0
34,Female,Trivandrum,Semi-Urban,192661,708,0
54,Male,Chennai,Urban,898119,582,1
38,Male,Trivandrum,Semi-Urban,465982,718,1
54,Male,Chennai,Urban,602717,635,1
31,Male,Chennai,Urban,707781,655,1
61,Male,Delhi,Urban,405746,567,0
32,Male,Kochi,Semi-Urban,430480,668,1
35,Male,Bengaluru,Urban,415815,746,1
51,Male,Bengaluru,Urban,20637,601,0
49,Male,Coimbatore,Semi-Urban,586972,689,1
46,Female,Madurai,Semi-Urban,1067431,578,0
38,Male,Delhi,Urban,494112,672,1
52,Male,Mumbai,Urban,499575,722,1
42,Female,Coimbatore,Semi-Urban,526037,674,1
58,Female,Trivandrum,Semi-Urban,662321,719,0
37,Male,Delhi,Urban,776289,654,1
43,Male,Hyderabad,Urban,433103,809,1
44,Female,Chennai,Urban,692514,735,1
28,Male,Mumbai,Urban,582850,690,1
61,Female,Hyderabad,Urban,659775,765,1
26,Male,Hyderabad,Urban,690258,749,1
25,Male,Delhi,Urban,405039,653,1
64,Male,Chennai,Urban,494784,705,1
49,Female,Coimbatore,Semi-Urban,692472,665,0
48,Female,Bengaluru,Urban,571963,725,1
31,Male,Mumbai,Urban,758447,758,1
21,Male,Trivandrum,Semi-Urban,555521,606,0
63,Male,Mumbai,Urban,802095,685,1
39,Male,Hyderabad,Urban,207481,753,1
29,Female,Mumbai,Urban,664668,718,1
47,Male,Coimbatore,Semi-Urban,342068,701,0
54,Female,Pune,Urban,824274,733,1
64,Female,Kochi,Semi-Urban,570128,613,0
24,Female,Coimbatore,Semi-Urban,531899,708,0
56,Female,Bengaluru,Urban,434756,741,0
38,Male,Madurai,Semi-Urban,732738,708,1
35,Male,Pune,Urban,713628,619,1
33,Male,Delhi,Urban,543694,661,1
39,Male,Trivandrum,Semi-Urban,733086,680,1
26,Male,Delhi,Urban,644124,639,1
32,Male,Hyderabad,Urban,617192,634,1
57,Female,Madurai,Semi-Urban,756575,704,0
37,Male,Delhi,Urban,962269,762,1
43,Female,Delhi,Urban,656378,585,1
46,Female,Kochi,Semi-Urban,656686,655,0
49,Female,Madurai,Semi-Urban,783722,643,0
53,Male,Trivandrum,Semi-Urban,409506,755,0
47,Male,Chennai,Urban,563384,716,1
45,Male,Mumbai,Urban,522782,749,1
30,Male,Pune,Urban,660079,724,1
43,Male,Delhi,Urban,643388,739,1
41,Female,Pune,Urban,951713,694,1
41,Male,Coimbatore,Semi-Urban,899837,703,1
63,Male,Kochi,Semi-Urban,297037,706,0
33,Female,Hyderabad,Urban,671453,681,1
57,Male,Hyderabad,Urban,741637,680,1
53,Male,Kochi,Semi-Urban,616810,703,1
44,Female,Mumbai,Urban,496802,702,1
64,Male,Coimbatore,Semi-Urban,875743,690,1
31,Female,Trivandrum,Semi-Urban,666031,689,1
37,Male,Hyderabad,Urban,391316,715,1
24,Female,Trivandrum,Semi-Urban,795204,673,0
45,Male,Mumbai,Urban,693548,618,1
50,Male,Hyderabad,Urban,471267,690,1
29,Male,Mumbai,Urban,447306,635,1
41,Male,Madurai,Semi-Urban,440773,731,1
40,Male,Hyderabad,Urban,836750,650,1
39,Male,Hyderabad,Urban,717893,654,1
39,Male,Hyderabad,Urban,791245,700,1
32,Male,Chennai,Urban,640899,679,1
57,Male,Delhi,Urban,463689,739,1
62,Male,Bengaluru,Urban,441132,669,1
37,Female,Coimbatore,Semi-Urban,814629,665,1
57,Male,Chennai,Urban,689245,641,1
59,Male,Delhi,Urban,546861,620,1
48,Female,Bengaluru,Urban,604270,653,1
61,Female,Pune,Urban,799617,700,1
55,Male,Mumbai,Urban,712636,744,1
38,Male,Coimbatore,Semi-Urban,581546,722,1
34,Male,Trivandrum,Semi-Urban,590750,651,1
55,Male,Trivandrum,Semi-Urban,481897,688,0
64,Female,Coimbatore,Semi-Urban,604630,681,0
61,Male,Bengaluru,Urban,542429,737,1
27,Female,Kochi,Semi-Urban,589972,745,0
61,Male,Chennai,Urban,491687,582,0
33,Male,Coimbatore,Semi-Urban,332054,749,1
38,Female,Pune,Urban,790759,601,1
57,Male,Madurai,Semi-Urban,714623,693,1
33,Male,Bengaluru,Urban,546905,575,1
56,Female,Hyderabad,Urban,535637,730,1
51,Female,Hyderabad,Urban,322250,663,0
22,Female,Bengaluru,Urban,813175,713,1
36,Male,Bengaluru,Urban,850789,665,1
29,Male,Hyderabad,Urban,582402,728,1
29,Female,Pune,Urban,665356,596,1
58,Male,Delhi,Urban,402259,710,1
31,Female,Kochi,Semi-Urban,617119,700,1
42,Male,Mumbai,Urban,462399,698,1
53,Male,Kochi,Semi-Urban,463092,705,0
56,Female,Pune,Urban,542280,736,1
43,Male,Delhi,Urban,515142,729,1
54,Male,Bengaluru,Urban,574346,609,1
29,Male,Mumbai,Urban,811329,685,1
44,Male,Pune,Urban,177606,697,1
28,Male,Hyderabad,Urban,493346,676,1
27,Male,Delhi,Urban,726352,687,1
56,Male,Bengaluru,Urban,638943,703,1
38,Female,Bengaluru,Urban,444049,717,1
23,Male,Madurai,Semi-Urban,1021040,708,1
48,Female,Hyderabad,Urban,1139269,723,1
26,Male,Hyderabad,Urban,596898,778,1
64,Male,Hyderabad,Urban,401711,669,1
64,Male,Pune,Urban,549776,673,1
41,Female,Bengaluru,Urban,374535,715,1
48,Female,Coimbatore,Semi-Urban,680129,679,0
60,Female,Hyderabad,Urban,715112,663,1
21,Male,Coimbatore,Semi-Urban,797064,657,1
56,Male,Pune,Urban,679884,711,1
41,Female,Hyderabad,Urban,645751,702,1
63,Female,Bengaluru,Urban,398490,773,0
55,Female,Bengaluru,Urban,355503,628,0
33,Male,Trivandrum,Semi-Urban,195845,629,0
30,Female,Bengaluru,Urban,616176,683,1
64,Male,Chennai,Urban,772653,640,1
30,Male,Chennai,Urban,830335,590,1
33,Male,Hyderabad,Urban,767521,658,1
57,Male,Bengaluru,Urban,526560,788,1
58,Female,Madurai,Semi-Urban,971830,804,0
44,Female,Madurai,Semi-Urban,410241,707,0
22,Female,Mumbai,Urban,400900,624,0
42,Female,Kochi,Semi-Urban,753340,640,0
37,Male,Kochi,Semi-Urban,881247,684,1
56,Female,Trivandrum,Semi-Urban,958529,654,0
34,Male,Delhi,Urban,799421,688,1
30,Female,Delhi,Urban,746920,682,1
55,Female,Kochi,Semi-Urban,762565,618,0
45,Female,Trivandrum,Semi-Urban,544375,677,1
23,Male,Hyderabad,Urban,439744,703,1
58,Female,Hyderabad,Urban,654941,661,1
37,Male,Chennai,Urban,260867,727,1
32,Male,Delhi,Urban,538333,682,1
44,Female,Hyderabad,Urban,493856,673,1
49,Male,Delhi,Urban,716654,683,1
63,Female,Mumbai,Urban,644026,652,1
45,Male,Coimbatore,Semi-Urban,897294,700,1
56,Male,Bengaluru,Urban,764457,637,1
46,Female,Delhi,Urban,472176,799,0
58,Male,Delhi,Urban,734502,781,1
21,Male,Hyderabad,Urban,254547,676,1
40,Male,Mumbai,Urban,746479,708,1
48,Male,Coimbatore,Semi-Urban,450766,710,0
36,Female,Hyderabad,Urban,478444,709,1
37,Male,Madurai,Semi-Urban,868595,714,1
60,Female,Madurai,Semi-Urban,677907,717,0
48,Female,Kochi,Semi-Urban,561379,714,0
32,Male,Coimbatore,Semi-Urban,803278,640,1
47,Female,Kochi,Semi-Urban,894652,702,0
62,Female,Delhi,Urban,400057,642,0
50,Male,Pune,Urban,457250,706,1
61,Male,Hyderabad,Urban,762238,726,1
54,Male,Chennai,Urban,661318,698,1
57,Female,Hyderabad,Urban,227774,717,0
26,Female,Kochi,Semi-Urban,956536,690,0
27,Male,Chennai,Urban,503645,772,1
52,Female,Madurai,Semi-Urban,399014,700,0
52,Female,Mumbai,Urban,602320,634,0
45,Female,Coimbatore,Semi-Urban,780416,655,1
53,Female,Chennai,Urban,826932,701,1
27,Male,Hyderabad,Urban,611433,745,1
32,Female,Bengaluru,Urban,1107165,700,1
36,Female,Chennai,Urban,1164612,691,1
36,Female,Mumbai,Urban,689593,624,1
63,Male,Pune,Urban,587584,774,1
56,Male,Hyderabad,Urban,532634,613,1
33,Male,Kochi,Semi-Urban,569441,602,1
27,Male,Mumbai,Urban,899019,656,1
56,Female,Bengaluru,Urban,667160,709,1
29,Male,Mumbai,Urban,774060,659,1
52,Female,Bengaluru,Urban,738776,649,0
31,Female,Madurai,Semi-Urban,721277,638,0
28,Female,Trivandrum,Semi-Urban,817813,768,1
53,Male,Hyderabad,Urban,765512,696,1
43,Female,Kochi,Semi-Urban,695335,724,1
45,Female,Bengaluru,Urban,968976,782,1
28,Female,Trivandrum,Semi-Urban,336140,781,0
42,Male,Coimbatore,Semi-Urban,656609,635,1
24,Male,Coimbatore,Semi-Urban,494475,692,0
60,Male,Hyderabad,Urban,783926,719,1
23,Male,Chennai,Urban,273158,685,1
49,Male,Delhi,Urban,646636,646,1
61,Male,Pune,Urban,696475,546,1
49,Female,Pune,Urban,844591,747,1
54,Male,Hyderabad,Urban,515443,772,1
54,Male,Coimbatore,Semi-Urban,1158046,716,1
48,Female,Pune,Urban,482725,678,0
33,Male,Chennai,Urban,372357,652,1
35,Female,Coimbatore,Semi-Urban,721158,686,1
43,Male,Chennai,Urban,574489,746,1
64,Male,Hyderabad,Urban,968270,707,1
46,Male,Chennai,Urban,282033,571,0
24,Female,Mumbai,Urban,607137,760,1
46,Male,Coimbatore,Semi-Urban,763623,713,1
60,Female,Delhi,Urban,466678,626,0
29,Male,Bengaluru,Urban,321521,709,1
25,Male,Chennai,Urban,889631,690,1
52,Female,Delhi,Urban,432115,690,0
40,Male,Delhi,Urban,808767,629,1
31,Female,Delhi,Urban,415173,666,1
35,Male,Bengaluru,Urban,536220,599,1
52,Male,Trivandrum,Semi-Urban,751442,741,1
48,Female,Madurai,Semi-Urban,670783,637,0
42,Female,Delhi,Urban,413707,736,1
61,Male,Trivandrum,Semi-Urban,706117,710,1
37,Female,Madurai,Semi-Urban,165537,660,0
46,Male,Kochi,Semi-Urban,359937,642,0
64,Female,Kochi,Semi-Urban,949112,690,0
27,Female,Trivandrum,Semi-Urban,566060,734,0
62,Male,Chennai,Urban,743585,720,1
46,Male,Delhi,Urban,737788,708,1
45,Male,Coimbatore,Semi-Urban,531181,671,1
30,Male,Hyderabad,Urban,623461,720,1
39,Male,Madurai,Semi-Urban,365461,602,0
31,Female,Kochi,Semi-Urban,625977,692,1
33,Female,Mumbai,Urban,501902,680,1
28,Male,Kochi,Semi-Urban,1018350,618,1
60,Male,Mumbai,Urban,459759,662,1
24,Male,Coimbatore,Semi-Urban,702668,764,1
51,Female,Mumbai,Urban,545291,708,1
48,Male,Madurai,Semi-Urban,762684,726,1
31,Male,Mumbai,Urban,328687,657,1
63,Male,Kochi,Semi-Urban,573596,596,0
21,Male,Pune,Urban,718480,755,1
58,Male,Bengaluru,Urban,647056,643,1
44,Male,Trivandrum,Semi-Urban,699150,663,1
51,Male,Bengaluru,Urban,434160,612,0
61,Male,Coimbatore,Semi-Urban,530691,749,1
46,Male,Delhi,Urban,596228,696,1
25,Male,Pune,Urban,755976,673,1
40,Male,Madurai,Semi-Urban,879375,710,1
61,Female,Bengaluru,Urban,228331,661,0
31,Female,Bengaluru,Urban,536091,649,1
53,Male,Delhi,Urban,468214,620,0
58,Male,Delhi,Urban,445333,614,0
47,Female,Chennai,Urban,653328,733,1
54,Male,Bengaluru,Urban,606513,743,1
35,Male,Delhi,Urban,375611,595,1
52,Male,Bengaluru,Urban,365810,677,1
41,Female,Madurai,Semi-Urban,692372,685,1
25,Female,Coimbatore,Semi-Urban,381689,647,0
26,Male,Coimbatore,Semi-Urban,461044,639,0
58,Male,Bengaluru,Urban,784682,685,1
42,Female,Bengaluru,Urban,634474,645,1
38,Female,Delhi,Urban,909525,681,1
34,Female,Pune,Urban,578603,625,1
30,Male,Hyderabad,Urban,1046582,650,1
33,Male,Hyderabad,Urban,563256,666,1
51,Female,Bengaluru,Urban,839560,663,1
50,Male,Kochi,Semi-Urban,432017,737,0
23,Male,Kochi,Semi-Urban,469966,652,0
50,Male,Bengaluru,Urban,938350,727,1
26,Female,Mumbai,Urban,460940,531,0
49,Female,Kochi,Semi-Urban,556528,680,0
28,Male,Mumbai,Urban,467709,575,1
64,Female,Kochi,Semi-Urban,824876,741,0
63,Male,Coimbatore,Semi-Urban,358144,781,0
64,Female,Kochi,Semi-Urban,861499,678,0
53,Male,Kochi,Semi-Urban,648944,766,1
37,Male,Madurai,Semi-Urban,637291,640,1
31,Male,Madurai,Semi-Urban,588492,729,1
33,Male,Hyderabad,Urban,850157,722,1
31,Male,Chennai,Urban,556153,672,1
51,Male,Coimbatore,Semi-Urban,457801,679,0
48,Female,Chennai,Urban,704087,696,1
64,Male,Pune,Urban,582915,690,1
26,Male,Bengaluru,Urban,992162,697,1
61,Male,Pune,Urban,782365,786,1
36,Male,Delhi,Urban,669369,780,1
24,Male,Coimbatore,Semi-Urban,886828,722,1
55,Female,Mumbai,Urban,309827,783,0
46,Male,Pune,Urban,712212,625,1
32,Female,Chennai,Urban,620413,721,1
31,Female,Chennai,Urban,559323,723,1
57,Male,Bengaluru,Urban,543808,659,1
45,Male,Pune,Urban,822650,787,1
38,Female,Mumbai,Urban,227684,760,1
39,Male,Kochi,Semi-Urban,694500,706,1
43,Male,Kochi,Semi-Urban,313912,644,0
58,Female,Madurai,Semi-Urban,551079,603,0
38,Male,Kochi,Semi-Urban,589938,628,1
46,Male,Delhi,Urban,923294,761,1
26,Female,Trivandrum,Semi-Urban,493288,666,0
24,Male,Trivandrum,Semi-Urban,610870,737,1
64,Male,Chennai,Urban,354239,698,1
49,Female,Bengaluru,Urban,701164,578,0
54,Female,Bengaluru,Urban,333794,666,0
37,Male,Hyderabad,Urban,244369,632,1
63,Male,Mumbai,Urban,298214,721,1
63,Female,Kochi,Semi-Urban,543236,724,0
36,Female,Pune,Urban,553232,670,1
22,Male,Hyderabad,Urban,826942,757,1
54,Male,Trivandrum,Semi-Urban,904431,734,1
28,Male,Delhi,Urban,899614,658,1
33,Female,Chennai,Urban,830145,707,1
62,Female,Kochi,Semi-Urban,1015085,640,0
28,Female,Pune,Urban,691072,663,1
50,Female,Bengaluru,Urban,693987,710,1
52,Male,Mumbai,Urban,965405,682,1
56,Male,Bengaluru,Urban,377131,609,0
50,Female,Hyderabad,Urban,787965,700,1
21,Female,Kochi,Semi-Urban,590567,664,0
63,Male,Coimbatore,Semi-Urban,866637,640,0
59,Male,Trivandrum,Semi-Urban,836357,625,0
37,Female,Mumbai,Urban,567132,670,1
40,Male,Madurai,Semi-Urban,359044,692,1
44,Male,Hyderabad,Urban,869907,668,1
42,Female,Trivandrum,Semi-Urban,505373,695,1
49,Female,Mumbai,Urban,624215,666,1
42,Male,Madurai,Semi-Urban,376217,709,1
64,Female,Coimbatore,Semi-Urban,527879,672,0
29,Male,Madurai,Semi-Urban,803262,598,1
57,Male,Chennai,Urban,677032,620,1
30,Male,Kochi,Semi-Urban,449742,653,1
56,Female,Trivandrum,Semi-Urban,224249,743,0
57,Female,Trivandrum,Semi-Urban,737638,632,0
48,Female,Mumbai,Urban,516948,699,1
48,Female,Bengaluru,Urban,634974,700,1
62,Male,Chennai,Urban,572626,619,1
63,Male,Hyderabad,Urban,514924,666,1
41,Male,Madurai,Semi-Urban,723982,687,1
44,Male,Coimbatore,Semi-Urban,426324,666,1
62,Female,Bengaluru,Urban,629922,708,1
60,Female,Pune,Urban,682942,706,1
22,Female,Chennai,Urban,869505,690,1
28,Male,Mumbai,Urban,610434,725,1
47,Male,Chennai,Urban,361623,679,1
42,Male,Madurai,Semi-Urban,734960,685,1
57,Male,Trivandrum,Semi-Urban,422380,694,0
47,Male,Hyderabad,Urban,465980,625,0
49,Male,Kochi,Semi-Urban,500026,709,1
23,Male,Chennai,Urban,563045,649,1
64,Male,Hyderabad,Urban,858560,669,1
33,Male,Hyderabad,Urban,730391,707,1
30,Male,Chennai,Urban,379997,702,1
56,Male,Madurai,Semi-Urban,902526,608,0
29,Male,Kochi,Semi-Urban,812218,609,1
47,Male,Hyderabad,Urban,683318,630,1
54,Male,Chennai,Urban,136517,690,1
21,Male,Bengaluru,Urban,431183,745,1
52,Male,Hyderabad,Urban,601807,655,1
45,Male,Delhi,Urban,931085,632,1
49,Female,Hyderabad,Urban,865093,633,0
27,Female,Trivandrum,Semi-Urban,406913,701,0
23,Female,Mumbai,Urban,263946,733,0
40,Male,Hyderabad,Urban,563517,730,1
40,Male,Pune,Urban,628076,646,1
50,Female,Chennai,Urban,351757,604,0
55,Male,Mumbai,Urban,425818,684,1
55,Female,Hyderabad,Urban,1023228,754,1
59,Male,Chennai,Urban,525195,701,1
47,Male,Chennai,Urban,539834,612,1
46,Female,Hyderabad,Urban,1165261,676,1
34,Male,Madurai,Semi-Urban,532254,629,1
37,Male,Trivandrum,Semi-Urban,397737,696,1
38,Male,Kochi,Semi-Urban,458165,677,1
49,Male,Mumbai,Urban,658316,666,1
40,Male,Mumbai,Urban,505022,648,1
47,Male,Chennai,Urban,573970,701,1
38,Female,Bengaluru,Urban,591408,739,1
24,Female,Hyderabad,Urban,1229573,760,1
21,Male,Mumbai,Urban,742529,700,1
21,Female,Bengaluru,Urban,409788,743,0
46,Male,Bengaluru,Urban,565159,629,1
40,Male,Chennai,Urban,760606,663,1
43,Female,Hyderabad,Urban,816570,632,1
30,Female,Mumbai,Urban,279117,655,1
31,Female,Bengaluru,Urban,316577,628,0
61,Male,Chennai,Urban,693993,761,1
61,Male,Chennai,Urban,472451,661,1
25,Female,Bengaluru,Urban,444358,672,0
21,Male,Hyderabad,Urban,637415,602,1
37,Female,Bengaluru,Urban,758152,579,1
42,Male,Trivandrum,Semi-Urban,552214,764,1
54,Female,Hyderabad,Urban,211389,668,0
61,Male,Hyderabad,Urban,494285,794,1
49,Male,Bengaluru,Urban,367918,672,1
24,Male,Chennai,Urban,712344,617,1
25,Female,Chennai,Urban,1010099,681,1
31,Female,Pune,Urban,657583,683,1
41,Male,Coimbatore,Semi-Urban,688202,687,1
55,Female,Bengaluru,Urban,762600,676,1
32,Male,Kochi,Semi-Urban,869609,604,1
46,Male,Chennai,Urban,483628,603,0
39,Male,Bengaluru,Urban,589412,738,1
27,Male,Trivandrum,Semi-Urban,789692,778,1
27,Male,Bengaluru,Urban,411660,665,1
46,Male,Mumbai,Urban,298193,588,0
60,Female,Kochi,Semi-Urban,506987,740,0
25,Female,Delhi,Urban,851278,637,0
41,Female,Pune,Urban,628100,697,1
34,Male,Coimbatore,Semi-Urban,506748,653,1
24,Female,Coimbatore,Semi-Urban,803146,655,0
43,Female,Hyderabad,Urban,710696,636,1
62,Male,Bengaluru,Urban,444609,749,1
40,Female,Trivandrum,Semi-Urban,562033,702,1
35,Male,Pune,Urban,395170,696,1
49,Male,Mumbai,Urban,628677,681,1
28,Male,Pune,Urban,727267,699,1
61,Male,Bengaluru,Urban,108394,620,0
39,Female,Hyderabad,Urban,395965,706,1
59,Male,Chennai,Urban,935719,740,1
48,Male,Mumbai,Urban,532891,690,1
47,Female,Coimbatore,Semi-Urban,931742,723,0
24,Female,Hyderabad,Urban,344988,659,0
35,Female,Madurai,Semi-Urban,493641,700,0
55,Male,Delhi,Urban,643531,660,1
57,Male,Mumbai,Urban,536282,597,1
21,Female,Coimbatore,Semi-Urban,853090,668,0
23,Male,Bengaluru,Urban,576330,736,1
44,Male,Coimbatore,Semi-Urban,742417,613,1
47,Male,Chennai,Urban,381596,761,1
60,Male,Hyderabad,Urban,652879,652,1
56,Male,Delhi,Urban,537243,708,1
54,Male,Madurai,Semi-Urban,399708,755,0
49,Male,Delhi,Urban,693311,771,1
44,Male,Kochi,Semi-Urban,872436,760,1
44,Male,Coimbatore,Semi-Urban,480948,642,0
62,Male,Chennai,Urban,684555,737,1
24,Female,Coimbatore,Semi-Urban,556980,650,0
23,Female,Mumbai,Urban,621432,633,0
54,Male,Chennai,Urban,767972,650,1
43,Male,Hyderabad,Urban,888356,743,1
43,Male,Chennai,Urban,848375,656,1
25,Male,Chennai,Urban,450084,641,0
51,Male,Hyderabad,Urban,331142,760,1
61,Male,Chennai,Urban,197720,673,1
26,Female,Kochi,Semi-Urban,726604,712,0
57,Female,Delhi,Urban,494741,632,0
30,Male,Kochi,Semi-Urban,812463,660,1
60,Male,Hyderabad,Urban,393067,669,1
27,Female,Trivandrum,Semi-Urban,689240,651,0
59,Male,Bengaluru,Urban,245949,675,1
58,Female,Delhi,Urban,700926,635,0
41,Male,Hyderabad,Urban,678259,676,1
40,Female,Delhi,Urban,380094,736,1
23,Female,Hyderabad,Urban,638448,596,0
42,Female,Coimbatore,Semi-Urban,1013868,673,1
24,Male,Madurai,Semi-Urban,737603,655,1
48,Male,Trivandrum,Semi-Urban,1191032,651,1
32,Male,Chennai,Urban,630642,777,1
58,Female,Hyderabad,Urban,715628,752,1
56,Male,Madurai,Semi-Urban,504763,655,1
61,Male,Mumbai,Urban,649258,612,1
25,Male,Pune,Urban,404775,756,1
33,Male,Mumbai,Urban,781110,700,1
43,Male,Pune,Urban,438885,622,1
50,Male,Pune,Urban,933243,634,1
57,Male,Kochi,Semi-Urban,330768,685,0
45,Male,Bengaluru,Urban,539036,767,1
47,Female,Mumbai,Urban,550220,661,1
34,Female,Madurai,Semi-Urban,376400,702,0
56,Female,Madurai,Semi-Urban,646925,650,0
59,Male,Chennai,Urban,493312,703,1
36,Female,Mumbai,Urban,880853,598,1
42,Male,Coimbatore,Semi-Urban,437561,711,1
41,Male,Delhi,Urban,684200,692,1
41,Male,Coimbatore,Semi-Urban,582801,638,1
28,Male,Coimbatore,Semi-Urban,557333,512,1
36,Male,Madurai,Semi-Urban,618295,761,1
51,Female,Bengaluru,Urban,741647,593,0
62,Male,Bengaluru,Urban,222536,743,1
30,Male,Bengaluru,Urban,609525,638,1
52,Male,Pune,Urban,434843,699,1
54,Male,Mumbai,Urban,450037,710,1
29,Male,Bengaluru,Urban,648718,762,1
37,Male,Hyderabad,Urban,820003,625,1
31,Female,Hyderabad,Urban,910225,678,1
52,Male,Coimbatore,Semi-Urban,483635,631,0
30,Male,Trivandrum,Semi-Urban,30260,627,0
42,Female,Kochi,Semi-Urban,614041,684,1
37,Female,Bengaluru,Urban,236373,722,1
24,Female,Madurai,Semi-Urban,688261,804,0
45,Female,Chennai,Urban,420170,668,1
41,Male,Kochi,Semi-Urban,668469,676,1
57,Male,Bengaluru,Urban,429327,679,1
58,Female,Bengaluru,Urban,367136,688,0
21,Female,Bengaluru,Urban,372051,692,0
45,Male,Delhi,Urban,679401,622,1
56,Male,Kochi,Semi-Urban,335634,542,0
37,Female,Bengaluru,Urban,709188,666,1
61,Male,Hyderabad,Urban,955448,778,1
44,Male,Madurai,Semi-Urban,934208,683,1
22,Male,Bengaluru,Urban,280705,673,1
60,Female,Chennai,Urban,330559,678,0
35,Female,Mumbai,Urban,696245,645,1
52,Male,Coimbatore,Semi-Urban,386345,675,0
59,Male,Chennai,Urban,723756,682,1
26,Male,Pune,Urban,257942,682,1
21,Male,Hyderabad,Urban,585690,685,1
43,Male,Hyderabad,Urban,788822,685,1
59,Male,Bengaluru,Urban,289600,676,1
37,Male,Kochi,Semi-Urban,576617,736,1
54,Female,Chennai,Urban,573929,774,1
61,Female,Kochi,Semi-Urban,721285,595,0
49,Male,Chennai,Urban,466230,652,1
29,Male,Hyderabad,Urban,314391,569,1
33,Female,Madurai,Semi-Urban,95146,704,0
26,Male,Trivandrum,Semi-Urban,865042,742,1
26,Female,Chennai,Urban,766971,685,1
40,Male,Delhi,Urban,595122,686,1
23,Female,Kochi,Semi-Urban,589770,651,0
37,Female,Bengaluru,Urban,685042,689,1
32,Female,Mumbai,Urban,793173,676,1
21,Female,Chennai,Urban,196564,734,0
37,Female,Mumbai,Urban,244019,781,1
23,Male,Coimbatore,Semi-Urban,214828,757,0
46,Male,Chennai,Urban,530806,793,1
35,Male,Bengaluru,Urban,636387,712,1
56,Female,Chennai,Urban,802506,696,1
52,Female,Pune,Urban,17832,679,0
52,Male,Trivandrum,Semi-Urban,332448,698,0
24,Male,Bengaluru,Urban,626132,696,1
38,Female,Mumbai,Urban,650922,746,1
39,Male,Chennai,Urban,560066,671,1
63,Male,Kochi,Semi-Urban,374967,627,0
55,Female,Mumbai,Urban,460066,678,0
60,Male,Pune,Urban,572603,633,1
34,Male,Chennai,Urban,256648,669,1
53,Male,Delhi,Urban,429356,593,0
34,Male,Trivandrum,Semi-Urban,323826,681,1
54,Male,Coimbatore,Semi-Urban,700401,635,0
24,Male,Mumbai,Urban,417125,717,1
44,Male,Kochi,Semi-Urban,338545,661,1
49,Male,Hyderabad,Urban,496503,584,0
39,Male,Mumbai,Urban,750542,659,1
26,Male,Madurai,Semi-Urban,595402,675,1
53,Female,Pune,Urban,820430,696,1
60,Male,Trivandrum,Semi-Urban,789772,706,1
39,Female,Hyderabad,Urban,450022,639,0
21,Female,Coimbatore,Semi-Urban,626927,641,0
25,Male,Bengaluru,Urban,819547,678,1
47,Female,Bengaluru,Urban,503441,695,1
36,Male,Kochi,Semi-Urban,648031,703,1
26,Female,Hyderabad,Urban,419629,727,0
60,Male,Pune,Urban,554899,596,1
33,Female,Mumbai,Urban,548387,728,1
55,Male,Mumbai,Urban,725440,720,1
39,Female,Kochi,Semi-Urban,523304,722,1
32,Male,Trivandrum,Semi-Urban,643097,668,1
36,Female,Mumbai,Urban,676228,692,1
63,Male,Chennai,Urban,442186,704,1
30,Female,Coimbatore,Semi-Urban,519502,670,1
45,Male,Hyderabad,Urban,692611,727,1
40,Male,Chennai,Urban,967695,620,1
51,Female,Kochi,Semi-Urban,348553,715,0
24,Female,Bengaluru,Urban,705066,704,1
64,Male,Pune,Urban,842821,755,1
43,Female,Kochi,Semi-Urban,619117,776,1
22,Female,Pune,Urban,419370,670,0
42,Female,Hyderabad,Urban,589514,756,1
57,Male,Pune,Urban,406554,695,1
28,Male,Bengaluru,Urban,499438,696,1
27,Female,Bengaluru,Urban,677074,699,1
34,Male,Bengaluru,Urban,587897,613,1
23,Male,Mumbai,Urban,639201,736,1
36,Male,Bengaluru,Urban,366148,610,1
39,Male,Delhi,Urban,477809,705,1
38,Female,Hyderabad,Urban,722605,554,1
36,Female,Hyderabad,Urban,265027,669,1
28,Male,Kochi,Semi-Urban,334734,679,1
53,Male,Chennai,Urban,538882,711,1
32,Male,Trivandrum,Semi-Urban,496508,752,1
31,Male,Delhi,Urban,753885,676,1
25,Male,Madurai,Semi-Urban,121045,617,0
47,Female,Hyderabad,Urban,583502,657,1
32,Female,Pune,Urban,874191,691,1
37,Male,Delhi,Urban,665402,687,1
26,Female,Pune,Urban,293262,593,0
53,Male,Bengaluru,Urban,1085514,654,1
25,Female,Trivandrum,Semi-Urban,490628,653,0
48,Male,Coimbatore,Semi-Urban,113163,669,0
34,Female,Bengaluru,Urban,762409,710,1
25,Male,Delhi,Urban,438356,640,0
53,Male,Coimbatore,Semi-Urban,974223,733,1
61,Male,Delhi,Urban,744330,716,1
39,Male,Bengaluru,Urban,1026217,575,1
42,Male,Trivandrum,Semi-Urban,389324,659,1
25,Male,Bengaluru,Urban,855597,690,1
22,Male,Coimbatore,Semi-Urban,437353,755,0
50,Female,Bengaluru,Urban,668712,620,0
59,Male,Bengaluru,Urban,634480,593,1
24,Female,Hyderabad,Urban,877449,691,1
53,Male,Kochi,Semi-Urban,761977,629,0
33,Female,Pune,Urban,507025,676,1
40,Female,Bengaluru,Urban,817730,643,1
27,Male,Bengaluru,Urban,581605,726,1
35,Female,Hyderabad,Urban,738711,717,1
43,Male,Coimbatore,Semi-Urban,659131,649,1
34,Female,Mumbai,Urban,557374,755,1
43,Male,Hyderabad,Urban,335277,683,1
39,Male,Delhi,Urban,640672,696,1
49,Male,Chennai,Urban,464996,646,0
40,Male,Mumbai,Urban,353975,643,1
49,Male,Hyderabad,Urban,766092,756,1
44,Female,Coimbatore,Semi-Urban,473827,685,0
38,Male,Pune,Urban,238951,691,1
30,Male,Trivandrum,Semi-Urban,600447,654,1
61,Male,Mumbai,Urban,569596,693,1
28,Male,Mumbai,Urban,587650,680,1
46,Male,Bengaluru,Urban,587419,679,1
49,Female,Trivandrum,Semi-Urban,398798,762,0
30,Male,Delhi,Urban,520137,686,1
37,Male,Madurai,Semi-Urban,807852,623,1
22,Male,Chennai,Urban,770993,704,1
26,Male,Trivandrum,Semi-Urban,529297,661,1
25,Female,Kochi,Semi-Urban,717034,629,0
48,Male,Chennai,Urban,618607,644,1
61,Male,Kochi,Semi-Urban,534052,734,1
25,Male,Pune,Urban,849331,628,1
38,Male,Madurai,Semi-Urban,421029,631,0
46,Male,Trivandrum,Semi-Urban,661305,683,1
40,Male,Bengaluru,Urban,267317,663,1
61,Female,Madurai,Semi-Urban,672101,630,0
47,Male,Kochi,Semi-Urban,467991,725,0
32,Male,Hyderabad,Urban,523657,658,1
27,Male,Chennai,Urban,541769,615,1
23,Male,Bengaluru,Urban,156296,694,1
30,Male,Bengaluru,Urban,277180,720,1
54,Female,Trivandrum,Semi-Urban,766023,703,0
45,Female,Chennai,Urban,620918,712,1
55,Male,Bengaluru,Urban,891672,712,1
36,Male,Mumbai,Urban,326417,666,1
22,Male,Mumbai,Urban,770239,656,1
44,Male,Chennai,Urban,692137,646,1
30,Female,Bengaluru,Urban,832902,679,1
58,Female,Chennai,Urban,578483,598,0
42,Female,Kochi,Semi-Urban,622927,622,0
46,Male,Bengaluru,Urban,424501,746,1
63,Male,Delhi,Urban,545880,724,1
59,Female,Bengaluru,Urban,501729,687,1
47,Female,Chennai,Urban,334900,756,0
49,Female,Mumbai,Urban,627232,699,1
58,Male,Bengaluru,Urban,788384,681,1
40,Male,Chennai,Urban,835983,612,1
47,Male,Hyderabad,Urban,437877,666,1
61,Male,Hyderabad,Urban,592718,728,1
40,Male,Trivandrum,Semi-Urban,573075,708,1
64,Female,Bengaluru,Urban,894919,777,1
39,Male,Madurai,Semi-Urban,957258,681,1
40,Male,Coimbatore,Semi-Urban,339024,552,0
55,Female,Trivandrum,Semi-Urban,697296,699,0
22,Male,Hyderabad,Urban,706224,557,1
50,Female,Coimbatore,Semi-Urban,559899,656,0
54,Male,Chennai,Urban,347415,724,1
42,Male,Bengaluru,Urban,741085,764,1
23,Female,Bengaluru,Urban,843248,628,0
26,Female,Pune,Urban,490604,699,0
35,Male,Hyderabad,Urban,839278,758,1
47,Female,Madurai,Semi-Urban,600806,684,0
30,Male,Hyderabad,Urban,884387,649,1
29,Male,Madurai,Semi-Urban,883988,772,1
53,Male,Madurai,Semi-Urban,595288,729,1
52,Male,Pune,Urban,683472,683,1
26,Female,Mumbai,Urban,459516,603,0
61,Female,Madurai,Semi-Urban,275294,662,0
56,Female,Pune,Urban,650145,643,0
22,Female,Hyderabad,Urban,306742,594,0
49,Male,Mumbai,Urban,1018615,747,1
24,Female,Trivandrum,Semi-Urban,827697,708,0
21,Female,Hyderabad,Urban,569685,644,0
39,Female,Trivandrum,Semi-Urban,1133459,650,0
46,Female,Bengaluru,Urban,473933,657,0
45,Female,Delhi,Urban,521511,630,1
30,Male,Bengaluru,Urban,519093,822,1
35,Female,Hyderabad,Urban,587201,644,1
42,Female,Chennai,Urban,537994,663,1
41,Female,Coimbatore,Semi-Urban,691312,645,0
42,Male,Chennai,Urban,400245,590,1
56,Male,Coimbatore,Semi-Urban,625583,618,0
54,Female,Coimbatore,Semi-Urban,491493,732,0
50,Male,Mumbai,Urban,612535,663,1
45,Female,Chennai,Urban,383417,700,1
48,Male,Chennai,Urban,427095,702,1
21,Male,Mumbai,Urban,1025034,702,1
24,Male,Bengaluru,Urban,415759,645,0
27,Male,Delhi,Urban,704693,764,1
29,Male,Pune,Urban,492638,726,1
56,Male,Chennai,Urban,396532,703,1
39,Male,Delhi,Urban,612821,692,1
21,Male,Pune,Urban,426218,611,0
30,Male,Madurai,Semi-Urban,703600,721,1
56,Male,Madurai,Semi-Urban,575051,673,1
29,Male,Coimbatore,Semi-Urban,867215,639,1
62,Female,Hyderabad,Urban,338879,628,0
52,Male,Madurai,Semi-Urban,655219,729,1
52,Male,Pune,Urban,674066,610,1
26,Female,Mumbai,Urban,400683,660,0
58,Male,Hyderabad,Urban,467195,688,1
37,Female,Mumbai,Urban,315309,672,1
30,Female,Hyderabad,Urban,287991,700,1
47,Male,Chennai,Urban,576283,738,1
55,Male,Kochi,Semi-Urban,761368,710,1
41,Male,Delhi,Urban,573678,683,1
45,Male,Mumbai,Urban,582036,657,1
48,Male,Bengaluru,Urban,340334,608,0
35,Male,Coimbatore,Semi-Urban,179676,676,1
24,Female,Chennai,Urban,668410,661,1
49,Male,Bengaluru,Urban,467862,706,1
29,Male,Kochi,Semi-Urban,239819,673,1
47,Female,Mumbai,Urban,491192,731,0
46,Male,Bengaluru,Urban,649868,657,1
39,Male,Hyderabad,Urban,680515,652,1
48,Male,Coimbatore,Semi-Urban,639778,701,1
37,Male,Kochi,Semi-Urban,460893,685,1
63,Female,Hyderabad,Urban,718886,698,1
61,Male,Chennai,Urban,595913,673,1
62,Male,Kochi,Semi-Urban,424751,681,0
40,Male,Madurai,Semi-Urban,376578,665,1
60,Male,Kochi,Semi-Urban,639258,686,1
59,Male,Coimbatore,Semi-Urban,773793,741,1
43,Female,Delhi,Urban,718733,654,1
52,Female,Trivandrum,Semi-Urban,632644,649,0
53,Male,Madurai,Semi-Urban,726677,695,1
25,Male,Coimbatore,Semi-Urban,1074287,670,1
63,Female,Madurai,Semi-Urban,657567,750,0
54,Male,Mumbai,Urban,631484,714,1
60,Male,Madurai,Semi-Urban,708920,722,1
31,Male,Kochi,Semi-Urban,750063,727,1
23,Male,Madurai,Semi-Urban,332823,647,0
53,Male,Bengaluru,Urban,635424,685,1
31,Female,Kochi,Semi-Urban,800773,713,1
36,Female,Coimbatore,Semi-Urban,949128,680,1
38,Male,Chennai,Urban,604037,635,1
50,Male,Kochi,Semi-Urban,509145,726,1
30,Female,Coimbatore,Semi-Urban,632993,671,1
38,Male,Hyderabad,Urban,471216,695,1
58,Female,Mumbai,Urban,913857,709,1
39,Male,Delhi,Urban,696173,755,1
56,Male,Delhi,Urban,589483,690,1
33,Male,Bengaluru,Urban,822715,579,1
23,Female,Bengaluru,Urban,369316,689,0
30,Male,Bengaluru,Urban,185606,694,1
58,Male,Chennai,Urban,684342,596,1
21,Male,Chennai,Urban,814795,753,1
47,Female,Trivandrum,Semi-Urban,571539,547,0
28,Female,Delhi,Urban,464176,708,1
62,Female,Trivandrum,Semi-Urban,408639,603,0
37,Female,Bengaluru,Urban,353104,733,1
29,Male,Mumbai,Urban,733034,708,1
26,Male,Hyderabad,Urban,763591,753,1
63,Male,Coimbatore,Semi-Urban,783618,705,1
45,Male,Trivandrum,Semi-Urban,601453,697,1
59,Female,Madurai,Semi-Urban,368785,663,0
48,Female,Bengaluru,Urban,457018,593,0
53,Male,Trivandrum,Semi-Urban,719728,789,1
57,Female,Delhi,Urban,392539,655,0
29,Female,Coimbatore,Semi-Urban,579632,696,1
38,Male,Mumbai,Urban,396503,638,1
41,Male,Delhi,Urban,460635,626,1
22,Male,Bengaluru,Urban,369619,682,1
63,Male,Kochi,Semi-Urban,603256,700,1
58,Male,Hyderabad,Urban,307385,767,1
60,Male,Bengaluru,Urban,447926,730,1
56,Male,Bengaluru,Urban,770224,694,1
63,Female,Pune,Urban,809764,676,1
57,Male,Hyderabad,Urban,734157,697,1
35,Male,Madurai,Semi-Urban,883083,666,1
48,Female,Pune,Urban,336079,692,0
38,Male,Pune,Urban,581727,640,1
54,Male,Madurai,Semi-Urban,615097,652,1
42,Female,Madurai,Semi-Urban,990371,677,1
31,Male,Hyderabad,Urban,552507,696,1
33,Female,Chennai,Urban,760262,674,1
24,Male,Kochi,Semi-Urban,938720,689,1
42,Male,Mumbai,Urban,626059,634,1
27,Male,Bengaluru,Urban,506175,619,1
63,Male,Kochi,Semi-Urban,523489,677,1
44,Female,Delhi,Urban,257713,595,0
24,Female,Madurai,Semi-Urban,508166,722,0
48,Female,Delhi,Urban,315728,611,0
35,Female,Delhi,Urban,756443,660,1
21,Male,Mumbai,Urban,287568,705,1
23,Female,Mumbai,Urban,678448,725,1
34,Female,Pune,Urban,827538,712,1
58,Female,Bengaluru,Urban,745792,704,1
21,Female,Mumbai,Urban,503396,808,1
58,Male,Kochi,Semi-Urban,752769,627,0
58,Male,Mumbai,Urban,601935,695,1
41,Female,Hyderabad,Urban,508537,711,1
49,Male,Hyderabad,Urban,527315,697,1
25,Male,Chennai,Urban,688580,656,1
30,Female,Hyderabad,Urban,288670,707,1
48,Male,Madurai,Semi-Urban,499186,703,0
41,Male,Mumbai,Urban,674947,742,1
27,Male,Chennai,Urban,497468,703,1
23,Female,Hyderabad,Urban,341639,584,0
40,Male,Bengaluru,Urban,421734,719,1
39,Female,Madurai,Semi-Urban,634422,659,1
55,Male,Mumbai,Urban,696574,670,1
24,Male,Pune,Urban,816915,622,1
25,Male,Hyderabad,Urban,756156,686,1
21,Female,Coimbatore,Semi-Urban,753817,778,0
24,Male,Chennai,Urban,215683,733,1
32,Female,Bengaluru,Urban,750598,620,1
47,Female,Bengaluru,Urban,496562,670,0
62,Female,Delhi,Urban,311691,730,0
43,Female,Hyderabad,Urban,711582,671,1
45,Male,Mumbai,Urban,635784,577,1
41,Male,Coimbatore,Semi-Urban,776954,652,1
44,Female,Chennai,Urban,493113,749,1
45,Female,Hyderabad,Urban,598858,755,1
52,Female,Coimbatore,Semi-Urban,239836,671,0
52,Female,Mumbai,Urban,992191,666,1
25,Female,Coimbatore,Semi-Urban,332333,565,0
56,Male,Hyderabad,Urban,437941,675,1
62,Female,Mumbai,Urban,393848,651,0
62,Female,Chennai,Urban,641312,585,0
59,Female,Madurai,Semi-Urban,430382,632,0
36,Male,Madurai,Semi-Urban,815643,614,1
53,Female,Pune,Urban,662960,682,1
41,Female,Mumbai,Urban,301970,757,1
29,Male,Coimbatore,Semi-Urban,755974,672,1
26,Female,Mumbai,Urban,782382,693,1
55,Male,Mumbai,Urban,454294,803,1
59,Female,Coimbatore,Semi-Urban,371129,584,0
42,Male,Chennai,Urban,679733,689,1
61,Male,Chennai,Urban,731732,737,1
25,Male,Hyderabad,Urban,399307,695,1
62,Female,Coimbatore,Semi-Urban,784711,598,0
43,Male,Hyderabad,Urban,485262,776,1
37,Female,Hyderabad,Urban,836638,721,1
32,Female,Pune,Urban,284036,693,1
43,Female,Hyderabad,Urban,453336,610,0
36,Male,Chennai,Urban,558318,794,1
23,Female,Kochi,Semi-Urban,401762,709,0
50,Female,Coimbatore,Semi-Urban,593669,702,0
42,Male,Bengaluru,Urban,530639,709,1
29,Male,Kochi,Semi-Urban,558065,727,1
49,Male,Bengaluru,Urban,519204,685,1
57,Female,Delhi,Urban,341883,674,0
43,Male,Chennai,Urban,595404,567,1
33,Male,Hyderabad,Urban,574888,640,1
52,Female,Mumbai,Urban,398207,779,0
43,Male,Pune,Urban,849810,638,1
37,Female,Trivandrum,Semi-Urban,662982,665,1
60,Female,Pune,Urban,743931,622,0
41,Male,Kochi,Semi-Urban,438260,705,1
22,Female,Bengaluru,Urban,138203,667,0
57,Male,Chennai,Urban,948796,665,1
26,Male,Madurai,Semi-Urban,633731,639,0
64,Female,Kochi,Semi-Urban,672727,700,0
38,Male,Pune,Urban,664119,753,1
50,Female,Chennai,Urban,679809,595,0
42,Male,Hyderabad,Urban,387257,664,1
53,Male,Hyderabad,Urban,394245,671,1
50,Female,Hyderabad,Urban,394802,641,0
37,Male,Chennai,Urban,710259,737,1
63,Female,Mumbai,Urban,357338,738,0
52,Male,Kochi,Semi-Urban,294244,691,0
62,Female,Hyderabad,Urban,471498,646,0
34,Male,Bengaluru,Urban,545547,737,1
30,Male,Trivandrum,Semi-Urban,590064,665,1
56,Male,Mumbai,Urban,502745,728,1
54,Male,Delhi,Urban,696866,802,1
29,Female,Mumbai,Urban,833391,680,1
62,Male,Madurai,Semi-Urban,609830,687,1
48,Male,Delhi,Urban,832397,645,1
31,Male,Pune,Urban,709982,730,1
34,Female,Delhi,Urban,408999,690,1
59,Female,Hyderabad,Urban,430653,617,0
39,Male,Hyderabad,Urban,420550,644,1
35,Male,Delhi,Urban,561816,777,1
48,Male,Delhi,Urban,544226,667,1
44,Female,Kochi,Semi-Urban,718944,625,0
28,Male,Chennai,Urban,568625,689,1
63,Male,Kochi,Semi-Urban,649533,653,1
29,Female,Coimbatore,Semi-Urban,366428,670,0
53,Female,Kochi,Semi-Urban,648324,707,0
53,Male,Mumbai,Urban,504321,696,1
39,Female,Pune,Urban,489742,681,1
23,Male,Mumbai,Urban,470702,649,0
30,Female,Bengaluru,Urban,902254,590,1
60,Male,Coimbatore,Semi-Urban,364058,776,0
62,Male,Chennai,Urban,735351,773,1
21,Female,Trivandrum,Semi-Urban,590676,681,0
49,Male,Chennai,Urban,327991,721,1
54,Male,Bengaluru,Urban,540495,678,1
33,Male,Chennai,Urban,132689,641,1
21,Female,Hyderabad,Urban,943917,683,1
54,Male,Bengaluru,Urban,526388,687,1
49,Female,Chennai,Urban,823099,754,1
33,Male,Trivandrum,Semi-Urban,869148,684,1
49,Male,Trivandrum,Semi-Urban,486386,765,0
59,Male,Coimbatore,Semi-Urban,605866,671,1
44,Male,Coimbatore,Semi-Urban,637080,651,1
46,Female,Mumbai,Urban,980052,754,1
37,Female,Madurai,Semi-Urban,561742,749,1
27,Male,Delhi,Urban,589248,683,1
33,Male,Mumbai,Urban,320189,697,1
25,Female,Trivandrum,Semi-Urban,421192,694,0
46,Female,Chennai,Urban,500060,690,1
23,Female,Coimbatore,Semi-Urban,860268,661,0
27,Female,Mumbai,Urban,978636,799,1
59,Male,Bengaluru,Urban,700220,660,1
21,Female,Bengaluru,Urban,670187,707,1
37,Male,Chennai,Urban,736971,689,1
63,Male,Madurai,Semi-Urban,463067,554,0
45,Female,Pune,Urban,877986,685,1
23,Female,Hyderabad,Urban,313792,665,0
35,Female,Hyderabad,Urban,509040,652,1
49,Male,Chennai,Urban,730662,628,1
63,Male,Coimbatore,Semi-Urban,503760,770,1
52,Male,Chennai,Urban,1093693,624,1
46,Female,Pune,Urban,733522,670,1
36,Male,Kochi,Semi-Urban,796706,653,1
45,Female,Madurai,Semi-Urban,448214,627,0
48,Male,Delhi,Urban,792996,718,1
29,Female,Trivandrum,Semi-Urban,762009,702,1
21,Female,Kochi,Semi-Urban,912909,655,0
49,Male,Coimbatore,Semi-Urban,161568,633,0
42,Male,Coimbatore,Semi-Urban,443882,706,1
36,Female,Delhi,Urban,667272,701,1
61,Male,Kochi,Semi-Urban,673254,672,1
64,Female,Pune,Urban,590992,751,1
61,Female,Pune,Urban,294414,758,0
27,Male,Kochi,Semi-Urban,639301,654,1
34,Female,Bengaluru,Urban,661701,784,1
49,Male,Bengaluru,Urban,599399,666,1
39,Female,Madurai,Semi-Urban,592630,666,1
39,Male,Bengaluru,Urban,788438,715,1
22,Female,Chennai,Urban,569190,697,1
61,Male,Chennai,Urban,349979,681,1
35,Male,Delhi,Urban,880689,584,1
23,Male,Delhi,Urban,869414,600,1
31,Female,Hyderabad,Urban,592067,615,1
50,Male,Chennai,Urban,775014,680,1
60,Female,Trivandrum,Semi-Urban,295195,654,0
38,Male,Pune,Urban,571107,661,1
22,Female,Bengaluru,Urban,257160,665,0
52,Female,Bengaluru,Urban,824927,728,1
28,Male,Kochi,Semi-Urban,300804,718,1
42,Male,Coimbatore,Semi-Urban,517731,659,1
26,Male,Coimbatore,Semi-Urban,643145,664,1
32,Male,Trivandrum,Semi-Urban,764784,636,1
60,Male,Madurai,Semi-Urban,705449,663,1
56,Female,Chennai,Urban,828599,744,1
35,Male,Bengaluru,Urban,760775,725,1
48,Female,Kochi,Semi-Urban,861702,699,0
38,Female,Coimbatore,Semi-Urban,248985,626,0
22,Male,Delhi,Urban,503077,677,1
33,Female,Pune,Urban,690274,660,1
35,Male,Coimbatore,Semi-Urban,914745,672,1
40,Female,Trivandrum,Semi-Urban,498993,719,0
49,Male,Bengaluru,Urban,993027,733,1
62,Female,Bengaluru,Urban,670611,802,1
49,Female,Coimbatore,Semi-Urban,457674,635,0
23,Male,Chennai,Urban,369094,741,1
39,Female,Bengaluru,Urban,747138,673,1
23,Male,Madurai,Semi-Urban,471973,644,0
34,Male,Madurai,Semi-Urban,545558,788,1
60,Female,Chennai,Urban,632410,768,1
24,Male,Coimbatore,Semi-Urban,639903,665,1
31,Female,Bengaluru,Urban,982498,643,1
51,Male,Hyderabad,Urban,678767,592,1
63,Female,Kochi,Semi-Urban,479043,742,0
52,Male,Trivandrum,Semi-Urban,450715,577,0
47,Male,Bengaluru,Urban,933448,672,1
50,Male,Hyderabad,Urban,496900,635,0
63,Male,Chennai,Urban,716951,749,1
22,Male,Pune,Urban,638439,772,1
29,Male,Kochi,Semi-Urban,684118,594,1
48,Male,Mumbai,Urban,879657,684,1
51,Male,Bengaluru,Urban,656549,693,1
54,Male,Delhi,Urban,763496,665,1
35,Male,Kochi,Semi-Urban,661148,647,1
45,Male,Coimbatore,Semi-Urban,509288,758,1
56,Female,Hyderabad,Urban,698812,653,1
28,Male,Pune,Urban,469822,779,1
29,Male,Mumbai,Urban,367276,646,1
57,Male,Hyderabad,Urban,716309,718,1
59,Female,Hyderabad,Urban,692803,721,1
52,Male,Delhi,Urban,672268,646,1
37,Female,Pune,Urban,595402,591,1
55,Male,Trivandrum,Semi-Urban,585552,637,0
57,Male,Delhi,Urban,383307,621,0
39,Female,Chennai,Urban,227525,721,1
64,Male,Bengaluru,Urban,777562,661,1
49,Male,Mumbai,Urban,774872,748,1
27,Female,Trivandrum,Semi-Urban,549818,708,0
48,Female,Trivandrum,Semi-Urban,894361,670,0
29,Female,Chennai,Urban,699990,684,1
48,Female,Bengaluru,Urban,667583,613,0
26,Female,Hyderabad,Urban,1003500,670,1
49,Female,Madurai,Semi-Urban,349007,687,0
37,Male,Delhi,Urban,590558,660,1
36,Female,Hyderabad,Urban,429588,651,1
43,Female,Hyderabad,Urban,526457,730,1
51,Male,Bengaluru,Urban,586545,632,1
23,Male,Mumbai,Urban,591107,709,1
41,Male,Coimbatore,Semi-Urban,385321,735,1
46,Female,Pune,Urban,613602,704,1
56,Male,Mumbai,Urban,435020,619,0
62,Female,Chennai,Urban,839329,685,1
57,Male,Kochi,Semi-Urban,752907,724,1
42,Female,Trivandrum,Semi-Urban,668780,665,1
62,Male,Bengaluru,Urban,504821,637,1
32,Female,Madurai,Semi-Urban,630951,635,0
62,Female,Coimbatore,Semi-Urban,741362,696,0
33,Female,Mumbai,Urban,531926,663,1
31,Female,Delhi,Urban,281999,649,0
36,Female,Trivandrum,Semi-Urban,743822,575,0
28,Male,Kochi,Semi-Urban,705937,770,1
60,Male,Bengaluru,Urban,664239,664,1
60,Female,Bengaluru,Urban,448242,720,0
22,Male,Chennai,Urban,791975,746,1
50,Male,Trivandrum,Semi-Urban,829774,850,1
50,Male,Mumbai,Urban,656312,714,1
32,Male,Delhi,Urban,520754,696,1
30,Male,Coimbatore,Semi-Urban,524946,602,1
64,Female,Hyderabad,Urban,520921,578,0
31,Male,Trivandrum,Semi-Urban,511796,560,1
35,Male,Mumbai,Urban,529206,671,1
36,Male,Hyderabad,Urban,664637,630,1
37,Female,Hyderabad,Urban,779292,655,1
46,Female,Pune,Urban,890222,751,1
22,Female,Coimbatore,Semi-Urban,417377,705,0
32,Male,Bengaluru,Urban,450083,679,1
46,Female,Pune,Urban,768839,689,1
43,Female,Coimbatore,Semi-Urban,417409,645,0
38,Female,Bengaluru,Urban,368304,656,1
52,Female,Bengaluru,Urban,411460,610,0
58,Male,Hyderabad,Urban,564767,718,1
23,Male,Kochi,Semi-Urban,927136,768,1
58,Male,Kochi,Semi-Urban,574431,748,1
23,Male,Hyderabad,Urban,654850,681,1
50,Female,Mumbai,Urban,360371,727,0
21,Female,Chennai,Urban,814854,707,1
50,Female,Bengaluru,Urban,774303,688,1
52,Male,Delhi,Urban,506237,697,1
48,Male,Hyderabad,Urban,462562,614,0
41,Male,Delhi,Urban,791593,655,1
33,Male,Pune,Urban,554833,645,1
47,Male,Bengaluru,Urban,467240,604,0
56,Female,Bengaluru,Urban,526689,708,1
27,Male,Bengaluru,Urban,647727,715,1
42,Female,Mumbai,Urban,746370,553,1
30,Male,Trivandrum,Semi-Urban,664630,679,1
59,Female,Delhi,Urban,654301,663,1
35,Male,Mumbai,Urban,551909,648,1
35,Male,Hyderabad,Urban,629118,597,1
24,Female,Hyderabad,Urban,521717,683,1
52,Female,Hyderabad,Urban,546039,680,1
43,Male,Kochi,Semi-Urban,884326,661,1
26,Male,Chennai,Urban,608433,720,1
44,Male,Coimbatore,Semi-Urban,526488,718,1
40,Female,Delhi,Urban,465193,586,0
57,Female,Chennai,Urban,159849,718,0
40,Male,Mumbai,Urban,1017324,632,1
32,Male,Pune,Urban,1039139,666,1
53,Female,Bengaluru,Urban,725540,762,1
48,Male,Chennai,Urban,392950,677,1
28,Female,Mumbai,Urban,1146922,731,1
21,Male,Kochi,Semi-Urban,319213,667,0
57,Male,Chennai,Urban,678650,726,1
42,Male,Pune,Urban,257380,677,1
26,Male,Kochi,Semi-Urban,165553,666,0
41,Male,Madurai,Semi-Urban,646416,686,1
52,Female,Hyderabad,Urban,671805,624,0
55,Female,Coimbatore,Semi-Urban,623798,654,0
35,Female,Hyderabad,Urban,898622,710,1
25,Female,Chennai,Urban,590398,721,1
26,Male,Madurai,Semi-Urban,762456,634,0
45,Male,Bengaluru,Urban,443464,766,1
60,Female,Pune,Urban,859001,770,1
49,Male,Mumbai,Urban,876074,633,1
27,Male,Pune,Urban,549088,657,1
60,Male,Delhi,Urban,675042,678,1
33,Male,Trivandrum,Semi-Urban,460240,740,1
58,Male,Bengaluru,Urban,555903,708,1
38,Female,Mumbai,Urban,747461,664,1
22,Female,Trivandrum,Semi-Urban,696967,616,0
28,Female,Coimbatore,Semi-Urban,254174,582,0
31,Female,Chennai,Urban,372546,694,1
53,Female,Mumbai,Urban,482403,771,0
58,Male,Mumbai,Urban,643959,680,1
47,Male,Bengaluru,Urban,416491,700,1
40,Female,Mumbai,Urban,317224,690,1
32,Male,Coimbatore,Semi-Urban,74126,598,0
63,Male,Hyderabad,Urban,1017234,758,1
51,Male,Mumbai,Urban,640396,640,1
47,Male,Pune,Urban,311477,640,0
52,Male,Bengaluru,Urban,806605,703,1
30,Male,Delhi,Urban,898714,644,1
23,Male,Trivandrum,Semi-Urban,642671,614,0
47,Female,Trivandrum,Semi-Urban,724606,728,0
55,Male,Trivandrum,Semi-Urban,861753,686,1
51,Female,Trivandrum,Semi-Urban,721117,727,0
35,Male,Bengaluru,Urban,726514,661,1
36,Male,Delhi,Urban,293144,657,1
33,Male,Coimbatore,Semi-Urban,54164,692,1
55,Male,Bengaluru,Urban,772292,697,1
31,Female,Bengaluru,Urban,555141,647,1
41,Female,Coimbatore,Semi-Urban,509034,641,0
31,Female,Trivandrum,Semi-Urban,794640,725,1
50,Female,Mumbai,Urban,409033,696,0
55,Male,Pune,Urban,592697,693,1
42,Male,Trivandrum,Semi-Urban,611410,581,1
58,Male,Pune,Urban,737960,692,1
51,Male,Pune,Urban,668255,698,1
34,Male,Mumbai,Urban,668348,663,1
44,Male,Trivandrum,Semi-Urban,519072,708,1
52,Male,Kochi,Semi-Urban,524305,645,0
56,Male,Coimbatore,Semi-Urban,668051,697,1
52,Male,Coimbatore,Semi-Urban,499896,603,0
35,Female,Chennai,Urban,434295,725,1
63,Female,Chennai,Urban,857251,641,0
55,Female,Chennai,Urban,465070,701,0
23,Female,Coimbatore,Semi-Urban,508276,742,0
36,Male,Coimbatore,Semi-Urban,845314,729,1
25,Male,Mumbai,Urban,462032,701,1
41,Male,Delhi,Urban,664229,721,1
30,Female,Coimbatore,Semi-Urban,681822,754,1
39,Female,Hyderabad,Urban,581958,686,1
45,Male,Bengaluru,Urban,522324,728,1
24,Male,Mumbai,Urban,374718,621,0
49,Female,Madurai,Semi-Urban,725571,643,0
39,Male,Coimbatore,Semi-Urban,820533,755,1
63,Female,Hyderabad,Urban,799245,667,1
22,Male,Bengaluru,Urban,674179,653,1
30,Male,Kochi,Semi-Urban,204829,665,1
63,Female,Coimbatore,Semi-Urban,753888,644,0
45,Female,Kochi,Semi-Urban,578319,671,1
40,Female,Mumbai,Urban,481588,627,0
39,Male,Bengaluru,Urban,731510,651,1
43,Male,Madurai,Semi-Urban,645204,683,1
44,Female,Hyderabad,Urban,801789,758,1
31,Male,Chennai,Urban,668177,677,1
54,Male,Coimbatore,Semi-Urban,546620,593,0
48,Female,Pune,Urban,530218,730,1
25,Male,Kochi,Semi-Urban,722259,720,1
25,Male,Kochi,Semi-Urban,332412,640,0
41,Female,Hyderabad,Urban,499684,719,1
32,Female,Bengaluru,Urban,161167,673,1
24,Male,Chennai,Urban,684268,752,1
62,Male,Delhi,Urban,729015,799,1
40,Female,Chennai,Urban,446137,699,1
58,Female,Madurai,Semi-Urban,381291,718,0
45,Female,Chennai,Urban,790639,760,1
34,Male,Delhi,Urban,457161,728,1
31,Male,Delhi,Urban,728661,702,1
52,Female,Delhi,Urban,597170,674,1
31,Female,Hyderabad,Urban,494200,623,0
38,Female,Madurai,Semi-Urban,716013,666,1
47,Male,Mumbai,Urban,606354,668,1
38,Male,Trivandrum,Semi-Urban,898888,681,1
43,Male,Kochi,Semi-Urban,452972,588,0
31,Female,Bengaluru,Urban,335040,661,1
41,Female,Kochi,Semi-Urban,596763,667,1
64,Male,Delhi,Urban,695263,610,1
25,Male,Madurai,Semi-Urban,562469,700,1
43,Male,Madurai,Semi-Urban,959678,726,1
61,Male,Chennai,Urban,842568,679,1
45,Female,Bengaluru,Urban,494891,617,0
61,Female,Hyderabad,Urban,612857,674,1
30,Male,Pune,Urban,238962,716,1
42,Male,Bengaluru,Urban,810319,714,1
39,Female,Kochi,Semi-Urban,463905,677,0
21,Male,Delhi,Urban,639791,700,1
27,Male,Kochi,Semi-Urban,548520,648,0
24,Female,Chennai,Urban,302129,717,0
21,Female,Chennai,Urban,766711,659,1
35,Female,Mumbai,Urban,388274,641,0
60,Male,Bengaluru,Urban,496143,727,1
32,Male,Bengaluru,Urban,770577,686,1
42,Male,Bengaluru,Urban,405745,684,1
42,Male,Delhi,Urban,898173,706,1
37,Female,Mumbai,Urban,402606,676,1
49,Male,Hyderabad,Urban,366077,633,0
34,Female,Hyderabad,Urban,609303,668,1
40,Male,Chennai,Urban,926822,605,1
53,Male,Mumbai,Urban,598815,738,1
63,Female,Chennai,Urban,796275,624,0
35,Male,Trivandrum,Semi-Urban,331828,777,1
32,Male,Bengaluru,Urban,526713,640,1
60,Male,Pune,Urban,539453,710,1
40,Male,Bengaluru,Urban,347725,773,1
50,Male,Pune,Urban,281746,693,1
58,Male,Coimbatore,Semi-Urban,551675,663,1
23,Female,Kochi,Semi-Urban,915947,681,0
48,Female,Madurai,Semi-Urban,643709,636,0
46,Male,Bengaluru,Urban,463403,578,0
50,Male,Chennai,Urban,192566,709,1
33,Female,Chennai,Urban,525591,578,1
33,Male,Chennai,Urban,512051,611,1
22,Female,Hyderabad,Urban,676905,682,1
57,Female,Delhi,Urban,549255,647,0
58,Male,Bengaluru,Urban,726362,704,1
22,Female,Hyderabad,Urban,753500,759,1
56,Female,Chennai,Urban,586032,667,1
46,Female,Delhi,Urban,588838,649,0
31,Male,Pune,Urban,606849,768,1
28,Male,Delhi,Urban,251045,714,1
64,Female,Mumbai,Urban,744075,726,1
60,Male,Hyderabad,Urban,939454,722,1
63,Female,Coimbatore,Semi-Urban,611859,667,0
42,Male,Bengaluru,Urban,443462,661,1
40,Male,Pune,Urban,598603,632,1
28,Female,Mumbai,Urban,513010,716,1
49,Female,Hyderabad,Urban,605480,699,1
60,Female,Pune,Urban,537598,712,1
46,Female,Pune,Urban,169429,586,0
50,Male,Kochi,Semi-Urban,619085,726,1
37,Male,Bengaluru,Urban,1044869,657,1
40,Female,Trivandrum,Semi-Urban,332777,575,0
36,Male,Hyderabad,Urban,819433,615,1
63,Female,Hyderabad,Urban,680126,654,1
27,Male,Chennai,Urban,416212,644,0
36,Male,Delhi,Urban,331336,680,1
47,Male,Trivandrum,Semi-Urban,652535,702,1
43,Male,Hyderabad,Urban,672180,674,1
44,Female,Pune,Urban,298340,656,1
29,Female,Chennai,Urban,785271,687,1
55,Female,Bengaluru,Urban,501113,687,1
40,Male,Kochi,Semi-Urban,698547,743,1
57,Male,Coimbatore,Semi-Urban,740642,649,0
62,Male,Pune,Urban,779166,674,1
37,Male,Trivandrum,Semi-Urban,402101,762,1
51,Male,Chennai,Urban,1002291,619,1
28,Male,Pune,Urban,415843,661,1
35,Male,Madurai,Semi-Urban,778899,634,1
51,Male,Chennai,Urban,500154,617,1
50,Male,Delhi,Urban,610397,691,1
40,Male,Delhi,Urban,575049,746,1
59,Male,Mumbai,Urban,693396,784,1
32,Male,Pune,Urban,809611,677,1
37,Female,Bengaluru,Urban,477554,705,1
62,Male,Kochi,Semi-Urban,424600,707,0
50,Female,Chennai,Urban,187467,669,0
49,Male,Delhi,Urban,636053,744,1
39,Female,Coimbatore,Semi-Urban,566187,671,1
31,Male,Chennai,Urban,621749,734,1
54,Female,Mumbai,Urban,579693,662,1
27,Male,Pune,Urban,751782,622,1
64,Female,Trivandrum,Semi-Urban,498712,625,0
54,Male,Delhi,Urban,669829,599,1
40,Male,Chennai,Urban,593618,743,1
58,Female,Mumbai,Urban,407793,743,0
44,Male,Coimbatore,Semi-Urban,462714,644,0
30,Female,Coimbatore,Semi-Urban,784030,626,0
52,Male,Chennai,Urban,764780,641,1
35,Male,Kochi,Semi-Urban,747774,688,1
57,Female,Bengaluru,Urban,566236,633,0
40,Male,Bengaluru,Urban,151338,707,1
23,Male,Delhi,Urban,267221,664,1
57,Female,Chennai,Urban,547415,734,1
60,Female,Bengaluru,Urban,296445,713,0
28,Female,Trivandrum,Semi-Urban,828951,623,0
60,Male,Mumbai,Urban,438178,616,0
64,Male,Coimbatore,Semi-Urban,545063,690,1
43,Male,Kochi,Semi-Urban,947039,670,1
60,Male,Trivandrum,Semi-Urban,806130,743,1
31,Female,Hyderabad,Urban,669265,699,1
28,Male,Chennai,Urban,644224,657,1
49,Male,Delhi,Urban,448762,764,1
50,Male,Chennai,Urban,752237,658,1
30,Female,Coimbatore,Semi-Urban,642542,613,0
59,Female,Delhi,Urban,572907,669,1
48,Female,Chennai,Urban,728206,639,0
56,Male,Kochi,Semi-Urban,731789,729,1
33,Female,Pune,Urban,405738,623,0
52,Female,Bengaluru,Urban,783342,722,1
56,Male,Bengaluru,Urban,582888,666,1
57,Male,Coimbatore,Semi-Urban,616646,600,0
46,Male,Bengaluru,Urban,336872,701,1
42,Male,Bengaluru,Urban,342945,739,1
24,Female,Hyderabad,Urban,309035,685,0
51,Male,Mumbai,Urban,1078611,670,1
38,Male,Delhi,Urban,1053663,772,1
58,Female,Mumbai,Urban,259646,739,0
44,Female,Madurai,Semi-Urban,297136,718,0
43,Female,Trivandrum,Semi-Urban,497540,579,0
42,Male,Pune,Urban,821425,645,1
22,Male,Mumbai,Urban,725039,669,1
51,Male,Bengaluru,Urban,1033490,703,1
31,Male,Pune,Urban,539089,724,1
48,Male,Bengaluru,Urban,460533,627,0
52,Male,Coimbatore,Semi-Urban,611183,708,1
25,Male,Bengaluru,Urban,565237,621,1
58,Male,Trivandrum,Semi-Urban,594545,715,1
30,Male,Pune,Urban,621377,624,1
60,Female,Hyderabad,Urban,1024005,742,1
44,Female,Chennai,Urban,624042,692,1
55,Male,Chennai,Urban,387354,660,1
64,Male,Mumbai,Urban,541894,695,1
43,Male,Chennai,Urban,745136,647,1
37,Male,Kochi,Semi-Urban,720075,681,1
21,Male,Hyderabad,Urban,709174,630,1
51,Female,Hyderabad,Urban,260201,694,0
51,Female,Mumbai,Urban,288108,667,0
62,Female,Delhi,Urban,573729,669,1
62,Female,Bengaluru,Urban,689214,677,1
54,Female,Trivandrum,Semi-Urban,433788,635,0
29,Male,Madurai,Semi-Urban,898845,783,1
42,Female,Hyderabad,Urban,708158,669,1
33,Male,Chennai,Urban,496367,734,1
45,Female,Trivandrum,Semi-Urban,1156040,621,0
38,Male,Chennai,Urban,506891,567,1
32,Male,Bengaluru,Urban,526119,692,1
60,Female,Kochi,Semi-Urban,516788,733,0
37,Male,Chennai,Urban,608355,740,1
35,Male,Chennai,Urban,385048,726,1
62,Male,Pune,Urban,747434,669,1
35,Male,Hyderabad,Urban,774963,708,1
35,Female,Madurai,Semi-Urban,733426,648,0
59,Female,Chennai,Urban,509378,649,0
33,Male,Coimbatore,Semi-Urban,510281,690,1
37,Male,Mumbai,Urban,722619,691,1
52,Female,Bengaluru,Urban,643126,653,1
29,Male,Trivandrum,Semi-Urban,439631,689,1
60,Male,Madurai,Semi-Urban,195178,737,0
40,Male,Chennai,Urban,521048,635,1
46,Female,Trivandrum,Semi-Urban,704404,713,0
47,Male,Mumbai,Urban,698978,611,1
41,Male,Trivandrum,Semi-Urban,297099,595,0
38,Male,Trivandrum,Semi-Urban,767461,695,1
33,Male,Bengaluru,Urban,970201,676,1
36,Male,Chennai,Urban,529762,685,1
29,Male,Mumbai,Urban,559302,684,1
32,Male,Pune,Urban,495357,727,1
64,Male,Hyderabad,Urban,529367,706,1
58,Male,Kochi,Semi-Urban,842305,703,1
39,Female,Bengaluru,Urban,443130,749,1
27,Female,Trivandrum,Semi-Urban,648447,725,0
55,Male,Delhi,Urban,544991,688,1
38,Male,Trivandrum,Semi-Urban,638143,732,1
36,Male,Madurai,Semi-Urban,542792,666,1
59,Female,Bengaluru,Urban,764148,667,1
24,Female,Chennai,Urban,808184,745,1
45,Male,Pune,Urban,674809,668,1
52,Female,Chennai,Urban,556908,700,1
60,Female,Trivandrum,Semi-Urban,757352,697,0
33,Female,Trivandrum,Semi-Urban,450156,687,0
37,Male,Kochi,Semi-Urban,685903,770,1
57,Male,Chennai,Urban,497106,673,1
26,Male,Chennai,Urban,642997,768,1
39,Female,Kochi,Semi-Urban,408050,626,0
33,Female,Chennai,Urban,836757,677,1
46,Male,Kochi,Semi-Urban,348634,668,0
34,Male,Mumbai,Urban,574277,718,1
51,Male,Hyderabad,Urban,304594,612,0
24,Male,Hyderabad,Urban,832510,699,1
59,Male,Pune,Urban,910836,726,1
28,Male,Mumbai,Urban,361806,663,1
45,Male,Delhi,Urban,664854,648,1
33,Female,Pune,Urban,540833,649,1
52,Male,Kochi,Semi-Urban,702413,704,1
58,Male,Pune,Urban,915273,600,1
58,Male,Bengaluru,Urban,677083,614,1
48,Female,Coimbatore,Semi-Urban,446885,684,0
50,Male,Hyderabad,Urban,461909,709,1
23,Female,Coimbatore,Semi-Urban,529220,693,0
48,Male,Madurai,Semi-Urban,454452,710,0
23,Female,Hyderabad,Urban,752045,627,0
54,Female,Mumbai,Urban,769088,592,0
36,Male,Trivandrum,Semi-Urban,851925,724,1
42,Female,Bengaluru,Urban,515048,616,1
52,Male,Trivandrum,Semi-Urban,830851,705,1
58,Male,Bengaluru,Urban,936652,588,1
28,Male,Madurai,Semi-Urban,334702,713,1
28,Male,Hyderabad,Urban,502547,679,1
26,Female,Delhi,Urban,578370,732,1
34,Female,Bengaluru,Urban,764458,719,1
52,Male,Chennai,Urban,868026,662,1
55,Male,Mumbai,Urban,253888,652,1
30,Male,Mumbai,Urban,466085,695,1
23,Female,Bengaluru,Urban,829101,654,1
32,Male,Madurai,Semi-Urban,429597,516,0
51,Female,Bengaluru,Urban,759642,665,1
49,Male,Coimbatore,Semi-Urban,714712,636,0
25,Male,Mumbai,Urban,755455,653,1
45,Female,Delhi,Urban,758008,694,1
61,Male,Chennai,Urban,514673,742,1
51,Male,Delhi,Urban,546835,771,1
41,Male,Delhi,Urban,530916,704,1
40,Male,Chennai,Urban,645051,650,1
59,Female,Chennai,Urban,173767,728,0
42,Male,Bengaluru,Urban,696487,604,1
24,Male,Bengaluru,Urban,944497,645,1
33,Male,Bengaluru,Urban,639467,668,1
62,Male,Chennai,Urban,575532,583,1
40,Female,Kochi,Semi-Urban,614711,692,1
33,Female,Hyderabad,Urban,706137,638,1
37,Female,Hyderabad,Urban,828671,692,1
56,Male,Bengaluru,Urban,586426,666,1
53,Male,Delhi,Urban,566623,637,1
21,Male,Hyderabad,Urban,325214,630,0
35,Female,Kochi,Semi-Urban,609385,677,1
33,Male,Trivandrum,Semi-Urban,359622,716,1
37,Male,Delhi,Urban,490534,714,1
44,Female,Hyderabad,Urban,775503,694,1
28,Male,Mumbai,Urban,804176,708,1
47,Male,Chennai,Urban,692650,683,1
43,Male,Madurai,Semi-Urban,842890,647,1
28,Male,Trivandrum,Semi-Urban,269997,750,1
28,Male,Mumbai,Urban,925611,647,1
46,Male,Pune,Urban,430232,758,1
33,Male,Delhi,Urban,660160,711,1
59,Male,Hyderabad,Urban,466901,667,1
57,Female,Bengaluru,Urban,662000,615,0
48,Male,Delhi,Urban,603573,696,1
45,Female,Madurai,Semi-Urban,827501,677,1
36,Male,Madurai,Semi-Urban,1092994,740,1
22,Male,Delhi,Urban,776363,628,1
38,Female,Mumbai,Urban,576090,732,1
37,Male,Kochi,Semi-Urban,906571,753,1
50,Male,Trivandrum,Semi-Urban,260590,644,0
59,Female,Mumbai,Urban,483886,716,0
33,Male,Mumbai,Urban,553825,750,1
52,Male,Kochi,Semi-Urban,544535,748,1
49,Male,Madurai,Semi-Urban,452209,732,0
50,Female,Coimbatore,Semi-Urban,739195,765,0
38,Female,Bengaluru,Urban,599567,683,1
33,Male,Bengaluru,Urban,572679,677,1
63,Male,Madurai,Semi-Urban,881866,758,1
41,Male,Coimbatore,Semi-Urban,510717,562,1
50,Male,Hyderabad,Urban,805528,665,1
41,Male,Delhi,Urban,545187,639,1
37,Male,Madurai,Semi-Urban,549514,682,1
60,Male,Madurai,Semi-Urban,447888,700,0
39,Male,Coimbatore,Semi-Urban,308937,709,1
35,Female,Chennai,Urban,467717,683,1
29,Male,Trivandrum,Semi-Urban,244749,688,1
30,Male,Bengaluru,Urban,651161,728,1
64,Male,Madurai,Semi-Urban,537006,651,1
51,Female,Bengaluru,Urban,816826,662,1
43,Female,Kochi,Semi-Urban,454984,634,0
50,Female,Kochi,Semi-Urban,548465,679,0
53,Male,Coimbatore,Semi-Urban,843560,598,0
29,Female,Delhi,Urban,778004,744,1
21,Male,Bengaluru,Urban,627263,719,1
64,Male,Trivandrum,Semi-Urban,393048,630,0
55,Male,Hyderabad,Urban,717356,741,1
31,Female,Hyderabad,Urban,542353,666,1
54,Female,Pune,Urban,496008,644,0
36,Female,Delhi,Urban,866255,698,1
29,Female,Trivandrum,Semi-Urban,893268,597,0
52,Male,Delhi,Urban,422672,662,1
35,Male,Trivandrum,Semi-Urban,943214,698,1
32,Male,Trivandrum,Semi-Urban,582065,769,1
53,Female,Kochi,Semi-Urban,756548,616,0
34,Male,Pune,Urban,966254,620,1
28,Female,Mumbai,Urban,567421,667,1
28,Male,Trivandrum,Semi-Urban,652387,663,1
47,Male,Coimbatore,Semi-Urban,744690,719,1
32,Male,Hyderabad,Urban,916060,756,1
21,Male,Mumbai,Urban,603987,731,1
63,Female,Pune,Urban,761875,657,1
60,Male,Bengaluru,Urban,445146,752,1
62,Male,Hyderabad,Urban,303690,676,1
31,Male,Mumbai,Urban,464304,705,1
59,Male,Bengaluru,Urban,463750,700,1
63,Male,Madurai,Semi-Urban,795024,702,1
51,Male,Hyderabad,Urban,585305,723,1
37,Female,Chennai,Urban,477829,720,1
53,Male,Coimbatore,Semi-Urban,422540,716,0
52,Male,Hyderabad,Urban,516461,653,1
49,Male,Kochi,Semi-Urban,783448,636,0
41,Male,Coimbatore,Semi-Urban,421991,717,1
41,Male,Coimbatore,Semi-Urban,574532,696,1
60,Male,Coimbatore,Semi-Urban,523558,723,1
43,Male,Bengaluru,Urban,670842,656,1
26,Female,Bengaluru,Urban,968183,717,1
42,Male,Hyderabad,Urban,469604,664,1
58,Female,Bengaluru,Urban,663477,661,1
57,Female,Mumbai,Urban,596934,738,1
28,Male,Mumbai,Urban,506778,734,1
61,Male,Delhi,Urban,610083,690,1
55,Male,Hyderabad,Urban,963959,662,1
31,Male,Mumbai,Urban,586191,675,1
44,Female,Hyderabad,Urban,586166,687,1
41,Female,Chennai,Urban,524245,660,1
22,Male,Kochi,Semi-Urban,683079,696,1
60,Male,Kochi,Semi-Urban,400024,654,0
39,Male,Coimbatore,Semi-Urban,624289,757,1
59,Male,Madurai,Semi-Urban,689164,580,0
48,Female,Trivandrum,Semi-Urban,430375,648,0
37,Male,Kochi,Semi-Urban,919575,718,1
26,Male,Bengaluru,Urban,912248,758,1
39,Female,Bengaluru,Urban,1049536,650,1
58,Male,Coimbatore,Semi-Urban,714271,668,1
48,Male,Chennai,Urban,683117,702,1
22,Male,Hyderabad,Urban,584411,704,1
58,Male,Bengaluru,Urban,613633,686,1
57,Female,Chennai,Urban,785403,719,1
24,Female,Coimbatore,Semi-Urban,603437,694,0
42,Male,Chennai,Urban,569835,695,1
46,Female,Mumbai,Urban,711785,758,1
63,Male,Chennai,Urban,474732,671,1
56,Female,Kochi,Semi-Urban,916065,667,0
33,Female,Trivandrum,Semi-Urban,601682,664,1
52,Male,Hyderabad,Urban,752951,650,1
37,Female,Coimbatore,Semi-Urban,439677,674,0
61,Male,Chennai,Urban,591308,649,1
56,Male,Trivandrum,Semi-Urban,521263,703,1
39,Female,Trivandrum,Semi-Urban,529699,703,1
55,Female,Pune,Urban,372505,692,0
60,Female,Chennai,Urban,811263,699,1
48,Female,Bengaluru,Urban,696898,720,1
21,Male,Chennai,Urban,316245,628,0
62,Male,Bengaluru,Urban,557501,693,1
38,Female,Chennai,Urban,556495,760,1
60,Male,Hyderabad,Urban,679780,653,1
53,Female,Mumbai,Urban,570973,805,1
32,Male,Madurai,Semi-Urban,817407,664,1
28,Female,Chennai,Urban,792816,692,1
44,Male,Pune,Urban,1041367,694,1
36,Female,Coimbatore,Semi-Urban,154643,608,0
24,Male,Madurai,Semi-Urban,873473,640,0
58,Female,Pune,Urban,758977,713,1
64,Male,Trivandrum,Semi-Urban,564974,668,1
47,Male,Coimbatore,Semi-Urban,548673,636,0
29,Female,Mumbai,Urban,582346,740,1
36,Female,Delhi,Urban,649573,695,1
32,Female,Pune,Urban,491825,672,1
51,Male,Hyderabad,Urban,279272,794,1
44,Male,Bengaluru,Urban,496072,630,1
34,Male,Trivandrum,Semi-Urban,546849,628,1
45,Male,Delhi,Urban,714028,660,1
54,Female,Coimbatore,Semi-Urban,362408,693,0
23,Male,Bengaluru,Urban,728523,702,1
44,Male,Kochi,Semi-Urban,359068,643,0
62,Male,Chennai,Urban,679448,610,1
29,Male,Madurai,Semi-Urban,710473,709,1
46,Male,Bengaluru,Urban,573925,657,1
40,Male,Coimbatore,Semi-Urban,609228,680,1
60,Male,Bengaluru,Urban,739492,684,1
30,Male,Bengaluru,Urban,483585,727,1
39,Female,Chennai,Urban,661763,654,1
23,Male,Hyderabad,Urban,529849,759,1
44,Male,Kochi,Semi-Urban,910031,672,1
25,Female,Bengaluru,Urban,708645,612,0
23,Female,Mumbai,Urban,391156,629,0
47,Female,Chennai,Urban,963560,627,0
36,Female,Madurai,Semi-Urban,800351,643,0
35,Male,Bengaluru,Urban,358711,692,1
55,Female,Hyderabad,Urban,294749,730,0
32,Male,Kochi,Semi-Urban,354419,568,0
61,Male,Madurai,Semi-Urban,403580,724,0
64,Female,Madurai,Semi-Urban,630256,750,0
46,Male,Madurai,Semi-Urban,616448,782,1
54,Female,Bengaluru,Urban,746962,700,1
43,Female,Coimbatore,Semi-Urban,537849,591,0
51,Male,Coimbatore,Semi-Urban,547874,612,0
40,Female,Madurai,Semi-Urban,622502,724,1
32,Male,Hyderabad,Urban,825176,684,1
43,Male,Madurai,Semi-Urban,221487,648,0
24,Female,Mumbai,Urban,548714,605,0
43,Male,Kochi,Semi-Urban,863739,626,1
21,Female,Mumbai,Urban,613556,706,1
45,Male,Mumbai,Urban,541023,703,1
22,Male,Delhi,Urban,437072,728,1
50,Female,Hyderabad,Urban,780502,745,1
23,Male,Coimbatore,Semi-Urban,503738,636,0
41,Male,Kochi,Semi-Urban,502155,726,1
45,Male,Kochi,Semi-Urban,872747,642,1
40,Female,Chennai,Urban,390624,673,1
42,Male,Pune,Urban,926275,643,1
41,Female,Kochi,Semi-Urban,633813,718,1
53,Male,Chennai,Urban,604909,651,1
58,Female,Trivandrum,Semi-Urban,657080,712,0
35,Female,Chennai,Urban,604156,703,1
35,Male,Bengaluru,Urban,494387,736,1
45,Male,Delhi,Urban,668834,709,1
41,Female,Delhi,Urban,502026,773,1
44,Female,Chennai,Urban,685608,647,1
25,Male,Hyderabad,Urban,1062502,719,1
26,Female,Pune,Urban,732032,700,1
63,Female,Hyderabad,Urban,562264,642,0
64,Female,Chennai,Urban,651112,727,1
43,Female,Pune,Urban,536031,722,1
24,Male,Hyderabad,Urban,563234,647,1
47,Female,Kochi,Semi-Urban,577655,596,0
38,Male,Chennai,Urban,695056,674,1
41,Male,Delhi,Urban,781358,645,1
48,Male,Hyderabad,Urban,1021841,688,1
55,Male,Pune,Urban,729689,680,1
42,Male,Mumbai,Urban,380631,769,1
60,Male,Delhi,Urban,343810,643,0
43,Male,Pune,Urban,586572,709,1
23,Female,Pune,Urban,800085,612,0
60,Male,Bengaluru,Urban,558409,631,1
30,Male,Coimbatore,Semi-Urban,561508,657,1
45,Male,Hyderabad,Urban,779977,637,1
28,Male,Delhi,Urban,594646,701,1
31,Male,Hyderabad,Urban,806882,678,1
25,Male,Mumbai,Urban,299036,721,1
57,Female,Chennai,Urban,695340,628,0
58,Female,Delhi,Urban,244755,688,0
49,Female,Delhi,Urban,653328,642,0
25,Male,Chennai,Urban,780130,743,1
29,Male,Delhi,Urban,274369,628,1
22,Male,Pune,Urban,140952,592,0
21,Female,Trivandrum,Semi-Urban,770199,650,0
60,Male,Mumbai,Urban,689882,623,1
50,Male,Madurai,Semi-Urban,380289,687,0
31,Male,Delhi,Urban,648871,709,1
48,Male,Bengaluru,Urban,491712,716,1
64,Female,Delhi,Urban,564170,573,0
32,Female,Chennai,Urban,546332,716,1
59,Female,Trivandrum,Semi-Urban,333855,691,0
46,Male,Pune,Urban,780219,715,1
33,Female,Hyderabad,Urban,388186,723,1
28,Female,Mumbai,Urban,618530,649,1
48,Female,Mumbai,Urban,730411,634,0
50,Male,Hyderabad,Urban,433984,696,1
29,Male,Coimbatore,Semi-Urban,545025,728,1
59,Female,Kochi,Semi-Urban,498247,617,0
51,Male,Bengaluru,Urban,944898,683,1
41,Female,Coimbatore,Semi-Urban,782979,654,1
54,Female,Chennai,Urban,751974,653,1
51,Male,Pune,Urban,1042083,660,1
45,Male,Hyderabad,Urban,670421,712,1
32,Male,Kochi,Semi-Urban,532808,708,1
21,Female,Bengaluru,Urban,312034,635,0
42,Female,Hyderabad,Urban,460094,611,0
60,Male,Coimbatore,Semi-Urban,631852,733,1
57,Male,Mumbai,Urban,786277,720,1
21,Male,Madurai,Semi-Urban,469221,741,0
21,Female,Delhi,Urban,916734,707,1
62,Male,Pune,Urban,292082,746,1
62,Male,Pune,Urban,524906,564,1
41,Female,Mumbai,Urban,680758,674,1
35,Male,Delhi,Urban,626234,645,1
37,Male,Coimbatore,Semi-Urban,695345,779,1
42,Male,Chennai,Urban,625702,620,1
58,Male,Madurai,Semi-Urban,729645,612,0
55,Male,Delhi,Urban,551215,648,1
36,Female,Trivandrum,Semi-Urban,539881,653,1
28,Female,Bengaluru,Urban,435004,661,1
37,Female,Trivandrum,Semi-Urban,1034742,725,1
37,Female,Hyderabad,Urban,584301,754,1
46,Male,Coimbatore,Semi-Urban,687105,728,1
33,Male,Mumbai,Urban,557732,803,1
37,Male,Hyderabad,Urban,918377,744,1
58,Female,Pune,Urban,597757,648,0
37,Female,Trivandrum,Semi-Urban,665497,674,1
34,Male,Pune,Urban,425526,719,1
26,Male,Hyderabad,Urban,952092,622,1
55,Male,Kochi,Semi-Urban,643398,664,1
34,Male,Kochi,Semi-Urban,959372,712,1
28,Female,Kochi,Semi-Urban,479851,775,0
35,Male,Bengaluru,Urban,511601,681,1
47,Female,Hyderabad,Urban,494570,689,0
33,Male,Madurai,Semi-Urban,543266,705,1
51,Female,Mumbai,Urban,734110,593,0
55,Female,Pune,Urban,190338,661,0
26,Female,Chennai,Urban,590346,637,0
25,Male,Pune,Urban,443865,718,1
42,Male,Trivandrum,Semi-Urban,422389,658,1
43,Male,Coimbatore,Semi-Urban,693649,740,1
45,Male,Mumbai,Urban,660003,701,1
54,Female,Madurai,Semi-Urban,772614,672,0
46,Female,Delhi,Urban,677476,651,1
25,Male,Kochi,Semi-Urban,635948,644,0
46,Male,Bengaluru,Urban,488284,760,1
40,Male,Kochi,Semi-Urban,414624,578,0
26,Female,Madurai,Semi-Urban,719822,675,0
26,Female,Chennai,Urban,548833,684,1
38,Male,Trivandrum,Semi-Urban,679843,567,1
24,Male,Bengaluru,Urban,599097,745,1
37,Female,Pune,Urban,191280,690,1
34,Female,Pune,Urban,696700,716,1
34,Male,Hyderabad,Urban,474824,717,1
33,Female,Bengaluru,Urban,772839,725,1
27,Female,Kochi,Semi-Urban,228225,720,0
64,Male,Bengaluru,Urban,979812,720,1
35,Male,Mumbai,Urban,480801,699,1
39,Male,Hyderabad,Urban,694238,729,1
63,Male,Mumbai,Urban,457484,816,1
64,Male,Bengaluru,Urban,484667,637,0
55,Male,Bengaluru,Urban,737059,705,1
37,Male,Bengaluru,Urban,559596,721,1
55,Male,Kochi,Semi-Urban,573485,603,0
39,Male,Delhi,Urban,769892,774,1
40,Male,Chennai,Urban,637786,712,1
56,Female,Kochi,Semi-Urban,689651,695,0
55,Female,Madurai,Semi-Urban,475057,662,0
52,Male,Hyderabad,Urban,733310,722,1
64,Male,Coimbatore,Semi-Urban,622320,624,0
60,Female,Kochi,Semi-Urban,686079,766,0
44,Male,Bengaluru,Urban,672753,732,1
37,Female,Hyderabad,Urban,825910,673,1
27,Male,Mumbai,Urban,700963,752,1
63,Female,Trivandrum,Semi-Urban,368007,592,0
21,Male,Hyderabad,Urban,481102,629,0
55,Female,Pune,Urban,645264,683,1
52,Female,Kochi,Semi-Urban,679682,685,0
56,Female,Hyderabad,Urban,335022,702,0
33,Female,Bengaluru,Urban,401523,690,1
26,Male,Chennai,Urban,818713,742,1
34,Male,Mumbai,Urban,993160,607,1
57,Male,Mumbai,Urban,269146,584,0
35,Male,Trivandrum,Semi-Urban,651636,610,1
24,Male,Trivandrum,Semi-Urban,609576,615,0
60,Female,Chennai,Urban,802281,682,1
36,Female,Delhi,Urban,699273,673,1
48,Male,Bengaluru,Urban,765819,696,1
36,Male,Mumbai,Urban,143833,698,1
24,Male,Trivandrum,Semi-Urban,598572,694,1
46,Female,Mumbai,Urban,418764,604,0
48,Male,Coimbatore,Semi-Urban,423884,670,0
52,Female,Pune,Urban,354790,655,0
22,Female,Delhi,Urban,645675,742,1
51,Female,Bengaluru,Urban,666686,698,1
23,Male,Hyderabad,Urban,726188,774,1
28,Male,Bengaluru,Urban,519385,632,1
44,Female,Delhi,Urban,876828,666,1
35,Female,Coimbatore,Semi-Urban,413590,727,0
63,Female,Kochi,Semi-Urban,313484,656,0
51,Male,Coimbatore,Semi-Urban,643759,700,1
29,Female,Coimbatore,Semi-Urban,463099,651,0
59,Male,Madurai,Semi-Urban,706359,739,1
22,Female,Chennai,Urban,468451,611,0
28,Female,Madurai,Semi-Urban,484215,777,0
27,Female,Kochi,Semi-Urban,467968,720,0
64,Female,Hyderabad,Urban,453601,706,0
59,Male,Pune,Urban,599612,701,1
62,Female,Pune,Urban,647834,647,0
36,Female,Delhi,Urban,453233,717,1
55,Male,Coimbatore,Semi-Urban,365870,655,0
50,Female,Chennai,Urban,699736,576,0
30,Male,Mumbai,Urban,677581,686,1
58,Female,Chennai,Urban,742926,644,0
38,Male,Delhi,Urban,391328,689,1
25,Female,Mumbai,Urban,434639,681,0
49,Male,Chennai,Urban,764648,611,1
59,Male,Kochi,Semi-Urban,779209,761,1
54,Male,Bengaluru,Urban,518178,648,1
63,Male,Bengaluru,Urban,409477,735,1
43,Female,Hyderabad,Urban,459699,646,0
25,Male,Mumbai,Urban,406901,682,1
50,Female,Hyderabad,Urban,759584,695,1
26,Female,Chennai,Urban,742580,580,0
64,Female,Hyderabad,Urban,616260,650,0
24,Female,Chennai,Urban,464437,694,0
49,Male,Mumbai,Urban,423769,684,1
43,Male,Madurai,Semi-Urban,476875,683,1
26,Male,Chennai,Urban,422278,727,1
52,Male,Kochi,Semi-Urban,645322,641,0
62,Female,Bengaluru,Urban,752474,684,1
38,Male,Hyderabad,Urban,758778,613,1
35,Female,Hyderabad,Urban,423133,656,1
60,Male,Pune,Urban,480453,742,1
52,Female,Mumbai,Urban,489361,681,0
29,Male,Trivandrum,Semi-Urban,803822,657,1
57,Male,Delhi,Urban,333161,640,0
30,Female,Bengaluru,Urban,599407,612,1
40,Male,Pune,Urban,425025,728,1
26,Female,Hyderabad,Urban,561699,786,1
23,Male,Bengaluru,Urban,738769,659,1
62,Male,Hyderabad,Urban,535374,589,1
31,Female,Hyderabad,Urban,449331,757,1
63,Male,Bengaluru,Urban,749527,635,1
37,Female,Kochi,Semi-Urban,625983,699,1
52,Male,Hyderabad,Urban,696457,706,1
24,Female,Kochi,Semi-Urban,652932,736,0
24,Male,Bengaluru,Urban,357044,668,1
37,Male,Pune,Urban,861031,703,1
61,Male,Chennai,Urban,560217,663,1
39,Male,Kochi,Semi-Urban,768490,580,1
25,Male,Trivandrum,Semi-Urban,529976,659,1
52,Female,Chennai,Urban,713146,698,1
42,Female,Bengaluru,Urban,802163,630,1
26,Male,Chennai,Urban,776488,684,1
55,Male,Chennai,Urban,621076,693,1
42,Male,Chennai,Urban,532096,747,1
21,Male,Kochi,Semi-Urban,318332,633,0
40,Male,Mumbai,Urban,352440,692,1
42,Male,Delhi,Urban,823284,625,1
31,Female,Bengaluru,Urban,435245,570,0
33,Female,Madurai,Semi-Urban,760844,656,1
62,Male,Chennai,Urban,782873,652,1
23,Male,Hyderabad,Urban,691065,697,1
29,Female,Bengaluru,Urban,678244,738,1
32,Male,Bengaluru,Urban,366898,685,1
43,Female,Kochi,Semi-Urban,330121,647,0
34,Female,Trivandrum,Semi-Urban,468256,638,0
53,Male,Kochi,Semi-Urban,930563,738,1
38,Male,Delhi,Urban,874953,714,1
61,Female,Pune,Urban,607436,635,0
29,Female,Mumbai,Urban,858874,611,1
43,Male,Mumbai,Urban,413006,635,1
30,Female,Chennai,Urban,526114,729,1
39,Male,Bengaluru,Urban,917449,632,1
25,Male,Delhi,Urban,1020435,703,1
43,Female,Hyderabad,Urban,754323,764,1
50,Female,Delhi,Urban,282114,640,0
45,Female,Chennai,Urban,869907,661,1
48,Female,Coimbatore,Semi-Urban,546436,678,0
54,Male,Pune,Urban,744514,599,1
45,Male,Hyderabad,Urban,619822,644,1
30,Male,Coimbatore,Semi-Urban,801308,688,1
34,Male,Madurai,Semi-Urban,609342,631,1
62,Female,Pune,Urban,1145785,786,1
50,Male,Hyderabad,Urban,793027,655,1
61,Female,Trivandrum,Semi-Urban,348399,671,0
45,Female,Chennai,Urban,264320,651,1
34,Male,Kochi,Semi-Urban,266818,667,1
55,Male,Trivandrum,Semi-Urban,718992,643,0
54,Female,Trivandrum,Semi-Urban,792474,576,0
30,Female,Chennai,Urban,77571,661,1
55,Female,Coimbatore,Semi-Urban,844207,770,0
31,Male,Mumbai,Urban,670086,761,1
31,Male,Chennai,Urban,923453,627,1
41,Male,Delhi,Urban,406393,600,1
41,Male,Madurai,Semi-Urban,658132,577,1
42,Female,Pune,Urban,656609,631,1
27,Female,Trivandrum,Semi-Urban,445264,652,0
37,Male,Bengaluru,Urban,346193,700,1
22,Male,Bengaluru,Urban,786270,659,1
32,Male,Bengaluru,Urban,645825,723,1
62,Female,Bengaluru,Urban,678788,709,1
38,Male,Hyderabad,Urban,872547,697,1
31,Female,Hyderabad,Urban,592056,673,1
36,Male,Bengaluru,Urban,662976,729,1
38,Female,Madurai,Semi-Urban,670483,711,1
55,Male,Kochi,Semi-Urban,675802,607,0
46,Male,Coimbatore,Semi-Urban,318244,706,0
36,Female,Hyderabad,Urban,596016,651,1
26,Male,Mumbai,Urban,831679,725,1
64,Male,Hyderabad,Urban,574399,712,1
63,Male,Mumbai,Urban,505466,765,1
62,Male,Kochi,Semi-Urban,793703,580,0
32,Male,Mumbai,Urban,602737,695,1
33,Female,Coimbatore,Semi-Urban,474072,647,0
24,Female,Madurai,Semi-Urban,427722,786,0
59,Male,Mumbai,Urban,589228,528,1
22,Male,Chennai,Urban,467687,701,1
46,Male,Pune,Urban,780295,707,1
47,Male,Trivandrum,Semi-Urban,447822,573,0
47,Male,Kochi,Semi-Urban,655657,705,1
35,Female,Trivandrum,Semi-Urban,683970,579,0
28,Male,Bengaluru,Urban,726584,643,1
27,Male,Bengaluru,Urban,913940,700,1
60,Female,Chennai,Urban,329485,631,0
32,Female,Bengaluru,Urban,721580,683,1
33,Female,Mumbai,Urban,724596,679,1
63,Female,Chennai,Urban,382722,706,0
37,Female,Madurai,Semi-Urban,652122,626,0
37,Male,Delhi,Urban,516088,726,1
56,Male,Hyderabad,Urban,880393,535,1
41,Male,Bengaluru,Urban,486299,755,1
28,Female,Delhi,Urban,556956,667,1
25,Female,Bengaluru,Urban,523925,672,1
46,Male,Trivandrum,Semi-Urban,432369,695,0
36,Female,Coimbatore,Semi-Urban,290117,689,0
56,Female,Delhi,Urban,433448,679,0
48,Female,Bengaluru,Urban,628772,742,1
49,Female,Coimbatore,Semi-Urban,656477,603,0
32,Female,Hyderabad,Urban,762474,632,1
57,Male,Chennai,Urban,809966,701,1
50,Male,Mumbai,Urban,680129,661,1
43,Male,Pune,Urban,759328,744,1
36,Male,Hyderabad,Urban,704810,791,1
34,Male,Madurai,Semi-Urban,379746,680,1
30,Female,Bengaluru,Urban,676276,593,1
27,Female,Bengaluru,Urban,602374,635,0
57,Female,Trivandrum,Semi-Urban,487033,577,0
49,Male,Chennai,Urban,602439,710,1
23,Male,Hyderabad,Urban,671453,632,1
35,Male,Bengaluru,Urban,559630,672,1
56,Male,Hyderabad,Urban,798358,665,1
39,Male,Hyderabad,Urban,668236,736,1
33,Male,Trivandrum,Semi-Urban,774837,682,1
62,Male,Trivandrum,Semi-Urban,851297,666,1
41,Female,Pune,Urban,520845,633,1
57,Male,Trivandrum,Semi-Urban,511057,710,1
47,Female,Trivandrum,Semi-Urban,831353,624,0
49,Male,Trivandrum,Semi-Urban,446087,617,0
40,Female,Madurai,Semi-Urban,580339,650,0
45,Male,Hyderabad,Urban,502522,784,1
26,Male,Hyderabad,Urban,401851,675,1
56,Male,Trivandrum,Semi-Urban,699586,677,1
22,Female,Chennai,Urban,546491,695,1
42,Male,Madurai,Semi-Urban,414509,691,1
52,Male,Delhi,Urban,785037,669,1
36,Female,Hyderabad,Urban,335105,631,0
38,Male,Coimbatore,Semi-Urban,570449,658,1
25,Male,Hyderabad,Urban,778064,669,1
56,Male,Pune,Urban,783007,609,1
50,Female,Pune,Urban,685505,669,1
39,Male,Kochi,Semi-Urban,423984,689,1
43,Male,Bengaluru,Urban,632108,653,1
54,Male,Chennai,Urban,671126,741,1
33,Male,Delhi,Urban,511631,693,1
63,Female,Madurai,Semi-Urban,675318,641,0
49,Male,Chennai,Urban,304450,659,1
56,Male,Bengaluru,Urban,249319,741,1
42,Male,Bengaluru,Urban,471559,649,1
56,Male,Mumbai,Urban,738621,639,1
29,Male,Madurai,Semi-Urban,772045,637,1
59,Male,Bengaluru,Urban,344159,683,1
39,Male,Chennai,Urban,893575,690,1
58,Female,Trivandrum,Semi-Urban,617997,713,0
26,Male,Coimbatore,Semi-Urban,290293,643,0
35,Male,Coimbatore,Semi-Urban,660714,755,1
40,Male,Coimbatore,Semi-Urban,854448,705,1
29,Male,Bengaluru,Urban,503049,659,1
52,Female,Mumbai,Urban,795416,721,1
24,Male,Pune,Urban,888473,775,1
38,Male,Pune,Urban,608102,704,1
25,Female,Delhi,Urban,450959,767,0
40,Male,Trivandrum,Semi-Urban,834068,629,1
43,Male,Pune,Urban,833360,583,1
31,Male,Mumbai,Urban,348323,706,1
57,Male,Bengaluru,Urban,579650,736,1
42,Female,Kochi,Semi-Urban,744164,613,0
24,Male,Pune,Urban,755232,742,1
49,Male,Trivandrum,Semi-Urban,542161,658,1
64,Male,Coimbatore,Semi-Urban,408274,710,0
54,Male,Mumbai,Urban,914135,693,1
33,Female,Bengaluru,Urban,617874,703,1
62,Male,Chennai,Urban,564271,708,1
29,Female,Pune,Urban,482353,675,1
62,Male,Mumbai,Urban,559697,658,1
51,Female,Bengaluru,Urban,285071,697,0
27,Male,Pune,Urban,799798,666,1
24,Male,Mumbai,Urban,545825,645,1
39,Female,Coimbatore,Semi-Urban,179857,695,0
62,Female,Delhi,Urban,403031,650,0
50,Male,Bengaluru,Urban,791513,670,1
51,Male,Kochi,Semi-Urban,571549,653,1
55,Male,Pune,Urban,442242,758,1
41,Female,Bengaluru,Urban,626478,685,1
51,Male,Coimbatore,Semi-Urban,540260,600,0
39,Female,Chennai,Urban,622095,742,1
51,Female,Mumbai,Urban,663915,589,0
52,Female,Hyderabad,Urban,436729,786,0
22,Male,Madurai,Semi-Urban,484786,681,0
30,Male,Mumbai,Urban,453117,648,1
22,Female,Mumbai,Urban,459012,661,0
22,Female,Coimbatore,Semi-Urban,474404,600,0
44,Female,Bengaluru,Urban,541929,674,1
37,Male,Bengaluru,Urban,478434,657,1
52,Female,Bengaluru,Urban,631977,676,1
36,Male,Kochi,Semi-Urban,537272,724,1
36,Male,Delhi,Urban,458685,695,1
59,Female,Madurai,Semi-Urban,214894,622,0
51,Male,Mumbai,Urban,419375,630,0
63,Female,Chennai,Urban,527094,692,1
44,Male,Coimbatore,Semi-Urban,791518,704,1
21,Male,Hyderabad,Urban,586008,676,1
31,Male,Pune,Urban,297335,707,1
41,Male,Chennai,Urban,619595,687,1
24,Male,Chennai,Urban,509494,688,1
27,Female,Mumbai,Urban,714195,721,1
46,Female,Bengaluru,Urban,307512,776,0
32,Male,Bengaluru,Urban,842235,694,1
51,Male,Mumbai,Urban,689401,834,1
37,Female,Chennai,Urban,558233,687,1
53,Female,Bengaluru,Urban,291230,686,0
31,Female,Hyderabad,Urban,307812,777,1
48,Female,Mumbai,Urban,737075,671,1
52,Male,Mumbai,Urban,760638,589,1
21,Male,Bengaluru,Urban,808318,625,1
48,Male,Delhi,Urban,933454,725,1
62,Male,Trivandrum,Semi-Urban,749830,704,1
27,Female,Kochi,Semi-Urban,681499,633,0
22,Male,Mumbai,Urban,1077691,582,1
62,Female,Bengaluru,Urban,490908,660,0
44,Female,Mumbai,Urban,579862,739,1
24,Female,Madurai,Semi-Urban,291746,674,0
64,Female,Mumbai,Urban,724896,662,1
39,Male,Chennai,Urban,559309,625,1
46,Female,Bengaluru,Urban,475968,663,0
31,Male,Pune,Urban,480119,706,1
60,Male,Trivandrum,Semi-Urban,441002,670,0
63,Female,Hyderabad,Urban,566213,671,1
31,Male,Hyderabad,Urban,311633,736,1
23,Female,Madurai,Semi-Urban,329648,641,0
32,Female,Chennai,Urban,378568,703,1
23,Female,Delhi,Urban,475978,672,0
62,Male,Trivandrum,Semi-Urban,507206,761,1
47,Female,Mumbai,Urban,190226,723,0
22,Male,Bengaluru,Urban,496968,746,1
36,Female,Chennai,Urban,431748,710,1
22,Male,Madurai,Semi-Urban,756552,655,1
50,Female,Delhi,Urban,420002,750,0
40,Male,Coimbatore,Semi-Urban,800795,697,1
58,Male,Delhi,Urban,948376,691,1
48,Male,Pune,Urban,833363,640,1
45,Male,Madurai,Semi-Urban,403651,717,1
52,Female,Mumbai,Urban,703890,658,1
30,Male,Hyderabad,Urban,407092,653,1
62,Male,Delhi,Urban,434898,694,1
60,Male,Kochi,Semi-Urban,448324,649,0
53,Male,Mumbai,Urban,627228,642,1
33,Male,Coimbatore,Semi-Urban,425213,633,0
61,Female,Chennai,Urban,607735,731,1
62,Male,Hyderabad,Urban,852493,751,1
57,Male,Kochi,Semi-Urban,379641,775,0
36,Male,Chennai,Urban,278366,726,1
42,Male,Mumbai,Urban,471972,564,1
40,Male,Pune,Urban,885597,696,1
63,Male,Kochi,Semi-Urban,737714,667,1
47,Female,Pune,Urban,429090,799,0
61,Male,Trivandrum,Semi-Urban,390909,699,0
36,Male,Trivandrum,Semi-Urban,664732,638,1
54,Male,Delhi,Urban,619520,643,1
52,Female,Bengaluru,Urban,724554,592,0
46,Female,Delhi,Urban,368951,676,0
45,Male,Chennai,Urban,583237,601,1
22,Female,Pune,Urban,779194,579,0
32,Male,Chennai,Urban,825726,633,1
60,Male,Chennai,Urban,352245,628,0
29,Male,Kochi,Semi-Urban,582930,683,1
32,Male,Delhi,Urban,542805,699,1
46,Male,Bengaluru,Urban,432639,680,1
29,Male,Bengaluru,Urban,452908,674,1
30,Male,Coimbatore,Semi-Urban,713404,699,1
52,Male,Mumbai,Urban,446806,737,1
54,Male,Bengaluru,Urban,575352,630,1
40,Male,Mumbai,Urban,697345,696,1
59,Female,Chennai,Urban,950488,681,1
22,Male,Chennai,Urban,659872,700,1
21,Female,Pune,Urban,744160,670,1
56,Female,Hyderabad,Urban,652590,635,0
44,Male,Bengaluru,Urban,558881,673,1
47,Male,Pune,Urban,555311,643,1
22,Male,Coimbatore,Semi-Urban,576741,630,0
51,Male,Chennai,Urban,172087,739,1
34,Male,Mumbai,Urban,534594,687,1
22,Male,Madurai,Semi-Urban,687657,581,0
49,Male,Hyderabad,Urban,452606,515,0
35,Female,Delhi,Urban,890561,672,1
32,Male,Delhi,Urban,625039,648,1
57,Female,Mumbai,Urban,573764,681,1
48,Male,Kochi,Semi-Urban,767172,692,1
40,Female,Mumbai,Urban,712814,679,1
59,Male,Bengaluru,Urban,826563,640,1
44,Male,Coimbatore,Semi-Urban,865519,728,1
41,Female,Bengaluru,Urban,893061,621,1
30,Female,Mumbai,Urban,691371,740,1
34,Male,Delhi,Urban,392608,709,1
57,Male,Trivandrum,Semi-Urban,552333,647,0
38,Female,Mumbai,Urban,927799,702,1
44,Female,Trivandrum,Semi-Urban,651877,662,1
34,Male,Bengaluru,Urban,513164,748,1
54,Male,Kochi,Semi-Urban,491021,648,0
32,Female,Coimbatore,Semi-Urban,384510,720,0
42,Male,Madurai,Semi-Urban,783867,616,1
26,Female,Delhi,Urban,509661,696,1
56,Male,Hyderabad,Urban,403439,694,1
56,Female,Chennai,Urban,426023,711,0
42,Female,Hyderabad,Urban,78146,704,1
34,Female,Delhi,Urban,741223,664,1
36,Male,Chennai,Urban,552522,582,1
56,Male,Pune,Urban,354260,612,0
45,Male,Madurai,Semi-Urban,877430,576,1
52,Female,Bengaluru,Urban,609302,666,1
53,Female,Delhi,Urban,151704,736,0
56,Male,Coimbatore,Semi-Urban,744362,642,0
40,Female,Chennai,Urban,397848,660,1
38,Female,Delhi,Urban,719087,650,1
58,Male,Mumbai,Urban,701023,692,1
23,Male,Chennai,Urban,627472,688,1
43,Female,Kochi,Semi-Urban,349658,659,0
52,Male,Pune,Urban,353473,631,0
36,Female,Hyderabad,Urban,590219,711,1
25,Male,Delhi,Urban,411724,734,1
24,Female,Hyderabad,Urban,843865,720,1
41,Male,Madurai,Semi-Urban,579706,622,1
60,Male,Madurai,Semi-Urban,399027,566,0
34,Male,Chennai,Urban,799711,668,1
59,Male,Madurai,Semi-Urban,217852,748,0
51,Male,Chennai,Urban,573633,580,1
34,Male,Bengaluru,Urban,711234,659,1
26,Female,Kochi,Semi-Urban,394204,760,0
32,Female,Hyderabad,Urban,513515,729,1
36,Male,Delhi,Urban,465120,691,1
37,Female,Kochi,Semi-Urban,375109,620,0
43,Male,Bengaluru,Urban,615292,754,1
34,Female,Hyderabad,Urban,770204,670,1
27,Female,Mumbai,Urban,1000748,567,0
52,Male,Chennai,Urban,752391,752,1
35,Female,Bengaluru,Urban,546131,628,1
64,Female,Bengaluru,Urban,822930,839,1
37,Male,Coimbatore,Semi-Urban,374173,670,1
61,Female,Madurai,Semi-Urban,492742,701,0
64,Female,Chennai,Urban,790525,684,1
54,Male,Chennai,Urban,468389,666,1
25,Female,Kochi,Semi-Urban,611553,719,0
47,Female,Pune,Urban,459774,690,0
43,Male,Hyderabad,Urban,556872,683,1
60,Male,Madurai,Semi-Urban,586153,628,0
34,Male,Mumbai,Urban,694267,672,1
35,Female,Pune,Urban,633140,621,1
63,Female,Bengaluru,Urban,742998,700,1
53,Male,Pune,Urban,678424,696,1
51,Female,Mumbai,Urban,560027,688,1
55,Female,Pune,Urban,478142,742,0
37,Female,Mumbai,Urban,417082,720,1
48,Male,Delhi,Urban,54476,784,1
39,Male,Coimbatore,Semi-Urban,576982,729,1
43,Female,Trivandrum,Semi-Urban,371389,687,0
52,Male,Kochi,Semi-Urban,424771,665,0
60,Female,Mumbai,Urban,539892,609,0
33,Female,Coimbatore,Semi-Urban,495785,748,0
40,Male,Pune,Urban,709521,708,1
55,Female,Bengaluru,Urban,566675,657,1
25,Male,Delhi,Urban,925359,695,1
29,Male,Madurai,Semi-Urban,1038811,686,1
49,Male,Kochi,Semi-Urban,538778,675,1
26,Male,Coimbatore,Semi-Urban,430601,726,0
45,Male,Madurai,Semi-Urban,247351,602,0
51,Female,Trivandrum,Semi-Urban,965560,722,0
42,Female,Trivandrum,Semi-Urban,455213,745,0
22,Male,Pune,Urban,491943,624,0
25,Female,Madurai,Semi-Urban,460070,582,0
47,Male,Coimbatore,Semi-Urban,534666,703,1
45,Male,Bengaluru,Urban,504611,728,1
28,Female,Chennai,Urban,765359,635,1
21,Female,Delhi,Urban,50835,610,0
40,Female,Trivandrum,Semi-Urban,562473,585,0
64,Male,Hyderabad,Urban,743598,734,1
43,Female,Bengaluru,Urban,461921,674,1
52,Female,Hyderabad,Urban,717664,745,1
31,Female,Coimbatore,Semi-Urban,617900,541,0
59,Male,Madurai,Semi-Urban,456440,684,0
44,Male,Madurai,Semi-Urban,237558,735,1
31,Female,Hyderabad,Urban,681306,633,1
49,Female,Hyderabad,Urban,663660,716,1
46,Male,Mumbai,Urban,451874,627,0
36,Male,Hyderabad,Urban,751977,632,1
55,Male,Kochi,Semi-Urban,502987,683,1
40,Male,Hyderabad,Urban,806886,649,1
23,Male,Bengaluru,Urban,660600,748,1
21,Male,Mumbai,Urban,895999,680,1
21,Male,Chennai,Urban,672602,750,1
37,Male,Bengaluru,Urban,605604,713,1
22,Male,Mumbai,Urban,223084,634,0
49,Male,Chennai,Urban,610735,691,1
40,Male,Mumbai,Urban,552154,638,1
26,Female,Hyderabad,Urban,923032,737,1
28,Male,Delhi,Urban,642693,752,1
49,Female,Pune,Urban,756501,593,0
53,Male,Delhi,Urban,880777,708,1
23,Female,Kochi,Semi-Urban,867904,740,0
55,Male,Madurai,Semi-Urban,582599,724,1
25,Male,Hyderabad,Urban,1025785,674,1
47,Male,Chennai,Urban,498782,817,1
64,Female,Hyderabad,Urban,866097,691,1
32,Male,Mumbai,Urban,450685,605,1
40,Male,Kochi,Semi-Urban,772005,714,1
40,Male,Bengaluru,Urban,407239,734,1
29,Female,Madurai,Semi-Urban,723747,709,1
59,Male,Bengaluru,Urban,429214,690,1
24,Male,Madurai,Semi-Urban,392650,610,0
39,Male,Pune,Urban,406738,597,1
58,Male,Pune,Urban,699595,631,1
47,Female,Coimbatore,Semi-Urban,698897,559,0
63,Male,Bengaluru,Urban,698039,756,1
33,Male,Trivandrum,Semi-Urban,644266,683,1
33,Female,Chennai,Urban,503191,663,1
42,Female,Madurai,Semi-Urban,455716,608,0
48,Male,Hyderabad,Urban,392989,615,0
42,Female,Hyderabad,Urban,381005,680,1
63,Male,Madurai,Semi-Urban,842606,665,1
39,Male,Bengaluru,Urban,388230,686,1
28,Female,Chennai,Urban,413571,613,0
28,Female,Mumbai,Urban,400366,699,1
62,Male,Trivandrum,Semi-Urban,334660,744,0
46,Male,Kochi,Semi-Urban,660930,665,1
46,Male,Kochi,Semi-Urban,492816,719,0
43,Male,Madurai,Semi-Urban,567240,671,1
63,Male,Bengaluru,Urban,576693,660,1
33,Male,Delhi,Urban,657732,701,1
48,Female,Trivandrum,Semi-Urban,620254,656,0
29,Female,Kochi,Semi-Urban,836759,648,0
40,Male,Mumbai,Urban,466418,734,1
39,Male,Bengaluru,Urban,481574,589,1
59,Male,Bengaluru,Urban,582214,684,1
32,Male,Bengaluru,Urban,585342,627,1
35,Male,Hyderabad,Urban,303413,770,1
51,Female,Bengaluru,Urban,284669,725,0
34,Male,Mumbai,Urban,571844,743,1
31,Female,Chennai,Urban,877159,689,1
46,Female,Coimbatore,Semi-Urban,896951,711,0
62,Male,Madurai,Semi-Urban,376558,690,0
47,Male,Hyderabad,Urban,513899,651,1
31,Female,Delhi,Urban,632504,768,1
58,Female,Pune,Urban,660783,715,1
54,Female,Delhi,Urban,405279,638,0
63,Male,Pune,Urban,940497,601,1
39,Male,Bengaluru,Urban,485948,629,1
26,Male,Madurai,Semi-Urban,673778,682,1
58,Female,Mumbai,Urban,534147,647,0
62,Female,Bengaluru,Urban,535129,726,1
48,Female,Pune,Urban,751340,693,1
21,Male,Pune,Urban,796995,667,1
55,Female,Hyderabad,Urban,736148,680,1
60,Male,Pune,Urban,423365,673,1
28,Male,Bengaluru,Urban,330881,668,1
27,Male,Kochi,Semi-Urban,1132063,699,1
31,Female,Chennai,Urban,661394,654,1
59,Female,Chennai,Urban,420427,621,0
24,Male,Coimbatore,Semi-Urban,788443,717,1
45,Female,Hyderabad,Urban,418821,640,0
32,Male,Bengaluru,Urban,993684,742,1
46,Male,Mumbai,Urban,518456,671,1
58,Male,Chennai,Urban,771777,657,1
32,Male,Kochi,Semi-Urban,591022,633,1
63,Male,Chennai,Urban,295176,664,1
57,Male,Coimbatore,Semi-Urban,403211,697,0
44,Female,Chennai,Urban,446487,640,0
36,Male,Mumbai,Urban,463035,716,1
33,Female,Hyderabad,Urban,637493,624,1
45,Male,Kochi,Semi-Urban,113637,725,1
24,Female,Bengaluru,Urban,638854,685,1
31,Female,Mumbai,Urban,204844,657,1
52,Female,Hyderabad,Urban,671587,699,1
27,Male,Madurai,Semi-Urban,439890,760,0
31,Female,Bengaluru,Urban,626923,737,1
48,Male,Coimbatore,Semi-Urban,333208,698,0
61,Female,Chennai,Urban,474134,726,0
43,Male,Bengaluru,Urban,190715,658,1
43,Male,Chennai,Urban,350757,648,1
48,Male,Bengaluru,Urban,880286,715,1
63,Female,Delhi,Urban,885567,691,1
46,Male,Pune,Urban,351162,665,1
45,Female,Bengaluru,Urban,532287,720,1
49,Female,Mumbai,Urban,691665,682,1
39,Female,Hyderabad,Urban,616095,744,1
53,Male,Hyderabad,Urban,484818,574,0
56,Female,Hyderabad,Urban,288581,654,0
34,Male,Madurai,Semi-Urban,775405,726,1
34,Male,Bengaluru,Urban,498432,762,1
55,Female,Coimbatore,Semi-Urban,270906,746,0
50,Female,Chennai,Urban,590961,648,0
48,Female,Hyderabad,Urban,531285,743,1
37,Male,Mumbai,Urban,498272,589,1
23,Male,Hyderabad,Urban,625312,634,1
36,Male,Bengaluru,Urban,557429,667,1
50,Male,Bengaluru,Urban,824260,702,1
49,Male,Hyderabad,Urban,417353,630,0
35,Male,Coimbatore,Semi-Urban,445837,673,1
45,Female,Bengaluru,Urban,754313,748,1
58,Female,Trivandrum,Semi-Urban,1099066,621,0
62,Female,Hyderabad,Urban,1067771,617,0
58,Female,Madurai,Semi-Urban,746379,640,0
43,Male,Mumbai,Urban,529889,799,1
45,Male,Chennai,Urban,493192,700,1
62,Female,Pune,Urban,522583,637,0
27,Male,Chennai,Urban,251755,725,1
42,Male,Delhi,Urban,736588,588,1
37,Male,Delhi,Urban,864270,673,1
38,Male,Hyderabad,Urban,572991,686,1
61,Female,Pune,Urban,1018580,735,1
30,Female,Coimbatore,Semi-Urban,1145215,607,0
30,Female,Coimbatore,Semi-Urban,777017,744,1
27,Male,Pune,Urban,465926,731,1
58,Male,Mumbai,Urban,428359,746,1
47,Female,Bengaluru,Urban,754813,619,0
53,Male,Trivandrum,Semi-Urban,810655,766,1
21,Male,Hyderabad,Urban,468630,585,0
64,Female,Chennai,Urban,368091,617,0
54,Female,Mumbai,Urban,257856,688,0
24,Female,Pune,Urban,391271,661,0
37,Male,Chennai,Urban,516360,612,1
24,Male,Coimbatore,Semi-Urban,818094,798,1
63,Female,Mumbai,Urban,485455,595,0
46,Male,Bengaluru,Urban,-13513,593,0
24,Female,Coimbatore,Semi-Urban,468954,696,0
21,Male,Pune,Urban,533370,677,1
27,Female,Hyderabad,Urban,528985,606,0
50,Female,Hyderabad,Urban,83308,788,0
29,Male,Mumbai,Urban,531770,685,1
55,Male,Coimbatore,Semi-Urban,864007,651,1
28,Female,Bengaluru,Urban,506768,679,1
44,Female,Chennai,Urban,465040,601,0
39,Male,Trivandrum,Semi-Urban,445568,734,1
56,Female,Mumbai,Urban,630644,693,1
63,Male,Hyderabad,Urban,295336,667,1
47,Male,Madurai,Semi-Urban,373301,679,0
52,Male,Madurai,Semi-Urban,824418,635,0
34,Female,Pune,Urban,734213,736,1
38,Male,Hyderabad,Urban,491515,647,1
48,Male,Madurai,Semi-Urban,697265,652,1
49,Female,Trivandrum,Semi-Urban,416066,689,0
36,Male,Chennai,Urban,413577,579,1
55,Male,Kochi,Semi-Urban,409514,707,0
51,Male,Bengaluru,Urban,286044,678,1
24,Female,Trivandrum,Semi-Urban,581056,706,0
57,Male,Trivandrum,Semi-Urban,998032,667,1
37,Female,Coimbatore,Semi-Urban,200483,637,0
59,Female,Chennai,Urban,937201,685,1
46,Female,Kochi,Semi-Urban,56988,729,0
59,Female,Chennai,Urban,699816,652,1
61,Male,Pune,Urban,228561,721,1
24,Male,Kochi,Semi-Urban,702233,665,1
50,Female,Bengaluru,Urban,437417,657,0
50,Female,Chennai,Urban,743629,724,1
42,Male,Kochi,Semi-Urban,439050,697,1
31,Male,Mumbai,Urban,698652,611,1
22,Male,Trivandrum,Semi-Urban,556714,669,1
64,Male,Hyderabad,Urban,841625,621,1
32,Male,Kochi,Semi-Urban,561154,706,1
50,Male,Chennai,Urban,641354,634,1
56,Male,Delhi,Urban,611102,688,1
38,Male,Pune,Urban,774601,705,1
46,Male,Kochi,Semi-Urban,786117,706,1
27,Female,Bengaluru,Urban,607178,652,1
21,Female,Pune,Urban,252686,682,0
46,Female,Chennai,Urban,404153,645,0
43,Male,Trivandrum,Semi-Urban,756124,658,1
46,Male,Delhi,Urban,289425,632,0
26,Female,Hyderabad,Urban,451930,682,0
26,Female,Chennai,Urban,477125,703,0
64,Male,Chennai,Urban,552375,637,1
28,Male,Madurai,Semi-Urban,523817,638,1
44,Male,Madurai,Semi-Urban,606394,759,1
42,Male,Mumbai,Urban,385072,637,1
39,Male,Bengaluru,Urban,424919,715,1
57,Female,Madurai,Semi-Urban,954081,730,0
38,Male,Mumbai,Urban,879291,694,1
51,Female,Mumbai,Urban,701471,698,1
57,Female,Mumbai,Urban,721844,683,1
50,Female,Hyderabad,Urban,651132,611,0
62,Female,Delhi,Urban,585811,733,1
53,Female,Delhi,Urban,422428,657,0
30,Male,Mumbai,Urban,886121,721,1
57,Female,Madurai,Semi-Urban,969867,678,0
32,Female,Hyderabad,Urban,485459,703,1
50,Male,Delhi,Urban,815528,693,1
47,Female,Hyderabad,Urban,508325,656,1
59,Female,Trivandrum,Semi-Urban,436165,719,0
29,Female,Bengaluru,Urban,506213,613,1
41,Male,Chennai,Urban,517954,741,1
32,Male,Coimbatore,Semi-Urban,712745,735,1
49,Male,Chennai,Urban,503201,666,1
53,Male,Kochi,Semi-Urban,763153,692,1
63,Male,Pune,Urban,446060,667,1
35,Male,Delhi,Urban,580201,638,1
22,Female,Chennai,Urban,365598,675,0
59,Male,Hyderabad,Urban,331319,693,1
64,Male,Coimbatore,Semi-Urban,665466,746,1
38,Male,Hyderabad,Urban,613706,670,1
23,Male,Trivandrum,Semi-Urban,499965,680,0
27,Male,Coimbatore,Semi-Urban,406641,745,0
63,Male,Mumbai,Urban,359820,705,1
38,Male,Coimbatore,Semi-Urban,663668,610,1
64,Male,Hyderabad,Urban,454123,678,1
58,Male,Delhi,Urban,919051,721,1
57,Male,Kochi,Semi-Urban,628570,802,1
53,Male,Chennai,Urban,698901,689,1
64,Male,Hyderabad,Urban,875503,575,1
51,Male,Kochi,Semi-Urban,428126,588,0
31,Female,Kochi,Semi-Urban,683567,645,0
24,Female,Mumbai,Urban,694212,632,0
38,Male,Coimbatore,Semi-Urban,490430,721,1
24,Male,Mumbai,Urban,286883,773,1
54,Female,Madurai,Semi-Urban,162596,718,0
49,Male,Trivandrum,Semi-Urban,412593,725,0
44,Female,Hyderabad,Urban,817180,713,1
42,Female,Mumbai,Urban,437479,698,1
22,Female,Kochi,Semi-Urban,786162,641,0
64,Female,Madurai,Semi-Urban,441612,719,0
26,Female,Chennai,Urban,603115,661,1
62,Female,Delhi,Urban,700048,721,1
45,Female,Bengaluru,Urban,800298,701,1
41,Female,Hyderabad,Urban,502014,680,1
36,Female,Kochi,Semi-Urban,465978,642,0
51,Male,Bengaluru,Urban,198300,676,1
34,Male,Kochi,Semi-Urban,508311,650,1
59,Female,Madurai,Semi-Urban,1258433,593,0
48,Male,Pune,Urban,550666,624,1
52,Female,Chennai,Urban,309981,694,0
48,Female,Trivandrum,Semi-Urban,564013,549,0
29,Female,Pune,Urban,742348,798,1
42,Female,Bengaluru,Urban,474501,654,1
52,Female,Mumbai,Urban,376841,722,0
25,Male,Madurai,Semi-Urban,1102515,571,0
43,Female,Chennai,Urban,674392,631,1
25,Male,Pune,Urban,906326,733,1
62,Male,Delhi,Urban,519939,700,1
52,Male,Bengaluru,Urban,954679,660,1
30,Male,Mumbai,Urban,781485,779,1
59,Male,Hyderabad,Urban,702234,609,1
35,Male,Hyderabad,Urban,354251,734,1
27,Female,Delhi,Urban,452856,658,0
49,Female,Mumbai,Urban,690011,637,0
23,Male,Mumbai,Urban,530543,581,1
39,Male,Bengaluru,Urban,674508,588,1
30,Female,Coimbatore,Semi-Urban,504643,686,1
48,Female,Mumbai,Urban,684299,683,1
49,Female,Coimbatore,Semi-Urban,468949,641,0
35,Male,Coimbatore,Semi-Urban,690052,669,1
55,Female,Hyderabad,Urban,398297,672,0
26,Male,Bengaluru,Urban,531440,656,1
32,Female,Madurai,Semi-Urban,556998,629,0
58,Male,Trivandrum,Semi-Urban,419635,706,0
33,Male,Bengaluru,Urban,471652,742,1
49,Male,Trivandrum,Semi-Urban,656011,698,1
39,Male,Bengaluru,Urban,741568,701,1
23,Male,Bengaluru,Urban,650143,717,1
28,Female,Delhi,Urban,701351,668,1
28,Female,Bengaluru,Urban,617161,647,1
40,Male,Pune,Urban,461020,580,1
24,Male,Madurai,Semi-Urban,254628,652,0
41,Male,Kochi,Semi-Urban,494090,648,0
23,Female,Bengaluru,Urban,575675,627,0
28,Male,Hyderabad,Urban,474440,691,1
43,Male,Hyderabad,Urban,910571,670,1
36,Male,Mumbai,Urban,655279,701,1
33,Female,Chennai,Urban,581695,623,1
23,Male,Delhi,Urban,709414,603,1
29,Male,Mumbai,Urban,1004491,713,1
34,Female,Pune,Urban,543691,721,1
33,Female,Pune,Urban,407151,637,0
27,Female,Delhi,Urban,664369,662,1
35,Male,Kochi,Semi-Urban,370141,693,1
27,Male,Bengaluru,Urban,409328,708,1
58,Female,Chennai,Urban,884800,592,0
54,Female,Madurai,Semi-Urban,859161,729,0
61,Male,Trivandrum,Semi-Urban,730048,613,0
42,Male,Chennai,Urban,677974,609,1
44,Male,Delhi,Urban,355798,659,1
57,Male,Pune,Urban,438270,658,1
64,Female,Hyderabad,Urban,864605,681,1
21,Female,Chennai,Urban,498615,687,0
30,Male,Pune,Urban,440015,764,1
63,Male,Mumbai,Urban,562012,634,1
36,Female,Mumbai,Urban,715407,733,1
28,Male,Chennai,Urban,558499,606,1
45,Female,Madurai,Semi-Urban,564402,618,0
32,Female,Coimbatore,Semi-Urban,164385,632,0
45,Female,Mumbai,Urban,585837,583,1
37,Male,Bengaluru,Urban,799483,702,1
46,Male,Mumbai,Urban,586280,740,1
34,Male,Chennai,Urban,1013987,725,1
61,Male,Bengaluru,Urban,455537,602,0
56,Male,Mumbai,Urban,502096,793,1
43,Female,Bengaluru,Urban,465894,685,1
63,Female,Pune,Urban,460306,757,0
26,Female,Bengaluru,Urban,707384,673,1
25,Male,Mumbai,Urban,545018,673,1
63,Female,Chennai,Urban,988868,661,1
45,Female,Kochi,Semi-Urban,649435,783,1
38,Male,Bengaluru,Urban,425604,749,1
33,Female,Delhi,Urban,401477,677,1
63,Male,Coimbatore,Semi-Urban,933338,663,1
34,Male,Pune,Urban,644143,717,1
48,Male,Trivandrum,Semi-Urban,861047,586,0
38,Female,Bengaluru,Urban,613901,571,1
48,Female,Bengaluru,Urban,603175,628,0
47,Male,Trivandrum,Semi-Urban,867955,698,1
52,Male,Chennai,Urban,674558,733,1
29,Male,Mumbai,Urban,672356,617,1
60,Male,Pune,Urban,518945,756,1
52,Male,Coimbatore,Semi-Urban,774283,653,1
40,Male,Coimbatore,Semi-Urban,585147,701,1
48,Male,Madurai,Semi-Urban,488986,653,0
53,Female,Kochi,Semi-Urban,1030497,674,0
24,Male,Trivandrum,Semi-Urban,540078,770,1
54,Female,Hyderabad,Urban,441927,653,0
23,Male,Pune,Urban,827485,632,1
46,Male,Hyderabad,Urban,735744,713,1
28,Male,Delhi,Urban,467423,728,1
26,Male,Hyderabad,Urban,584229,604,1
36,Male,Bengaluru,Urban,733784,698,1
44,Female,Delhi,Urban,642260,706,1
59,Female,Hyderabad,Urban,757199,767,1
50,Male,Delhi,Urban,598683,659,1
33,Male,Delhi,Urban,763615,747,1
25,Female,Delhi,Urban,538215,688,1
45,Male,Bengaluru,Urban,470811,665,1
40,Female,Mumbai,Urban,810601,642,1
38,Female,Coimbatore,Semi-Urban,658216,704,1
38,Female,Hyderabad,Urban,737392,621,1
22,Male,Mumbai,Urban,844866,625,1
30,Male,Mumbai,Urban,485486,710,1
32,Male,Madurai,Semi-Urban,706475,772,1
33,Female,Kochi,Semi-Urban,1063998,609,0
31,Female,Bengaluru,Urban,567973,643,1
39,Female,Madurai,Semi-Urban,358721,694,0
55,Female,Coimbatore,Semi-Urban,764408,652,0
59,Female,Trivandrum,Semi-Urban,267043,585,0
46,Female,Mumbai,Urban,380470,637,0
34,Female,Trivandrum,Semi-Urban,601243,704,1
64,Female,Mumbai,Urban,594249,665,1
44,Male,Trivandrum,Semi-Urban,637643,698,1
61,Male,Madurai,Semi-Urban,1041376,611,0
21,Female,Madurai,Semi-Urban,616922,696,0
63,Male,Mumbai,Urban,484526,575,0
42,Male,Madurai,Semi-Urban,471771,719,1
43,Female,Bengaluru,Urban,508779,748,1
39,Female,Bengaluru,Urban,357259,610,0
38,Female,Delhi,Urban,712011,651,1
32,Male,Kochi,Semi-Urban,660340,605,1
48,Female,Chennai,Urban,693352,684,1
48,Male,Mumbai,Urban,760136,687,1
53,Female,Bengaluru,Urban,723854,613,0
39,Male,Delhi,Urban,323705,651,1
48,Female,Madurai,Semi-Urban,543754,733,0
57,Female,Trivandrum,Semi-Urban,551991,707,0
46,Male,Hyderabad,Urban,875451,689,1
55,Female,Pune,Urban,893022,734,1
54,Female,Kochi,Semi-Urban,514796,770,0
55,Male,Coimbatore,Semi-Urban,401743,686,0
60,Male,Kochi,Semi-Urban,631705,695,1
36,Male,Pune,Urban,536257,665,1
58,Male,Coimbatore,Semi-Urban,583288,688,1
33,Female,Delhi,Urban,843120,644,1
43,Female,Hyderabad,Urban,653775,595,1
42,Male,Kochi,Semi-Urban,504029,719,1
36,Male,Delhi,Urban,468232,714,1
48,Male,Kochi,Semi-Urban,312793,683,0
55,Male,Hyderabad,Urban,712481,686,1
28,Male,Mumbai,Urban,656437,645,1
64,Male,Delhi,Urban,712700,740,1
42,Male,Coimbatore,Semi-Urban,596642,619,1
41,Female,Trivandrum,Semi-Urban,388755,750,0
46,Female,Bengaluru,Urban,611138,709,1
60,Male,Chennai,Urban,827897,694,1
41,Female,Bengaluru,Urban,611649,697,1
45,Female,Bengaluru,Urban,928537,730,1
61,Female,Chennai,Urban,650449,651,1
21,Male,Coimbatore,Semi-Urban,993538,719,1
26,Female,Madurai,Semi-Urban,1009799,660,0
43,Female,Mumbai,Urban,420481,703,1
43,Male,Delhi,Urban,470658,601,1
63,Male,Trivandrum,Semi-Urban,508589,646,0
63,Female,Pune,Urban,258410,767,0
43,Female,Madurai,Semi-Urban,692792,746,1
52,Female,Bengaluru,Urban,687320,762,1
50,Female,Chennai,Urban,638421,737,1
33,Female,Bengaluru,Urban,355298,648,0
63,Male,Kochi,Semi-Urban,917697,654,1
38,Male,Trivandrum,Semi-Urban,223915,729,1
43,Female,Hyderabad,Urban,335404,733,1
35,Male,Madurai,Semi-Urban,777234,749,1
53,Male,Mumbai,Urban,663183,689,1
41,Female,Pune,Urban,477178,676,1
59,Female,Bengaluru,Urban,610996,739,1
43,Male,Bengaluru,Urban,625834,603,1
47,Male,Hyderabad,Urban,835521,671,1
64,Male,Bengaluru,Urban,356741,667,1
38,Male,Coimbatore,Semi-Urban,658379,667,1
44,Female,Bengaluru,Urban,815753,746,1
60,Male,Trivandrum,Semi-Urban,400388,710,0
62,Female,Bengaluru,Urban,589687,686,1
27,Female,Chennai,Urban,588207,603,0
40,Female,Coimbatore,Semi-Urban,277285,623,0
47,Male,Pune,Urban,658433,720,1
26,Male,Mumbai,Urban,670374,692,1
47,Male,Pune,Urban,899254,741,1
29,Male,Kochi,Semi-Urban,595735,644,1
51,Female,Mumbai,Urban,687551,682,1
41,Male,Coimbatore,Semi-Urban,894440,671,1
46,Female,Hyderabad,Urban,471644,724,0
60,Male,Chennai,Urban,363825,783,1
33,Male,Kochi,Semi-Urban,624414,651,1
43,Female,Mumbai,Urban,560553,578,1
40,Male,Bengaluru,Urban,581838,704,1
57,Male,Bengaluru,Urban,515400,700,1
48,Male,Coimbatore,Semi-Urban,432031,589,0
37,Male,Kochi,Semi-Urban,786850,630,1
48,Female,Mumbai,Urban,595918,658,1
61,Male,Madurai,Semi-Urban,1049094,737,1
22,Male,Mumbai,Urban,392003,628,0
45,Male,Trivandrum,Semi-Urban,1001270,666,1
61,Female,Madurai,Semi-Urban,658500,581,0
26,Male,Coimbatore,Semi-Urban,603708,704,1
31,Male,Delhi,Urban,379866,617,1
58,Male,Kochi,Semi-Urban,467486,788,0
26,Male,Mumbai,Urban,851726,637,1
31,Male,Kochi,Semi-Urban,66897,727,1
34,Male,Chennai,Urban,240955,706,1
22,Male,Mumbai,Urban,277623,636,0
60,Male,Chennai,Urban,834207,735,1
23,Male,Bengaluru,Urban,736147,578,1
55,Female,Delhi,Urban,397395,678,0
53,Female,Madurai,Semi-Urban,505676,715,0
44,Male,Bengaluru,Urban,625966,667,1
39,Male,Chennai,Urban,803934,622,1
38,Female,Mumbai,Urban,397385,758,1
44,Female,Kochi,Semi-Urban,626640,673,1
55,Male,Chennai,Urban,531140,652,1
21,Female,Bengaluru,Urban,579403,624,0
56,Male,Delhi,Urban,420702,684,1
45,Male,Coimbatore,Semi-Urban,641964,669,1
63,Female,Bengaluru,Urban,443510,665,0
54,Female,Hyderabad,Urban,619096,762,1
45,Female,Kochi,Semi-Urban,912499,761,1
36,Male,Bengaluru,Urban,808744,692,1
54,Male,Chennai,Urban,877961,714,1
49,Female,Delhi,Urban,663284,605,0
39,Male,Pune,Urban,826567,684,1
43,Male,Hyderabad,Urban,239555,693,1
39,Male,Mumbai,Urban,261082,669,1
45,Male,Mumbai,Urban,398997,658,1
36,Male,Madurai,Semi-Urban,412798,640,0
29,Female,Bengaluru,Urban,809582,681,1
21,Female,Delhi,Urban,298254,737,0
62,Male,Coimbatore,Semi-Urban,328651,745,0
39,Female,Pune,Urban,575620,679,1
53,Male,Trivandrum,Semi-Urban,627398,733,1
54,Female,Hyderabad,Urban,775009,633,0
36,Male,Mumbai,Urban,546520,708,1
64,Female,Hyderabad,Urban,563457,674,1
60,Female,Delhi,Urban,777439,645,0
38,Male,Trivandrum,Semi-Urban,420020,787,1
54,Male,Coimbatore,Semi-Urban,624533,656,1
45,Female,Mumbai,Urban,713991,661,1
26,Male,Trivandrum,Semi-Urban,525922,657,1
41,Female,Madurai,Semi-Urban,772135,697,1
26,Female,Pune,Urban,428647,747,0
52,Male,Trivandrum,Semi-Urban,912470,622,0
61,Female,Kochi,Semi-Urban,537052,703,0
63,Female,Delhi,Urban,512196,697,1
59,Female,Chennai,Urban,307830,599,0
51,Male,Bengaluru,Urban,375981,747,1
62,Male,Mumbai,Urban,437679,693,1
30,Male,Chennai,Urban,374407,716,1
50,Female,Delhi,Urban,363495,576,0
38,Female,Kochi,Semi-Urban,608773,753,1
44,Female,Delhi,Urban,720228,782,1
29,Male,Bengaluru,Urban,655914,672,1
51,Male,Bengaluru,Urban,-39380,643,0
35,Female,Bengaluru,Urban,391702,557,0
24,Female,Chennai,Urban,827418,615,0
60,Female,Pune,Urban,331264,721,0
29,Female,Hyderabad,Urban,575789,678,1
29,Female,Hyderabad,Urban,380767,604,0
46,Female,Bengaluru,Urban,861080,756,1
24,Female,Kochi,Semi-Urban,441088,646,0
37,Male,Kochi,Semi-Urban,737554,606,1
36,Female,Chennai,Urban,455119,682,1
35,Female,Madurai,Semi-Urban,114828,705,0
55,Male,Coimbatore,Semi-Urban,694193,613,0
25,Male,Chennai,Urban,216166,664,1
25,Male,Mumbai,Urban,417348,756,1
40,Male,Mumbai,Urban,973177,612,1
35,Male,Hyderabad,Urban,1225946,697,1
38,Male,Coimbatore,Semi-Urban,604023,664,1
22,Male,Bengaluru,Urban,421713,706,1
49,Male,Mumbai,Urban,605183,627,1
33,Female,Mumbai,Urban,337190,691,1
24,Male,Mumbai,Urban,515558,632,1
62,Male,Madurai,Semi-Urban,920477,579,0
30,Male,Chennai,Urban,641893,609,1
51,Male,Bengaluru,Urban,315519,669,1
61,Male,Kochi,Semi-Urban,681287,691,1
28,Female,Chennai,Urban,257671,740,1
23,Female,Bengaluru,Urban,224627,697,0
29,Male,Mumbai,Urban,753151,757,1
50,Female,Chennai,Urban,447251,669,0
31,Male,Hyderabad,Urban,914698,707,1
55,Female,Chennai,Urban,389125,630,0
57,Female,Bengaluru,Urban,845503,695,1
62,Male,Delhi,Urban,928314,661,1
33,Female,Bengaluru,Urban,631122,655,1
56,Female,Pune,Urban,539480,683,1
33,Female,Hyderabad,Urban,479909,609,0
32,Female,Trivandrum,Semi-Urban,492425,696,0
57,Female,Coimbatore,Semi-Urban,279613,715,0
30,Male,Hyderabad,Urban,728142,644,1
29,Female,Trivandrum,Semi-Urban,721125,689,1
27,Female,Coimbatore,Semi-Urban,554111,742,0
22,Female,Chennai,Urban,605990,717,1
43,Female,Pune,Urban,509211,673,1
59,Male,Bengaluru,Urban,356715,699,1
60,Male,Chennai,Urban,339193,754,1
59,Male,Coimbatore,Semi-Urban,486321,692,0
41,Male,Chennai,Urban,521487,727,1
43,Male,Trivandrum,Semi-Urban,831099,719,1
49,Female,Madurai,Semi-Urban,733693,684,0
34,Female,Pune,Urban,908067,744,1
46,Female,Mumbai,Urban,738031,629,0
25,Male,Pune,Urban,283006,701,1
51,Female,Mumbai,Urban,303089,652,0
45,Female,Chennai,Urban,387963,724,1
51,Female,Delhi,Urban,529460,679,1
40,Male,Kochi,Semi-Urban,444758,727,1
64,Male,Mumbai,Urban,738401,718,1
37,Female,Delhi,Urban,835700,658,1
22,Male,Mumbai,Urban,358340,706,1
45,Female,Delhi,Urban,271418,702,1
33,Female,Pune,Urban,928878,669,1
59,Female,Mumbai,Urban,646285,723,1
48,Female,Chennai,Urban,492932,674,0
62,Female,Trivandrum,Semi-Urban,916314,641,0
26,Female,Hyderabad,Urban,849039,694,1
23,Male,Coimbatore,Semi-Urban,481672,702,0
55,Male,Bengaluru,Urban,774088,531,1
38,Male,Hyderabad,Urban,830460,799,1
31,Male,Bengaluru,Urban,767711,821,1
40,Male,Bengaluru,Urban,853625,638,1
25,Male,Kochi,Semi-Urban,410092,710,0
39,Female,Hyderabad,Urban,605222,626,1
42,Male,Madurai,Semi-Urban,929095,596,1
39,Male,Delhi,Urban,522039,657,1
36,Female,Hyderabad,Urban,470973,610,0
44,Female,Trivandrum,Semi-Urban,622209,706,1
61,Female,Kochi,Semi-Urban,283392,723,0
24,Female,Coimbatore,Semi-Urban,665274,768,0
35,Male,Kochi,Semi-Urban,266819,682,1
45,Male,Chennai,Urban,853352,723,1
64,Male,Kochi,Semi-Urban,275769,699,0
55,Male,Mumbai,Urban,769845,694,1
34,Male,Mumbai,Urban,454058,630,1
39,Female,Pune,Urban,388455,668,1
58,Male,Hyderabad,Urban,605248,661,1
56,Male,Kochi,Semi-Urban,659864,709,1
27,Male,Hyderabad,Urban,618408,574,1
50,Female,Bengaluru,Urban,667986,732,1
39,Male,Mumbai,Urban,738203,666,1
45,Male,Delhi,Urban,197781,646,1
36,Male,Mumbai,Urban,627045,697,1
60,Male,Mumbai,Urban,327210,678,1
28,Male,Coimbatore,Semi-Urban,346295,687,1
38,Male,Bengaluru,Urban,379939,745,1
48,Male,Hyderabad,Urban,205495,590,0
36,Female,Coimbatore,Semi-Urban,597790,610,0
39,Male,Pune,Urban,246566,652,1
62,Female,Mumbai,Urban,681011,749,1
37,Male,Madurai,Semi-Urban,903751,719,1
33,Male,Chennai,Urban,912962,673,1
27,Male,Chennai,Urban,381799,710,1
47,Male,Coimbatore,Semi-Urban,362563,721,0
30,Male,Madurai,Semi-Urban,756259,705,1
54,Male,Chennai,Urban,611334,734,1
56,Female,Bengaluru,Urban,585186,688,1
45,Female,Bengaluru,Urban,338423,704,1
26,Female,Chennai,Urban,624083,704,1
44,Male,Trivandrum,Semi-Urban,773018,659,1
38,Female,Mumbai,Urban,445486,673,1
43,Male,Mumbai,Urban,692754,705,1
26,Female,Delhi,Urban,631935,631,0
49,Male,Madurai,Semi-Urban,469447,643,0
45,Male,Bengaluru,Urban,589781,666,1
37,Female,Trivandrum,Semi-Urban,390682,682,0
44,Female,Pune,Urban,771170,679,1
31,Male,Chennai,Urban,394062,679,1
46,Male,Coimbatore,Semi-Urban,480419,686,0
54,Male,Trivandrum,Semi-Urban,780514,668,1
48,Female,Bengaluru,Urban,495320,645,0
23,Male,Chennai,Urban,412827,681,1
31,Female,Delhi,Urban,636737,711,1
58,Male,Mumbai,Urban,959059,723,1
34,Male,Delhi,Urban,832817,580,1
46,Female,Chennai,Urban,722032,630,0
41,Male,Kochi,Semi-Urban,798839,727,1
59,Male,Chennai,Urban,703276,666,1
50,Male,Hyderabad,Urban,645741,588,1
28,Female,Hyderabad,Urban,782803,741,1
40,Female,Kochi,Semi-Urban,669415,730,1
52,Female,Bengaluru,Urban,589349,620,0
42,Female,Chennai,Urban,637268,621,1
27,Female,Chennai,Urban,666419,829,1
29,Male,Bengaluru,Urban,661269,634,1
21,Male,Chennai,Urban,672999,740,1
49,Female,Delhi,Urban,402615,757,0
28,Female,Trivandrum,Semi-Urban,558630,607,0
24,Male,Kochi,Semi-Urban,346630,634,0
55,Male,Mumbai,Urban,652533,731,1
23,Male,Bengaluru,Urban,668831,611,1
60,Male,Pune,Urban,863621,626,1
27,Male,Chennai,Urban,660066,670,1
47,Female,Kochi,Semi-Urban,525940,673,0
21,Male,Madurai,Semi-Urban,515722,734,1
47,Female,Trivandrum,Semi-Urban,729141,708,0
36,Female,Chennai,Urban,463782,690,1
58,Female,Hyderabad,Urban,630654,672,1
27,Male,Bengaluru,Urban,790730,627,1
64,Male,Kochi,Semi-Urban,1004965,740,1
43,Male,Kochi,Semi-Urban,831110,686,1
61,Male,Trivandrum,Semi-Urban,494918,712,0
31,Male,Bengaluru,Urban,450730,691,1
62,Female,Coimbatore,Semi-Urban,726038,685,0
53,Male,Trivandrum,Semi-Urban,557230,685,1
56,Female,Bengaluru,Urban,304220,680,0
57,Female,Hyderabad,Urban,1118465,672,1
61,Female,Kochi,Semi-Urban,634602,650,0
37,Female,Mumbai,Urban,849861,706,1
55,Male,Bengaluru,Urban,533306,736,1
25,Female,Bengaluru,Urban,593728,692,1
52,Male,Coimbatore,Semi-Urban,630309,760,1
23,Female,Chennai,Urban,545433,656,1
55,Male,Chennai,Urban,448145,787,1
34,Male,Coimbatore,Semi-Urban,1039505,702,1
51,Male,Kochi,Semi-Urban,670991,541,0
51,Male,Delhi,Urban,284405,775,1
37,Male,Mumbai,Urban,620340,632,1
44,Male,Delhi,Urban,312247,690,1
43,Female,Delhi,Urban,430869,705,1
38,Male,Pune,Urban,621361,683,1
34,Male,Chennai,Urban,707853,674,1
35,Male,Chennai,Urban,95365,647,1
35,Male,Bengaluru,Urban,943168,654,1
26,Male,Kochi,Semi-Urban,468231,739,0
47,Female,Delhi,Urban,555086,629,0
35,Male,Bengaluru,Urban,906706,682,1
56,Male,Hyderabad,Urban,942297,715,1
28,Male,Chennai,Urban,476090,627,1
35,Male,Hyderabad,Urban,812640,703,1
23,Male,Pune,Urban,631744,732,1
33,Female,Kochi,Semi-Urban,1130901,697,1
61,Male,Bengaluru,Urban,465331,736,1
54,Male,Chennai,Urban,929939,677,1
44,Female,Bengaluru,Urban,482961,637,0
60,Male,Trivandrum,Semi-Urban,385276,672,0
52,Female,Mumbai,Urban,539334,611,0
52,Male,Pune,Urban,271886,798,1
50,Male,Trivandrum,Semi-Urban,413799,679,0
33,Female,Delhi,Urban,535974,585,1
21,Male,Coimbatore,Semi-Urban,549380,647,0
54,Female,Trivandrum,Semi-Urban,783283,669,0
35,Male,Chennai,Urban,764370,616,1
64,Female,Delhi,Urban,592888,615,0
34,Female,Delhi,Urban,252555,662,1
49,Female,Mumbai,Urban,173012,707,0
54,Female,Chennai,Urban,494017,727,0
38,Female,Chennai,Urban,432899,735,1
27,Male,Hyderabad,Urban,481653,650,0
49,Male,Bengaluru,Urban,924403,546,1
51,Male,Madurai,Semi-Urban,478539,768,0
45,Male,Kochi,Semi-Urban,426913,669,1
58,Female,Kochi,Semi-Urban,599303,658,0
34,Male,Delhi,Urban,496022,741,1
28,Male,Kochi,Semi-Urban,719409,664,1
47,Female,Pune,Urban,649111,704,1
22,Male,Hyderabad,Urban,970728,692,1
37,Male,Trivandrum,Semi-Urban,541633,618,1
57,Male,Hyderabad,Urban,986194,625,1
34,Male,Madurai,Semi-Urban,739580,668,1
45,Female,Madurai,Semi-Urban,706105,679,1
50,Male,Madurai,Semi-Urban,202326,648,0
49,Male,Bengaluru,Urban,172156,648,0
40,Female,Hyderabad,Urban,278009,676,1
41,Male,Bengaluru,Urban,642713,644,1
42,Female,Mumbai,Urban,750847,724,1
55,Female,Mumbai,Urban,706914,695,1
57,Male,Chennai,Urban,607557,653,1
36,Male,Trivandrum,Semi-Urban,780671,709,1
63,Male,Chennai,Urban,838888,746,1
37,Female,Madurai,Semi-Urban,538335,688,1
36,Male,Chennai,Urban,711637,607,1
22,Male,Hyderabad,Urban,676800,758,1
24,Female,Kochi,Semi-Urban,761265,763,0
41,Male,Delhi,Urban,665518,741,1
59,Male,Bengaluru,Urban,652815,711,1
54,Female,Coimbatore,Semi-Urban,479121,705,0
50,Male,Delhi,Urban,641128,687,1
26,Female,Madurai,Semi-Urban,532054,684,0
37,Female,Madurai,Semi-Urban,386195,621,0
59,Male,Delhi,Urban,659997,622,1
45,Female,Madurai,Semi-Urban,395502,636,0
25,Male,Coimbatore,Semi-Urban,591396,579,0
25,Female,Pune,Urban,526741,617,0
40,Male,Madurai,Semi-Urban,487528,679,1
36,Male,Coimbatore,Semi-Urban,881065,568,1
61,Male,Mumbai,Urban,927657,632,1
57,Male,Chennai,Urban,540629,668,1
60,Female,Madurai,Semi-Urban,799468,641,0
29,Female,Trivandrum,Semi-Urban,283710,663,0
25,Female,Hyderabad,Urban,363678,694,0
62,Male,Hyderabad,Urban,587781,728,1
22,Male,Kochi,Semi-Urban,386680,643,0
29,Female,Mumbai,Urban,675127,664,1
63,Male,Bengaluru,Urban,657507,569,1
56,Female,Bengaluru,Urban,590514,709,1
42,Female,Trivandrum,Semi-Urban,1073441,636,0
42,Male,Hyderabad,Urban,673603,697,1
42,Female,Mumbai,Urban,715206,664,1
54,Female,Trivandrum,Semi-Urban,697110,791,0
49,Female,Trivandrum,Semi-Urban,419801,771,0
58,Male,Chennai,Urban,990049,711,1
53,Male,Bengaluru,Urban,319222,701,1
38,Male,Delhi,Urban,657016,692,1
27,Male,Trivandrum,Semi-Urban,748868,656,1
21,Male,Bengaluru,Urban,796728,641,1
53,Female,Hyderabad,Urban,537755,632,0
21,Female,Madurai,Semi-Urban,748695,648,0
44,Male,Pune,Urban,390339,700,1
24,Male,Mumbai,Urban,934086,668,1
24,Female,Bengaluru,Urban,567410,577,0
38,Male,Chennai,Urban,500657,808,1
47,Female,Chennai,Urban,472438,671,0
63,Female,Chennai,Urban,659484,787,1
52,Female,Mumbai,Urban,283985,659,0
53,Female,Delhi,Urban,776951,667,1
48,Female,Bengaluru,Urban,480578,726,0
62,Male,Madurai,Semi-Urban,860889,665,1
61,Male,Kochi,Semi-Urban,351511,700,0
56,Male,Delhi,Urban,626409,663,1
26,Male,Pune,Urban,710776,656,1
36,Female,Kochi,Semi-Urban,732443,756,1
54,Male,Pune,Urban,496657,619,0
43,Female,Hyderabad,Urban,353054,654,1
62,Male,Chennai,Urban,508612,771,1
44,Male,Delhi,Urban,833331,663,1
33,Female,Mumbai,Urban,1018455,606,1
38,Male,Chennai,Urban,275423,710,1
33,Female,Trivandrum,Semi-Urban,452402,678,0
57,Female,Bengaluru,Urban,253516,702,0
63,Male,Trivandrum,Semi-Urban,490324,683,0
59,Male,Mumbai,Urban,472417,624,0
62,Male,Kochi,Semi-Urban,360892,691,0
37,Female,Mumbai,Urban,932601,743,1
35,Female,Pune,Urban,829373,654,1
38,Male,Hyderabad,Urban,648678,635,1
43,Female,Pune,Urban,577950,671,1
50,Male,Bengaluru,Urban,778500,669,1
54,Female,Kochi,Semi-Urban,399698,663,0
24,Female,Mumbai,Urban,647675,741,1
23,Female,Coimbatore,Semi-Urban,478959,692,0
27,Female,Coimbatore,Semi-Urban,1068699,762,0
38,Male,Coimbatore,Semi-Urban,328366,691,1
62,Female,Bengaluru,Urban,545556,698,1
27,Male,Coimbatore,Semi-Urban,341099,788,0
60,Female,Chennai,Urban,750421,697,1
26,Male,Bengaluru,Urban,749966,667,1
42,Female,Chennai,Urban,460460,632,0
21,Female,Mumbai,Urban,351552,637,0
24,Female,Trivandrum,Semi-Urban,522839,659,0
63,Male,Chennai,Urban,460421,667,1
49,Female,Bengaluru,Urban,612819,576,0
41,Female,Kochi,Semi-Urban,923953,679,1
46,Female,Pune,Urban,732269,543,0
34,Male,Delhi,Urban,751833,743,1
29,Male,Trivandrum,Semi-Urban,599151,585,1
32,Male,Delhi,Urban,1128712,689,1
62,Male,Coimbatore,Semi-Urban,623306,687,1
26,Male,Pune,Urban,745122,747,1
40,Male,Delhi,Urban,819726,686,1
44,Male,Mumbai,Urban,589775,675,1
47,Male,Madurai,Semi-Urban,641492,695,1
58,Male,Pune,Urban,486031,653,1
28,Female,Bengaluru,Urban,603600,654,1
21,Male,Delhi,Urban,892689,690,1
44,Male,Coimbatore,Semi-Urban,832783,665,1
27,Male,Delhi,Urban,737510,712,1
39,Female,Mumbai,Urban,782060,635,1
42,Female,Kochi,Semi-Urban,592512,727,1
55,Male,Hyderabad,Urban,789632,703,1
50,Male,Hyderabad,Urban,569539,681,1
49,Female,Pune,Urban,273317,602,0
42,Male,Kochi,Semi-Urban,966489,721,1
31,Male,Madurai,Semi-Urban,559145,778,1
40,Male,Coimbatore,Semi-Urban,810857,656,1
49,Male,Kochi,Semi-Urban,527451,722,1
61,Female,Coimbatore,Semi-Urban,61973,674,0
62,Male,Hyderabad,Urban,585437,625,1
54,Female,Kochi,Semi-Urban,231663,641,0
21,Female,Delhi,Urban,751071,674,1
51,Male,Kochi,Semi-Urban,554160,702,1
50,Male,Chennai,Urban,843773,606,1
38,Male,Hyderabad,Urban,646665,644,1
37,Male,Hyderabad,Urban,393981,681,1
58,Male,Delhi,Urban,733959,616,1
34,Female,Pune,Urban,288080,699,1
43,Male,Pune,Urban,538580,766,1
45,Female,Chennai,Urban,227213,674,1
35,Male,Hyderabad,Urban,670018,716,1
42,Female,Bengaluru,Urban,649461,616,1
23,Female,Mumbai,Urban,625225,648,0
39,Male,Coimbatore,Semi-Urban,412828,729,1
64,Male,Madurai,Semi-Urban,870480,611,0
54,Male,Chennai,Urban,781741,644,1
55,Male,Chennai,Urban,646809,737,1
21,Male,Chennai,Urban,483831,649,0
41,Male,Hyderabad,Urban,530026,580,1
49,Male,Coimbatore,Semi-Urban,596930,651,1
26,Female,Kochi,Semi-Urban,379812,767,0
57,Male,Coimbatore,Semi-Urban,770624,751,1
21,Male,Delhi,Urban,851867,676,1
21,Male,Chennai,Urban,941814,668,1
47,Male,Chennai,Urban,531262,797,1
41,Male,Bengaluru,Urban,875453,633,1
36,Female,Coimbatore,Semi-Urban,887781,647,0
64,Male,Coimbatore,Semi-Urban,473581,732,0
60,Male,Trivandrum,Semi-Urban,399243,636,0
46,Male,Bengaluru,Urban,817319,698,1
36,Male,Trivandrum,Semi-Urban,490296,618,0
48,Male,Bengaluru,Urban,453218,754,1
21,Female,Bengaluru,Urban,763270,658,1
56,Male,Mumbai,Urban,322816,647,0
30,Male,Mumbai,Urban,510835,637,1
63,Female,Coimbatore,Semi-Urban,227190,622,0
37,Male,Kochi,Semi-Urban,431854,662,1
43,Male,Chennai,Urban,468508,562,1
27,Female,Chennai,Urban,449957,625,0
64,Male,Hyderabad,Urban,513982,680,1
27,Female,Bengaluru,Urban,189142,684,0
64,Male,Hyderabad,Urban,398685,676,1
35,Male,Trivandrum,Semi-Urban,868973,642,1
54,Male,Chennai,Urban,659635,755,1
24,Male,Coimbatore,Semi-Urban,497527,723,0
34,Male,Mumbai,Urban,468924,674,1
34,Male,Hyderabad,Urban,753041,674,1
36,Female,Mumbai,Urban,617175,656,1
27,Female,Trivandrum,Semi-Urban,375582,647,0
52,Male,Delhi,Urban,493286,672,1
39,Male,Bengaluru,Urban,352640,727,1
22,Female,Pune,Urban,461485,657,0
30,Female,Bengaluru,Urban,737016,744,1
37,Male,Pune,Urban,716954,647,1
57,Female,Bengaluru,Urban,805829,754,1
32,Male,Coimbatore,Semi-Urban,628434,665,1
26,Male,Delhi,Urban,298174,714,1
42,Male,Mumbai,Urban,350866,793,1
52,Female,Bengaluru,Urban,694816,800,1
61,Female,Chennai,Urban,620351,612,0
40,Female,Coimbatore,Semi-Urban,368165,731,0
21,Male,Madurai,Semi-Urban,531530,632,0
26,Female,Delhi,Urban,979955,698,1
39,Male,Hyderabad,Urban,786316,704,1
38,Male,Bengaluru,Urban,899722,723,1
26,Male,Kochi,Semi-Urban,364154,616,0
53,Male,Hyderabad,Urban,934078,621,1
43,Female,Bengaluru,Urban,495961,638,0
43,Male,Kochi,Semi-Urban,914441,709,1
46,Female,Mumbai,Urban,671660,692,1
33,Male,Bengaluru,Urban,725699,700,1
27,Male,Bengaluru,Urban,738930,621,1
35,Female,Trivandrum,Semi-Urban,619759,688,1
64,Male,Bengaluru,Urban,716689,647,1
47,Female,Madurai,Semi-Urban,396236,649,0
46,Female,Hyderabad,Urban,574212,673,1
53,Male,Bengaluru,Urban,756139,604,1
35,Female,Trivandrum,Semi-Urban,621772,706,1
56,Male,Delhi,Urban,529849,608,1
47,Female,Hyderabad,Urban,646750,659,1
25,Male,Mumbai,Urban,327195,717,1
22,Male,Bengaluru,Urban,809222,604,1
53,Male,Kochi,Semi-Urban,184214,609,0
36,Male,Hyderabad,Urban,595007,731,1
43,Female,Trivandrum,Semi-Urban,752041,626,0
58,Female,Kochi,Semi-Urban,616309,728,0
36,Female,Kochi,Semi-Urban,506184,701,1
34,Male,Coimbatore,Semi-Urban,819924,613,1
49,Female,Kochi,Semi-Urban,462215,688,0
46,Male,Mumbai,Urban,936941,702,1
55,Male,Hyderabad,Urban,558021,610,1
35,Male,Bengaluru,Urban,550941,683,1
23,Male,Coimbatore,Semi-Urban,745623,721,1
43,Female,Trivandrum,Semi-Urban,537948,675,1
49,Male,Chennai,Urban,619197,687,1
54,Male,Madurai,Semi-Urban,714258,672,1
53,Female,Delhi,Urban,354924,731,0
61,Female,Mumbai,Urban,722572,675,1
61,Female,Bengaluru,Urban,261325,645,0
43,Male,Hyderabad,Urban,597400,668,1
27,Female,Kochi,Semi-Urban,528691,601,0
23,Male,Bengaluru,Urban,337757,529,0
52,Male,Mumbai,Urban,938288,638,1
51,Female,Pune,Urban,633475,756,1
38,Female,Trivandrum,Semi-Urban,469462,730,0
63,Female,Delhi,Urban,628395,597,0
27,Male,Delhi,Urban,1097362,627,1
61,Female,Bengaluru,Urban,400924,648,0
21,Female,Pune,Urban,731590,670,1
34,Male,Pune,Urban,417091,628,1
52,Male,Kochi,Semi-Urban,696461,649,0
26,Female,Bengaluru,Urban,468173,731,0
59,Male,Chennai,Urban,567287,630,1
30,Female,Chennai,Urban,631630,708,1
27,Male,Delhi,Urban,864011,718,1
46,Female,Chennai,Urban,305215,799,0
54,Female,Trivandrum,Semi-Urban,939933,645,0
50,Male,Delhi,Urban,216354,624,0
56,Female,Bengaluru,Urban,665530,594,0
41,Male,Trivandrum,Semi-Urban,612074,713,1
37,Male,Chennai,Urban,573733,701,1
53,Male,Coimbatore,Semi-Urban,607255,674,1
30,Male,Hyderabad,Urban,704365,696,1
62,Female,Hyderabad,Urban,692343,684,1
32,Female,Bengaluru,Urban,564093,659,1
36,Male,Pune,Urban,740653,663,1
61,Male,Kochi,Semi-Urban,554080,675,1
52,Male,Mumbai,Urban,618691,802,1
35,Female,Bengaluru,Urban,831556,725,1
47,Female,Trivandrum,Semi-Urban,837333,621,0
48,Female,Hyderabad,Urban,809556,699,1
37,Female,Pune,Urban,394994,679,1
22,Male,Pune,Urban,685260,770,1
56,Male,Trivandrum,Semi-Urban,692297,742,1
27,Female,Pune,Urban,953522,674,1
33,Female,Bengaluru,Urban,758571,678,1
35,Female,Hyderabad,Urban,474589,623,0
45,Female,Chennai,Urban,523646,712,1
43,Female,Bengaluru,Urban,91498,737,1
42,Female,Pune,Urban,584570,686,1
46,Female,Bengaluru,Urban,526146,693,1
53,Female,Madurai,Semi-Urban,495065,663,0
31,Male,Trivandrum,Semi-Urban,444073,724,1
30,Male,Hyderabad,Urban,907417,612,1
45,Male,Bengaluru,Urban,62445,624,1
57,Female,Bengaluru,Urban,346224,726,0
63,Male,Chennai,Urban,1077337,609,1
58,Male,Mumbai,Urban,796816,648,1
61,Male,Mumbai,Urban,661178,666,1
44,Female,Delhi,Urban,599058,703,1
60,Male,Coimbatore,Semi-Urban,482964,687,0
53,Male,Hyderabad,Urban,344712,526,0
37,Male,Chennai,Urban,673529,709,1
44,Female,Coimbatore,Semi-Urban,759935,668,1
57,Male,Hyderabad,Urban,461397,733,1
22,Male,Hyderabad,Urban,236635,631,0
52,Female,Trivandrum,Semi-Urban,732937,758,0
44,Male,Pune,Urban,755046,621,1
29,Male,Madurai,Semi-Urban,766383,656,1
24,Female,Bengaluru,Urban,568299,743,1
37,Male,Mumbai,Urban,168294,792,1
37,Female,Bengaluru,Urban,354970,621,0
50,Male,Pune,Urban,857172,804,1
60,Male,Chennai,Urban,329885,561,0
31,Female,Chennai,Urban,739990,717,1
41,Female,Madurai,Semi-Urban,395751,768,0
41,Male,Pune,Urban,375629,628,1
38,Male,Trivandrum,Semi-Urban,965175,741,1
49,Female,Bengaluru,Urban,972572,654,1
44,Female,Mumbai,Urban,632648,642,1
30,Male,Coimbatore,Semi-Urban,503075,612,1
37,Female,Delhi,Urban,806409,676,1
38,Male,Bengaluru,Urban,284079,687,1
62,Male,Chennai,Urban,842318,620,1
40,Male,Madurai,Semi-Urban,1004100,751,1
57,Male,Delhi,Urban,716133,649,1
38,Male,Trivandrum,Semi-Urban,367440,678,1
37,Male,Hyderabad,Urban,904919,691,1
29,Male,Delhi,Urban,662548,829,1
34,Male,Pune,Urban,571932,744,1
49,Male,Hyderabad,Urban,406197,720,1
51,Male,Kochi,Semi-Urban,372038,657,0
24,Female,Chennai,Urban,830676,698,1
38,Male,Bengaluru,Urban,584762,703,1
40,Female,Coimbatore,Semi-Urban,582673,678,1
63,Male,Coimbatore,Semi-Urban,625216,727,1
64,Male,Kochi,Semi-Urban,209519,836,0
29,Male,Chennai,Urban,595591,624,1
33,Female,Chennai,Urban,598702,700,1
35,Male,Madurai,Semi-Urban,899030,699,1
47,Male,Hyderabad,Urban,765523,668,1
35,Female,Coimbatore,Semi-Urban,357150,646,0
48,Female,Hyderabad,Urban,521315,643,0
57,Female,Pune,Urban,809256,792,1
39,Male,Madurai,Semi-Urban,339457,687,1
46,Male,Bengaluru,Urban,939200,730,1
46,Female,Coimbatore,Semi-Urban,591894,666,0
45,Male,Chennai,Urban,707242,701,1
46,Female,Chennai,Urban,511621,705,1
46,Female,Mumbai,Urban,508873,668,1
48,Female,Delhi,Urban,415632,693,0
38,Male,Hyderabad,Urban,907362,744,1
52,Male,Delhi,Urban,718354,624,1
23,Female,Chennai,Urban,406713,691,0
22,Male,Bengaluru,Urban,741108,708,1
53,Male,Delhi,Urban,788095,719,1
62,Male,Delhi,Urban,816292,727,1
39,Male,Kochi,Semi-Urban,656285,716,1
37,Male,Kochi,Semi-Urban,634198,739,1
64,Female,Madurai,Semi-Urban,413710,659,0
53,Male,Mumbai,Urban,866329,752,1
32,Male,Bengaluru,Urban,733340,686,1
23,Male,Kochi,Semi-Urban,797780,723,1
63,Male,Kochi,Semi-Urban,223427,614,0
46,Female,Delhi,Urban,791315,713,1
55,Female,Kochi,Semi-Urban,605014,687,0
28,Male,Hyderabad,Urban,765525,664,1
56,Female,Bengaluru,Urban,360411,744,0
27,Male,Kochi,Semi-Urban,962633,691,1
56,Female,Chennai,Urban,469601,690,0
36,Male,Mumbai,Urban,830358,608,1
44,Male,Mumbai,Urban,559059,645,1
21,Male,Mumbai,Urban,970059,689,1
45,Female,Delhi,Urban,659543,646,1
30,Male,Bengaluru,Urban,976947,752,1
36,Female,Pune,Urban,585996,665,1
36,Male,Trivandrum,Semi-Urban,377429,631,0
28,Female,Mumbai,Urban,659224,624,1
49,Male,Chennai,Urban,573354,673,1
59,Female,Bengaluru,Urban,479179,722,0
48,Male,Kochi,Semi-Urban,848629,633,0
26,Male,Hyderabad,Urban,329380,627,0
36,Female,Chennai,Urban,982313,651,1
40,Female,Hyderabad,Urban,562996,676,1
36,Female,Delhi,Urban,327582,627,0
27,Male,Kochi,Semi-Urban,677964,686,1
61,Male,Kochi,Semi-Urban,636552,757,1
34,Male,Madurai,Semi-Urban,569242,679,1
63,Male,Chennai,Urban,474027,659,1
46,Male,Kochi,Semi-Urban,862815,735,1
46,Male,Bengaluru,Urban,707877,622,1
34,Female,Delhi,Urban,502864,706,1
27,Female,Delhi,Urban,679646,681,1
53,Male,Chennai,Urban,444001,764,1
46,Male,Mumbai,Urban,795707,742,1
40,Male,Coimbatore,Semi-Urban,1019350,582,1
23,Female,Bengaluru,Urban,821419,690,1
24,Male,Mumbai,Urban,467888,607,0
46,Female,Pune,Urban,407552,737,0
31,Male,Mumbai,Urban,619770,632,1
22,Male,Trivandrum,Semi-Urban,278116,719,0
34,Female,Coimbatore,Semi-Urban,782990,737,1
64,Female,Chennai,Urban,733145,588,0
50,Male,Chennai,Urban,569313,753,1
32,Male,Trivandrum,Semi-Urban,541990,736,1
46,Female,Trivandrum,Semi-Urban,577885,627,0
64,Male,Bengaluru,Urban,912358,738,1
53,Female,Hyderabad,Urban,518878,620,0
33,Female,Mumbai,Urban,360808,725,1
34,Female,Coimbatore,Semi-Urban,443644,675,0
44,Male,Mumbai,Urban,797879,609,1
54,Male,Pune,Urban,407845,753,1
64,Female,Pune,Urban,839717,753,1
46,Male,Coimbatore,Semi-Urban,559694,689,1
41,Male,Kochi,Semi-Urban,241289,681,1
48,Female,Mumbai,Urban,749736,659,1
56,Male,Bengaluru,Urban,545728,707,1
60,Female,Delhi,Urban,674311,700,1
22,Female,Hyderabad,Urban,475356,756,0
62,Female,Hyderabad,Urban,846186,690,1
29,Female,Kochi,Semi-Urban,689132,749,1
43,Male,Mumbai,Urban,1033277,586,1
35,Male,Trivandrum,Semi-Urban,742108,720,1
33,Female,Mumbai,Urban,553445,688,1
43,Male,Chennai,Urban,427099,697,1
37,Female,Mumbai,Urban,316551,770,1
22,Female,Pune,Urban,574248,735,1
40,Male,Coimbatore,Semi-Urban,582030,662,1
40,Female,Chennai,Urban,918196,637,1
23,Male,Mumbai,Urban,517759,584,1
32,Male,Pune,Urban,802939,702,1
60,Female,Bengaluru,Urban,578650,741,1
22,Female,Chennai,Urban,978368,743,1
56,Male,Chennai,Urban,286802,659,1
34,Male,Delhi,Urban,870409,742,1
36,Male,Mumbai,Urban,500198,743,1
39,Male,Bengaluru,Urban,778312,728,1
54,Male,Kochi,Semi-Urban,914353,682,1
64,Male,Bengaluru,Urban,529757,677,1
26,Female,Delhi,Urban,380748,706,0
33,Female,Mumbai,Urban,361378,714,1
56,Male,Mumbai,Urban,429209,656,1
42,Male,Bengaluru,Urban,114178,661,1
38,Female,Kochi,Semi-Urban,554482,693,1
32,Female,Mumbai,Urban,729956,649,1
50,Female,Mumbai,Urban,649197,654,1
60,Male,Delhi,Urban,524390,592,1
27,Male,Delhi,Urban,422626,629,0
52,Male,Bengaluru,Urban,485810,717,1
39,Female,Bengaluru,Urban,656742,730,1
26,Male,Chennai,Urban,765051,678,1
40,Male,Kochi,Semi-Urban,300931,719,1
47,Male,Delhi,Urban,631475,568,1
63,Male,Trivandrum,Semi-Urban,653012,701,1
57,Female,Trivandrum,Semi-Urban,411304,607,0
27,Male,Madurai,Semi-Urban,709387,638,0
25,Female,Hyderabad,Urban,786691,712,1
31,Male,Hyderabad,Urban,485984,720,1
35,Male,Coimbatore,Semi-Urban,426681,584,0
23,Male,Chennai,Urban,1031103,596,1
25,Male,Mumbai,Urban,760095,646,1
43,Male,Chennai,Urban,635955,590,1
57,Female,Madurai,Semi-Urban,465148,659,0
29,Female,Mumbai,Urban,445449,723,1
35,Male,Chennai,Urban,714621,602,1
23,Male,Trivandrum,Semi-Urban,435494,780,0
49,Female,Chennai,Urban,426844,666,0
26,Male,Pune,Urban,573011,698,1
37,Male,Hyderabad,Urban,727654,628,1
46,Male,Kochi,Semi-Urban,952796,732,1
41,Female,Hyderabad,Urban,648082,691,1
28,Male,Coimbatore,Semi-Urban,435684,692,1
41,Male,Madurai,Semi-Urban,546453,699,1
31,Male,Coimbatore,Semi-Urban,860824,615,1
58,Male,Coimbatore,Semi-Urban,840630,700,1
28,Male,Bengaluru,Urban,849414,715,1
62,Female,Pune,Urban,802735,603,0
44,Female,Kochi,Semi-Urban,982820,666,1
55,Male,Madurai,Semi-Urban,641484,664,1
34,Male,Kochi,Semi-Urban,750339,682,1
34,Female,Chennai,Urban,438680,716,1
30,Female,Delhi,Urban,646593,720,1
32,Male,Bengaluru,Urban,654524,675,1
58,Male,Trivandrum,Semi-Urban,757730,727,1
64,Male,Mumbai,Urban,474993,611,0
54,Male,Chennai,Urban,286964,693,1
61,Male,Pune,Urban,483844,579,0
30,Female,Madurai,Semi-Urban,812362,655,1
37,Male,Madurai,Semi-Urban,557552,704,1
37,Female,Coimbatore,Semi-Urban,693881,715,1
23,Female,Trivandrum,Semi-Urban,480287,694,0
51,Female,Kochi,Semi-Urban,808137,758,0
21,Male,Bengaluru,Urban,578844,685,1
32,Male,Madurai,Semi-Urban,576037,594,1
59,Female,Madurai,Semi-Urban,865505,566,0
24,Female,Trivandrum,Semi-Urban,915304,630,0
62,Female,Pune,Urban,869463,630,0
33,Male,Delhi,Urban,534419,681,1
54,Male,Mumbai,Urban,481038,652,1
62,Female,Pune,Urban,417653,632,0
41,Male,Mumbai,Urban,302227,650,1
42,Male,Kochi,Semi-Urban,413428,663,1
24,Male,Hyderabad,Urban,430260,638,0
38,Male,Kochi,Semi-Urban,347632,681,1
25,Male,Trivandrum,Semi-Urban,296561,727,0
39,Male,Kochi,Semi-Urban,339271,647,0
22,Male,Delhi,Urban,589796,684,1
32,Female,Hyderabad,Urban,688131,783,1
37,Male,Kochi,Semi-Urban,670456,692,1
30,Male,Madurai,Semi-Urban,495668,734,1
54,Female,Bengaluru,Urban,530251,656,1
26,Male,Bengaluru,Urban,673454,738,1
28,Male,Bengaluru,Urban,638491,639,1
31,Female,Pune,Urban,712353,710,1
32,Female,Kochi,Semi-Urban,407523,733,0
29,Male,Pune,Urban,946781,757,1
22,Male,Delhi,Urban,726284,686,1
28,Female,Mumbai,Urban,748559,666,1
31,Male,Coimbatore,Semi-Urban,387818,610,0
56,Female,Chennai,Urban,383186,676,0
30,Female,Hyderabad,Urban,460532,720,1
41,Female,Mumbai,Urban,747395,714,1
40,Male,Hyderabad,Urban,368574,679,1
28,Male,Hyderabad,Urban,689300,698,1
56,Female,Bengaluru,Urban,891722,763,1
49,Male,Chennai,Urban,458596,714,1
62,Male,Hyderabad,Urban,412703,668,1
32,Female,Coimbatore,Semi-Urban,453782,679,0
34,Male,Chennai,Urban,567174,713,1
41,Male,Hyderabad,Urban,790040,709,1
42,Female,Bengaluru,Urban,802315,792,1
41,Male,Delhi,Urban,759745,762,1
64,Male,Kochi,Semi-Urban,211245,628,0
50,Male,Madurai,Semi-Urban,562515,647,0
59,Female,Coimbatore,Semi-Urban,423553,743,0
40,Male,Hyderabad,Urban,680861,641,1
44,Male,Bengaluru,Urban,780008,688,1
43,Female,Chennai,Urban,500171,761,1
27,Female,Pune,Urban,984260,695,1
29,Male,Kochi,Semi-Urban,418777,729,1
21,Female,Bengaluru,Urban,706397,691,1
46,Male,Bengaluru,Urban,1028892,676,1
58,Female,Mumbai,Urban,783615,587,0
58,Male,Chennai,Urban,718896,692,1
64,Male,Coimbatore,Semi-Urban,565917,653,1
42,Female,Delhi,Urban,722295,747,1
64,Male,Kochi,Semi-Urban,489583,553,0
30,Male,Mumbai,Urban,825596,654,1
26,Male,Chennai,Urban,455169,749,1
37,Female,Delhi,Urban,550318,777,1
58,Male,Trivandrum,Semi-Urban,432117,737,0
44,Male,Hyderabad,Urban,531303,713,1
30,Male,Mumbai,Urban,508407,593,1
28,Male,Coimbatore,Semi-Urban,196720,627,0
41,Male,Bengaluru,Urban,606676,726,1
26,Male,Delhi,Urban,503177,615,1
41,Male,Hyderabad,Urban,338098,668,1
59,Male,Trivandrum,Semi-Urban,463095,664,0
44,Female,Bengaluru,Urban,672324,700,1
53,Female,Kochi,Semi-Urban,245210,713,0
38,Female,Bengaluru,Urban,567863,553,1
48,Male,Bengaluru,Urban,829115,694,1
52,Female,Trivandrum,Semi-Urban,513514,645,0
32,Male,Kochi,Semi-Urban,892484,707,1
62,Female,Madurai,Semi-Urban,815163,591,0
47,Male,Delhi,Urban,672806,730,1
30,Male,Delhi,Urban,595170,644,1
62,Male,Trivandrum,Semi-Urban,601346,660,1
52,Male,Hyderabad,Urban,697985,761,1
62,Female,Bengaluru,Urban,999794,673,1
46,Female,Chennai,Urban,700174,729,1
45,Female,Chennai,Urban,897694,678,1
31,Female,Hyderabad,Urban,368185,763,1
43,Male,Pune,Urban,491949,696,1
54,Male,Coimbatore,Semi-Urban,603322,705,1
60,Female,Pune,Urban,868704,689,1
43,Male,Pune,Urban,241692,665,1
49,Female,Mumbai,Urban,1203550,723,1
51,Male,Chennai,Urban,599940,642,1
27,Male,Delhi,Urban,835599,716,1
60,Female,Madurai,Semi-Urban,596790,728,0
53,Male,Mumbai,Urban,436864,706,1
41,Male,Mumbai,Urban,942667,632,1
22,Male,Bengaluru,Urban,561336,702,1
38,Female,Mumbai,Urban,455002,732,1
53,Male,Hyderabad,Urban,676929,616,1
57,Male,Hyderabad,Urban,719214,603,1
54,Male,Madurai,Semi-Urban,666967,722,1
40,Male,Bengaluru,Urban,683256,647,1
55,Male,Pune,Urban,676141,717,1
38,Male,Bengaluru,Urban,846627,765,1
44,Female,Pune,Urban,611320,606,1
28,Female,Delhi,Urban,470366,602,0
50,Male,Trivandrum,Semi-Urban,744487,720,1
64,Female,Chennai,Urban,107103,745,0
30,Male,Kochi,Semi-Urban,720402,765,1
43,Male,Madurai,Semi-Urban,901502,720,1
31,Male,Bengaluru,Urban,752423,673,1
22,Male,Bengaluru,Urban,282252,684,1
46,Male,Hyderabad,Urban,888486,696,1
56,Male,Chennai,Urban,489543,764,1
53,Female,Bengaluru,Urban,639870,694,1
33,Male,Kochi,Semi-Urban,858104,645,1
60,Female,Chennai,Urban,476427,691,0
45,Male,Kochi,Semi-Urban,627789,601,1
24,Male,Madurai,Semi-Urban,339153,652,0
62,Male,Kochi,Semi-Urban,562753,664,1
39,Male,Bengaluru,Urban,366643,660,1
38,Female,Delhi,Urban,696663,600,1
57,Female,Mumbai,Urban,309940,620,0
50,Male,Hyderabad,Urban,582064,679,1
39,Female,Hyderabad,Urban,486582,721,1
43,Female,Pune,Urban,456851,659,1
36,Female,Trivandrum,Semi-Urban,820187,683,1
21,Male,Bengaluru,Urban,385185,723,1
32,Female,Mumbai,Urban,491438,813,1
44,Male,Hyderabad,Urban,638401,664,1
54,Female,Pune,Urban,728495,637,0
28,Male,Pune,Urban,238760,719,1
38,Male,Hyderabad,Urban,564307,722,1
25,Male,Hyderabad,Urban,751334,614,1
46,Male,Delhi,Urban,932764,624,1
50,Female,Mumbai,Urban,606373,611,0
33,Male,Chennai,Urban,319882,644,1
39,Male,Kochi,Semi-Urban,597428,723,1
49,Female,Hyderabad,Urban,503676,697,1
23,Male,Kochi,Semi-Urban,668024,688,1
46,Male,Hyderabad,Urban,968146,630,1
60,Male,Trivandrum,Semi-Urban,365530,627,0
32,Male,Kochi,Semi-Urban,819379,683,1
22,Male,Mumbai,Urban,780619,677,1
31,Male,Trivandrum,Semi-Urban,730879,704,1
64,Female,Mumbai,Urban,652367,749,1
48,Female,Bengaluru,Urban,1014917,623,0
38,Male,Chennai,Urban,858050,672,1
33,Male,Chennai,Urban,483216,685,1
57,Male,Bengaluru,Urban,609829,689,1
42,Female,Trivandrum,Semi-Urban,382959,683,0
32,Male,Hyderabad,Urban,877515,678,1
22,Female,Bengaluru,Urban,609443,689,1
57,Male,Coimbatore,Semi-Urban,215070,705,0
27,Female,Kochi,Semi-Urban,108559,644,0
46,Male,Mumbai,Urban,488373,703,1
46,Female,Chennai,Urban,431515,705,0
44,Male,Chennai,Urban,511369,691,1
32,Female,Mumbai,Urban,558611,758,1
36,Male,Madurai,Semi-Urban,859267,690,1
43,Male,Chennai,Urban,884957,698,1
60,Male,Delhi,Urban,1046578,631,1
29,Female,Pune,Urban,941669,731,1
52,Female,Kochi,Semi-Urban,725914,775,0
35,Male,Mumbai,Urban,319664,687,1
57,Male,Trivandrum,Semi-Urban,760418,576,0
33,Male,Coimbatore,Semi-Urban,284453,733,1
25,Female,Delhi,Urban,666335,748,1
31,Female,Madurai,Semi-Urban,302358,690,0
30,Female,Delhi,Urban,988470,654,1
33,Male,Coimbatore,Semi-Urban,676836,743,1
61,Female,Pune,Urban,558795,739,1
35,Female,Mumbai,Urban,509757,692,1
62,Female,Delhi,Urban,592940,736,1
27,Male,Delhi,Urban,454576,643,0
60,Female,Coimbatore,Semi-Urban,534376,744,0
48,Male,Coimbatore,Semi-Urban,199168,693,0
52,Male,Bengaluru,Urban,415826,664,1
55,Male,Trivandrum,Semi-Urban,367539,685,0
35,Male,Coimbatore,Semi-Urban,704196,720,1
56,Male,Trivandrum,Semi-Urban,606694,695,1
41,Male,Trivandrum,Semi-Urban,773321,771,1
26,Male,Bengaluru,Urban,515824,740,1
21,Female,Mumbai,Urban,622618,621,0
24,Male,Coimbatore,Semi-Urban,193321,726,0
31,Male,Pune,Urban,782184,730,1
64,Male,Chennai,Urban,853322,710,1
46,Female,Delhi,Urban,730182,632,0
57,Female,Coimbatore,Semi-Urban,423893,735,0
43,Male,Trivandrum,Semi-Urban,710780,693,1
49,Female,Kochi,Semi-Urban,635097,629,0
41,Male,Bengaluru,Urban,207943,697,1
47,Female,Trivandrum,Semi-Urban,848237,736,0
59,Male,Coimbatore,Semi-Urban,386514,637,0
60,Male,Trivandrum,Semi-Urban,715019,637,0
33,Male,Trivandrum,Semi-Urban,605682,716,1
43,Male,Mumbai,Urban,869524,698,1
36,Male,Pune,Urban,427264,721,1
50,Female,Coimbatore,Semi-Urban,498877,683,0
24,Female,Delhi,Urban,737839,805,1
60,Male,Pune,Urban,480508,662,1
36,Male,Madurai,Semi-Urban,884635,713,1
51,Male,Coimbatore,Semi-Urban,448553,657,0
62,Male,Delhi,Urban,717659,609,1
45,Female,Delhi,Urban,599182,673,1
64,Male,Hyderabad,Urban,468550,666,1
32,Female,Chennai,Urban,863495,769,1
46,Male,Delhi,Urban,389400,702,1
57,Male,Delhi,Urban,706280,641,1
53,Male,Chennai,Urban,100618,683,1
48,Male,Pune,Urban,664565,635,1
29,Male,Delhi,Urban,844457,667,1
32,Female,Delhi,Urban,570239,732,1
25,Male,Mumbai,Urban,642452,704,1
48,Male,Bengaluru,Urban,941192,597,1
55,Female,Madurai,Semi-Urban,811477,640,0
25,Male,Hyderabad,Urban,154816,638,0
54,Female,Kochi,Semi-Urban,491102,645,0
54,Male,Delhi,Urban,542671,694,1
33,Male,Delhi,Urban,662471,732,1
59,Female,Delhi,Urban,587238,663,1
62,Female,Chennai,Urban,495267,648,0
34,Male,Hyderabad,Urban,482180,721,1
31,Male,Delhi,Urban,312160,695,1
62,Female,Coimbatore,Semi-Urban,398216,653,0
58,Male,Mumbai,Urban,768126,660,1
24,Male,Chennai,Urban,390354,665,1
53,Female,Bengaluru,Urban,439547,735,0
27,Female,Kochi,Semi-Urban,308402,702,0
61,Female,Mumbai,Urban,676825,771,1
28,Female,Bengaluru,Urban,792022,707,1
57,Female,Kochi,Semi-Urban,832595,635,0
30,Female,Chennai,Urban,522146,596,1
63,Female,Mumbai,Urban,587080,648,0
35,Male,Hyderabad,Urban,605753,598,1
58,Male,Pune,Urban,516288,641,1
35,Female,Chennai,Urban,665962,680,1
25,Female,Mumbai,Urban,826292,615,0
49,Male,Pune,Urban,799144,719,1
39,Male,Hyderabad,Urban,566463,654,1
30,Female,Kochi,Semi-Urban,493081,720,0
32,Male,Hyderabad,Urban,369542,632,1
24,Male,Bengaluru,Urban,252560,716,1
51,Female,Kochi,Semi-Urban,708918,654,0
38,Female,Madurai,Semi-Urban,599838,668,1
36,Female,Mumbai,Urban,601688,648,1
60,Female,Kochi,Semi-Urban,1089228,672,0
56,Male,Delhi,Urban,917454,708,1
45,Female,Mumbai,Urban,608617,611,1
43,Male,Kochi,Semi-Urban,641734,791,1
32,Female,Chennai,Urban,378164,791,1
54,Male,Hyderabad,Urban,729119,654,1
56,Male,Mumbai,Urban,645805,729,1
57,Male,Madurai,Semi-Urban,423472,620,0
23,Male,Hyderabad,Urban,649916,598,1
29,Female,Kochi,Semi-Urban,808456,776,1
38,Female,Chennai,Urban,1013534,719,1
63,Female,Chennai,Urban,297453,687,0
55,Female,Kochi,Semi-Urban,371101,717,0
54,Male,Trivandrum,Semi-Urban,580039,646,0
61,Female,Mumbai,Urban,646055,685,1
34,Female,Hyderabad,Urban,936212,692,1
24,Female,Madurai,Semi-Urban,845681,607,0
49,Male,Bengaluru,Urban,185260,737,1
61,Female,Trivandrum,Semi-Urban,515436,657,0
35,Female,Trivandrum,Semi-Urban,296253,621,0
48,Male,Trivandrum,Semi-Urban,338966,764,0
62,Female,Pune,Urban,716733,741,1
36,Female,Trivandrum,Semi-Urban,628011,669,1
32,Male,Hyderabad,Urban,931957,617,1
25,Female,Hyderabad,Urban,318432,706,0
54,Female,Mumbai,Urban,594930,683,1
62,Female,Bengaluru,Urban,491839,790,0
21,Male,Madurai,Semi-Urban,914739,747,1
59,Female,Bengaluru,Urban,420419,657,0
52,Male,Trivandrum,Semi-Urban,643268,753,1
46,Male,Trivandrum,Semi-Urban,321748,748,0
37,Female,Coimbatore,Semi-Urban,889549,592,0
47,Female,Delhi,Urban,967432,709,1
44,Female,Trivandrum,Semi-Urban,460551,741,0
55,Male,Hyderabad,Urban,436536,660,1
62,Male,Trivandrum,Semi-Urban,652764,618,0
59,Female,Hyderabad,Urban,436441,831,0
46,Male,Madurai,Semi-Urban,829305,760,1
58,Female,Chennai,Urban,691248,694,1
43,Female,Hyderabad,Urban,853415,574,1
42,Female,Mumbai,Urban,383822,661,1
24,Male,Coimbatore,Semi-Urban,324851,780,0
29,Female,Trivandrum,Semi-Urban,673073,749,1
24,Female,Chennai,Urban,937940,668,1
27,Male,Bengaluru,Urban,412847,657,1
43,Male,Hyderabad,Urban,692212,755,1
22,Male,Mumbai,Urban,467484,670,1
44,Male,Delhi,Urban,811731,676,1
60,Female,Mumbai,Urban,423165,704,0
51,Female,Kochi,Semi-Urban,655007,712,0
51,Female,Mumbai,Urban,824128,627,0
60,Male,Pune,Urban,331137,713,1
63,Female,Chennai,Urban,720452,632,0
54,Male,Kochi,Semi-Urban,528486,747,1
44,Female,Kochi,Semi-Urban,769475,665,1
46,Female,Hyderabad,Urban,673793,697,1
36,Female,Mumbai,Urban,516465,539,1
33,Female,Hyderabad,Urban,581248,724,1
35,Female,Chennai,Urban,232513,731,1
47,Female,Mumbai,Urban,774000,656,1
24,Female,Hyderabad,Urban,979962,614,0
36,Male,Chennai,Urban,491301,612,1
50,Female,Mumbai,Urban,592431,682,1
64,Female,Mumbai,Urban,914483,627,0
50,Male,Bengaluru,Urban,241117,679,1
56,Male,Bengaluru,Urban,700730,688,1
23,Female,Kochi,Semi-Urban,934741,694,0
42,Male,Trivandrum,Semi-Urban,474033,754,1
42,Male,Pune,Urban,491602,748,1
32,Female,Bengaluru,Urban,865693,690,1
41,Female,Bengaluru,Urban,381754,716,1
24,Female,Bengaluru,Urban,772388,702,1
51,Male,Delhi,Urban,675101,756,1
64,Male,Kochi,Semi-Urban,827067,690,1
51,Male,Mumbai,Urban,574500,729,1
43,Male,Coimbatore,Semi-Urban,907157,793,1
40,Male,Kochi,Semi-Urban,523008,704,1
35,Female,Pune,Urban,305290,659,1
43,Male,Bengaluru,Urban,291817,661,1
48,Male,Bengaluru,Urban,381663,646,0
36,Male,Hyderabad,Urban,735258,721,1
57,Male,Bengaluru,Urban,449783,701,1
41,Male,Pune,Urban,596220,665,1
35,Male,Hyderabad,Urban,618167,760,1
37,Female,Delhi,Urban,445055,663,1
57,Male,Hyderabad,Urban,631263,688,1
33,Male,Chennai,Urban,788191,644,1
39,Male,Chennai,Urban,607150,678,1
50,Male,Hyderabad,Urban,783692,643,1
38,Male,Kochi,Semi-Urban,524566,678,1
34,Male,Pune,Urban,653112,631,1
56,Male,Delhi,Urban,619429,658,1
56,Female,Delhi,Urban,814756,648,0
40,Male,Bengaluru,Urban,684930,650,1
39,Male,Coimbatore,Semi-Urban,471598,638,0
64,Male,Bengaluru,Urban,697571,666,1
27,Male,Madurai,Semi-Urban,408743,557,0
64,Male,Delhi,Urban,680779,716,1
24,Male,Chennai,Urban,593881,696,1
54,Male,Mumbai,Urban,629989,697,1
22,Male,Pune,Urban,591991,673,1
25,Male,Hyderabad,Urban,478220,745,1
30,Male,Chennai,Urban,453441,646,1
52,Male,Bengaluru,Urban,816121,597,1
62,Female,Delhi,Urban,976435,695,1
61,Female,Bengaluru,Urban,654160,777,1
33,Female,Trivandrum,Semi-Urban,606355,754,1
59,Female,Madurai,Semi-Urban,354414,727,0
25,Female,Pune,Urban,248138,795,0
30,Female,Bengaluru,Urban,278427,661,1
30,Female,Delhi,Urban,706129,658,1
58,Male,Bengaluru,Urban,244914,668,1
47,Male,Delhi,Urban,731674,556,1
41,Female,Coimbatore,Semi-Urban,380536,754,0
28,Female,Delhi,Urban,631922,681,1
21,Male,Madurai,Semi-Urban,518468,649,0
48,Female,Coimbatore,Semi-Urban,387871,671,0
59,Male,Hyderabad,Urban,323108,633,0
34,Male,Kochi,Semi-Urban,255368,683,1
41,Male,Bengaluru,Urban,383590,654,1
50,Male,Mumbai,Urban,1044786,657,1
41,Male,Chennai,Urban,860811,636,1
29,Female,Pune,Urban,636372,682,1
37,Female,Mumbai,Urban,526719,654,1
25,Female,Kochi,Semi-Urban,482674,747,0
51,Male,Trivandrum,Semi-Urban,621945,706,1
60,Female,Coimbatore,Semi-Urban,485836,614,0
58,Male,Trivandrum,Semi-Urban,484489,710,0
63,Male,Hyderabad,Urban,697338,697,1
39,Female,Kochi,Semi-Urban,398119,683,0
56,Male,Delhi,Urban,103904,672,1
53,Male,Delhi,Urban,483011,738,1
33,Male,Bengaluru,Urban,890394,624,1
34,Female,Chennai,Urban,274341,676,1
53,Male,Pune,Urban,352323,596,0
49,Female,Hyderabad,Urban,472688,706,0
63,Female,Mumbai,Urban,280422,676,0
56,Female,Chennai,Urban,900712,630,0
64,Female,Bengaluru,Urban,619563,689,1
30,Male,Chennai,Urban,244297,748,1
51,Male,Delhi,Urban,574398,685,1
26,Male,Madurai,Semi-Urban,592159,601,0
21,Male,Hyderabad,Urban,551738,679,1
27,Female,Hyderabad,Urban,566893,694,1
47,Male,Delhi,Urban,574148,645,1
41,Male,Hyderabad,Urban,661966,790,1
48,Female,Madurai,Semi-Urban,674680,607,0
36,Female,Hyderabad,Urban,300598,552,0
43,Female,Mumbai,Urban,612035,633,1
40,Female,Delhi,Urban,636284,582,1
58,Female,Coimbatore,Semi-Urban,477946,727,0
45,Female,Delhi,Urban,941196,733,1
48,Male,Chennai,Urban,583368,599,1
25,Female,Bengaluru,Urban,700793,625,0
41,Male,Pune,Urban,510197,619,1
38,Male,Coimbatore,Semi-Urban,539170,678,1
26,Male,Bengaluru,Urban,668510,703,1
49,Female,Coimbatore,Semi-Urban,323090,754,0
39,Female,Delhi,Urban,749000,701,1
53,Male,Delhi,Urban,353766,663,1
21,Male,Bengaluru,Urban,776254,660,1
23,Female,Coimbatore,Semi-Urban,546324,684,0
62,Female,Chennai,Urban,1012143,687,1
41,Male,Trivandrum,Semi-Urban,796578,673,1
55,Male,Bengaluru,Urban,797582,684,1
61,Female,Coimbatore,Semi-Urban,628983,678,0
60,Male,Bengaluru,Urban,801914,607,1
23,Female,Chennai,Urban,752014,687,1
45,Male,Chennai,Urban,212642,636,1
58,Male,Chennai,Urban,425825,690,1
40,Male,Mumbai,Urban,413940,704,1
64,Male,Hyderabad,Urban,444447,738,1
54,Male,Pune,Urban,548626,678,1
41,Male,Delhi,Urban,703307,648,1
43,Female,Delhi,Urban,834965,722,1
26,Male,Chennai,Urban,721191,683,1
33,Female,Mumbai,Urban,848175,778,1
43,Male,Bengaluru,Urban,388735,609,1
29,Female,Trivandrum,Semi-Urban,499256,650,0
37,Male,Hyderabad,Urban,547927,644,1
22,Male,Trivandrum,Semi-Urban,466523,772,0
39,Male,Hyderabad,Urban,375482,702,1
39,Male,Pune,Urban,678032,586,1
27,Female,Chennai,Urban,459358,590,0
62,Female,Bengaluru,Urban,761362,722,1
62,Female,Delhi,Urban,355514,627,0
40,Male,Pune,Urban,772728,680,1
29,Female,Kochi,Semi-Urban,642974,669,1
37,Female,Bengaluru,Urban,643025,778,1
47,Female,Delhi,Urban,648775,668,1
22,Female,Madurai,Semi-Urban,583750,658,0
56,Male,Bengaluru,Urban,587245,708,1
39,Male,Chennai,Urban,545968,735,1
37,Male,Coimbatore,Semi-Urban,659802,686,1
25,Female,Madurai,Semi-Urban,710339,565,0
59,Male,Trivandrum,Semi-Urban,509497,720,1
38,Female,Pune,Urban,877647,612,1
27,Male,Bengaluru,Urban,526767,603,1
37,Male,Delhi,Urban,459540,655,1
59,Male,Kochi,Semi-Urban,569722,686,1
56,Male,Trivandrum,Semi-Urban,446842,752,0
60,Female,Coimbatore,Semi-Urban,693257,578,0
24,Male,Madurai,Semi-Urban,571737,687,1
58,Female,Hyderabad,Urban,746728,753,1
45,Male,Bengaluru,Urban,587837,674,1
25,Male,Hyderabad,Urban,581275,718,1
50,Female,Kochi,Semi-Urban,518386,714,0
32,Male,Chennai,Urban,765365,651,1
24,Female,Coimbatore,Semi-Urban,551344,710,0
44,Female,Chennai,Urban,652904,685,1
49,Female,Bengaluru,Urban,809219,664,1
29,Male,Mumbai,Urban,582421,759,1
24,Male,Trivandrum,Semi-Urban,580034,671,1
44,Female,Hyderabad,Urban,553933,755,1
34,Female,Trivandrum,Semi-Urban,638009,662,1
25,Female,Mumbai,Urban,761389,673,1
38,Male,Chennai,Urban,755458,668,1
62,Male,Bengaluru,Urban,698253,732,1
39,Male,Trivandrum,Semi-Urban,841980,636,1
32,Female,Hyderabad,Urban,616532,703,1
38,Male,Madurai,Semi-Urban,880927,699,1
37,Male,Delhi,Urban,809979,700,1
50,Female,Hyderabad,Urban,469260,782,0
44,Male,Hyderabad,Urban,757482,669,1
31,Male,Bengaluru,Urban,228693,816,1
55,Male,Delhi,Urban,840440,736,1
43,Male,Delhi,Urban,585741,607,1
37,Male,Coimbatore,Semi-Urban,444597,623,0
21,Male,Chennai,Urban,250498,731,1
35,Male,Hyderabad,Urban,572963,642,1
52,Male,Bengaluru,Urban,843076,692,1
29,Male,Hyderabad,Urban,648547,645,1
35,Female,Mumbai,Urban,520778,656,1
48,Male,Pune,Urban,562004,667,1
44,Male,Kochi,Semi-Urban,865988,729,1
55,Male,Coimbatore,Semi-Urban,739768,668,1
42,Male,Hyderabad,Urban,591675,751,1
47,Male,Bengaluru,Urban,786901,631,1
39,Male,Chennai,Urban,758687,719,1
32,Female,Chennai,Urban,422192,690,1
40,Male,Delhi,Urban,530765,618,1
21,Female,Hyderabad,Urban,883877,650,0
41,Male,Madurai,Semi-Urban,735236,674,1
21,Male,Pune,Urban,954496,741,1
30,Male,Hyderabad,Urban,719823,673,1
52,Female,Trivandrum,Semi-Urban,458009,783,0
59,Male,Kochi,Semi-Urban,595819,664,1
42,Male,Chennai,Urban,757472,684,1
38,Male,Madurai,Semi-Urban,598233,746,1
52,Male,Chennai,Urban,612120,617,1
47,Female,Trivandrum,Semi-Urban,1007006,740,0
48,Male,Hyderabad,Urban,552573,647,1
38,Female,Hyderabad,Urban,664386,668,1
59,Female,Mumbai,Urban,652086,692,1
49,Male,Madurai,Semi-Urban,782626,639,0
38,Male,Bengaluru,Urban,652139,813,1
64,Female,Bengaluru,Urban,625893,691,1
28,Male,Mumbai,Urban,1003098,686,1
51,Male,Bengaluru,Urban,579528,650,1
54,Female,Kochi,Semi-Urban,746640,612,0
27,Female,Trivandrum,Semi-Urban,342587,736,0
56,Female,Madurai,Semi-Urban,600443,666,0
38,Female,Trivandrum,Semi-Urban,580743,696,1
58,Male,Madurai,Semi-Urban,585582,631,0
29,Male,Trivandrum,Semi-Urban,255868,720,1
29,Male,Pune,Urban,529100,664,1
28,Female,Chennai,Urban,426299,597,0
55,Female,Mumbai,Urban,817290,665,1
38,Male,Pune,Urban,426990,718,1
25,Male,Kochi,Semi-Urban,725626,709,1
34,Male,Madurai,Semi-Urban,735080,699,1
48,Female,Bengaluru,Urban,480864,678,0
50,Male,Madurai,Semi-Urban,429920,681,0
24,Male,Trivandrum,Semi-Urban,543526,652,1
59,Female,Chennai,Urban,520380,738,1
40,Female,Bengaluru,Urban,403336,677,1
45,Male,Chennai,Urban,540838,653,1
48,Female,Madurai,Semi-Urban,662394,769,0
32,Male,Kochi,Semi-Urban,361819,741,1
22,Male,Madurai,Semi-Urban,560953,684,1
63,Male,Mumbai,Urban,494988,662,1
34,Female,Pune,Urban,618670,663,1
42,Female,Mumbai,Urban,976920,631,1
51,Male,Chennai,Urban,296934,727,1
43,Female,Chennai,Urban,578778,771,1
40,Male,Pune,Urban,655901,708,1
58,Female,Hyderabad,Urban,498027,757,0
24,Female,Chennai,Urban,673585,723,1
35,Male,Bengaluru,Urban,308120,606,1
44,Male,Hyderabad,Urban,529980,753,1
45,Female,Madurai,Semi-Urban,66378,668,0
21,Male,Delhi,Urban,551438,690,1
27,Female,Kochi,Semi-Urban,353542,634,0
51,Male,Pune,Urban,662630,592,1
32,Female,Delhi,Urban,882815,648,1
62,Male,Coimbatore,Semi-Urban,655149,693,1
25,Male,Hyderabad,Urban,585145,686,1
64,Male,Pune,Urban,495977,719,1
62,Female,Bengaluru,Urban,544011,694,1
58,Male,Trivandrum,Semi-Urban,547008,687,1
32,Male,Kochi,Semi-Urban,603226,652,1
59,Female,Chennai,Urban,695394,781,1
38,Female,Hyderabad,Urban,446394,778,1
22,Male,Hyderabad,Urban,829480,693,1
30,Female,Bengaluru,Urban,557038,610,1
35,Female,Delhi,Urban,602862,698,1
50,Male,Pune,Urban,857206,617,1
64,Male,Delhi,Urban,174286,610,0
37,Female,Delhi,Urban,90898,729,1
24,Female,Bengaluru,Urban,677895,637,0
27,Male,Bengaluru,Urban,601693,655,1
61,Male,Delhi,Urban,897169,725,1
51,Male,Pune,Urban,374978,703,1
59,Male,Madurai,Semi-Urban,697121,715,1
54,Male,Hyderabad,Urban,528049,769,1
26,Male,Delhi,Urban,789626,653,1
58,Female,Delhi,Urban,162931,697,0
54,Female,Kochi,Semi-Urban,547079,755,0
64,Male,Kochi,Semi-Urban,745629,633,0
35,Male,Coimbatore,Semi-Urban,441116,673,1
34,Male,Bengaluru,Urban,589083,723,1
26,Male,Pune,Urban,609961,618,1
57,Female,Bengaluru,Urban,667264,691,1
52,Female,Mumbai,Urban,382145,665,0
23,Male,Madurai,Semi-Urban,503054,634,0
23,Male,Mumbai,Urban,698935,740,1
42,Male,Bengaluru,Urban,748841,725,1
42,Female,Chennai,Urban,634493,706,1
30,Male,Delhi,Urban,531357,715,1
23,Female,Bengaluru,Urban,618777,660,1
32,Female,Mumbai,Urban,768537,682,1
49,Male,Hyderabad,Urban,640314,638,1
37,Female,Coimbatore,Semi-Urban,363892,718,0
27,Female,Bengaluru,Urban,375207,634,0
33,Female,Kochi,Semi-Urban,607325,655,1
22,Female,Mumbai,Urban,268209,628,0
24,Male,Delhi,Urban,758474,690,1
30,Male,Chennai,Urban,414426,667,1
59,Female,Delhi,Urban,368762,700,0
44,Female,Kochi,Semi-Urban,937586,646,0
37,Female,Bengaluru,Urban,497746,642,0
26,Male,Coimbatore,Semi-Urban,656679,701,1
39,Female,Madurai,Semi-Urban,719742,673,1
25,Male,Bengaluru,Urban,890347,822,1
52,Male,Delhi,Urban,481421,712,1
30,Male,Delhi,Urban,635432,687,1
29,Male,Bengaluru,Urban,576133,744,1
47,Male,Hyderabad,Urban,1079663,730,1
33,Female,Pune,Urban,195540,689,1
39,Male,Delhi,Urban,567902,832,1
41,Male,Pune,Urban,596514,737,1
44,Male,Kochi,Semi-Urban,577815,624,1
58,Male,Bengaluru,Urban,311058,663,1
24,Female,Bengaluru,Urban,229126,590,0
44,Male,Trivandrum,Semi-Urban,291817,606,0
55,Male,Delhi,Urban,772491,829,1
23,Female,Bengaluru,Urban,596614,747,1
24,Female,Kochi,Semi-Urban,248151,595,0
57,Female,Coimbatore,Semi-Urban,886364,679,0
60,Female,Trivandrum,Semi-Urban,992650,662,0
55,Female,Chennai,Urban,660238,812,1
51,Male,Chennai,Urban,685416,562,1
64,Female,Pune,Urban,617778,648,0
45,Female,Madurai,Semi-Urban,474577,648,0
60,Male,Hyderabad,Urban,233939,644,0
33,Female,Coimbatore,Semi-Urban,383481,692,0
24,Female,Chennai,Urban,589140,724,1
34,Male,Chennai,Urban,715098,653,1
33,Male,Chennai,Urban,553601,676,1
47,Female,Bengaluru,Urban,581017,632,0
26,Male,Madurai,Semi-Urban,608814,636,0
37,Male,Delhi,Urban,621204,700,1
56,Female,Chennai,Urban,482626,708,0
60,Male,Coimbatore,Semi-Urban,682596,587,0
55,Male,Coimbatore,Semi-Urban,377549,643,0
37,Female,Bengaluru,Urban,661302,663,1
61,Female,Kochi,Semi-Urban,296334,660,0
22,Male,Trivandrum,Semi-Urban,361210,666,0
33,Female,Trivandrum,Semi-Urban,456504,554,0
22,Male,Trivandrum,Semi-Urban,638906,733,1
48,Male,Chennai,Urban,647166,676,1
63,Male,Hyderabad,Urban,429866,820,1
46,Female,Coimbatore,Semi-Urban,316269,711,0
42,Male,Madurai,Semi-Urban,841201,699,1
63,Male,Hyderabad,Urban,613344,637,1
23,Female,Bengaluru,Urban,572556,650,0
55,Male,Madurai,Semi-Urban,672813,720,1
32,Female,Hyderabad,Urban,409209,666,1
44,Male,Hyderabad,Urban,814184,645,1
25,Female,Hyderabad,Urban,715205,774,1
40,Male,Mumbai,Urban,543328,698,1
59,Male,Hyderabad,Urban,587559,719,1
59,Male,Delhi,Urban,552052,664,1
33,Female,Bengaluru,Urban,866646,740,1
61,Female,Pune,Urban,686254,653,1
32,Male,Pune,Urban,708477,739,1
33,Female,Pune,Urban,613834,657,1
30,Male,Madurai,Semi-Urban,599953,761,1
53,Female,Kochi,Semi-Urban,975820,745,0
60,Female,Chennai,Urban,527467,659,1
36,Female,Bengaluru,Urban,643864,793,1
55,Female,Bengaluru,Urban,1012273,687,1
23,Female,Hyderabad,Urban,865402,766,1
25,Male,Mumbai,Urban,675859,624,1
46,Female,Pune,Urban,298049,715,0
31,Female,Mumbai,Urban,1033759,700,1
27,Female,Delhi,Urban,551908,660,1
30,Male,Trivandrum,Semi-Urban,616781,728,1
62,Male,Chennai,Urban,806362,745,1
54,Male,Pune,Urban,558795,706,1
23,Female,Delhi,Urban,642536,699,1
28,Male,Hyderabad,Urban,612896,693,1
51,Male,Pune,Urban,527281,706,1
31,Male,Kochi,Semi-Urban,670265,720,1
27,Male,Mumbai,Urban,473187,717,1
22,Male,Delhi,Urban,372719,710,1
26,Male,Trivandrum,Semi-Urban,708166,657,1
61,Female,Chennai,Urban,850344,730,1
52,Female,Madurai,Semi-Urban,451494,708,0
40,Male,Pune,Urban,494665,699,1
54,Female,Delhi,Urban,600967,669,1
36,Female,Kochi,Semi-Urban,601185,729,1
45,Male,Madurai,Semi-Urban,205565,578,0
32,Male,Hyderabad,Urban,515203,677,1
27,Female,Pune,Urban,959046,660,1
59,Male,Kochi,Semi-Urban,879488,656,1
37,Female,Mumbai,Urban,940859,666,1
31,Male,Kochi,Semi-Urban,723522,628,1
26,Male,Delhi,Urban,493611,662,1
43,Female,Bengaluru,Urban,651280,621,1
47,Male,Coimbatore,Semi-Urban,719681,700,1
26,Female,Delhi,Urban,534158,727,1
58,Male,Coimbatore,Semi-Urban,255103,732,0
22,Male,Chennai,Urban,781091,707,1
42,Male,Delhi,Urban,510289,651,1
40,Male,Trivandrum,Semi-Urban,725279,624,1
45,Male,Pune,Urban,283784,647,1
35,Male,Madurai,Semi-Urban,471673,664,1
49,Male,Madurai,Semi-Urban,677586,648,0
28,Female,Chennai,Urban,726207,801,1
57,Male,Coimbatore,Semi-Urban,749712,715,1
53,Female,Chennai,Urban,586225,708,1
42,Male,Chennai,Urban,638568,695,1
25,Male,Bengaluru,Urban,677937,654,1
59,Female,Madurai,Semi-Urban,663936,686,0
38,Male,Bengaluru,Urban,714236,714,1
58,Male,Bengaluru,Urban,369755,728,1
57,Male,Chennai,Urban,972648,694,1
50,Female,Delhi,Urban,563156,718,1
51,Female,Madurai,Semi-Urban,581020,656,0
30,Male,Mumbai,Urban,541792,601,1
35,Male,Delhi,Urban,646350,745,1
62,Female,Chennai,Urban,311528,650,0
64,Male,Chennai,Urban,502543,650,1
38,Male,Bengaluru,Urban,218378,636,1
43,Male,Mumbai,Urban,506410,695,1
53,Male,Delhi,Urban,631565,653,1
36,Male,Hyderabad,Urban,713898,754,1
58,Female,Coimbatore,Semi-Urban,588152,753,0
55,Male,Pune,Urban,657197,699,1
54,Male,Bengaluru,Urban,262813,645,0
48,Female,Bengaluru,Urban,631184,772,1
22,Male,Coimbatore,Semi-Urban,851412,737,1
50,Male,Chennai,Urban,692761,646,1
33,Male,Hyderabad,Urban,450715,701,1
61,Female,Mumbai,Urban,633809,694,1
36,Male,Madurai,Semi-Urban,872972,709,1
25,Male,Kochi,Semi-Urban,713905,687,1
48,Female,Bengaluru,Urban,719353,681,1
59,Female,Bengaluru,Urban,442759,826,0
40,Female,Chennai,Urban,527520,709,1
44,Male,Hyderabad,Urban,586271,647,1
47,Male,Mumbai,Urban,961381,660,1
50,Male,Coimbatore,Semi-Urban,417488,774,0
47,Male,Hyderabad,Urban,651926,665,1
46,Female,Hyderabad,Urban,734641,636,0
27,Male,Hyderabad,Urban,748354,686,1
62,Female,Bengaluru,Urban,550311,674,1
58,Male,Pune,Urban,534778,753,1
25,Male,Bengaluru,Urban,985518,763,1
43,Female,Hyderabad,Urban,546374,669,1
48,Male,Bengaluru,Urban,516343,725,1
54,Female,Mumbai,Urban,785831,677,1
35,Female,Pune,Urban,625676,643,1
52,Male,Bengaluru,Urban,339840,773,1
46,Male,Mumbai,Urban,795900,782,1
51,Male,Bengaluru,Urban,520458,702,1
39,Female,Coimbatore,Semi-Urban,518298,653,1
29,Male,Kochi,Semi-Urban,1132045,635,1
49,Female,Trivandrum,Semi-Urban,553070,717,0
59,Male,Mumbai,Urban,613468,751,1
24,Female,Madurai,Semi-Urban,782639,692,0
23,Female,Mumbai,Urban,413584,740,0
49,Male,Delhi,Urban,711665,675,1
31,Male,Trivandrum,Semi-Urban,784806,657,1
53,Male,Delhi,Urban,865303,698,1
58,Male,Chennai,Urban,731885,585,1
31,Male,Hyderabad,Urban,379005,662,1
47,Male,Bengaluru,Urban,687253,727,1
53,Female,Mumbai,Urban,330990,565,0
41,Female,Delhi,Urban,846006,622,1
59,Female,Bengaluru,Urban,814833,679,1
51,Male,Kochi,Semi-Urban,644943,626,0
58,Female,Madurai,Semi-Urban,636809,662,0
22,Male,Hyderabad,Urban,598483,584,1
47,Male,Chennai,Urban,594691,718,1
56,Male,Madurai,Semi-Urban,793565,741,1
31,Male,Trivandrum,Semi-Urban,537715,610,1
38,Male,Bengaluru,Urban,1038360,697,1
21,Male,Mumbai,Urban,634612,676,1
55,Female,Kochi,Semi-Urban,848305,709,0
55,Male,Delhi,Urban,269014,760,1
51,Female,Kochi,Semi-Urban,484551,629,0
48,Male,Delhi,Urban,783279,749,1
59,Male,Coimbatore,Semi-Urban,664539,771,1
21,Male,Hyderabad,Urban,605687,600,1
45,Female,Trivandrum,Semi-Urban,811927,736,1
63,Male,Pune,Urban,1024068,643,1
58,Male,Hyderabad,Urban,368854,718,1
40,Male,Coimbatore,Semi-Urban,800178,647,1
23,Male,Chennai,Urban,511530,659,1
22,Female,Hyderabad,Urban,770965,654,1
38,Male,Pune,Urban,509190,638,1
64,Male,Bengaluru,Urban,705875,724,1
30,Female,Chennai,Urban,724053,710,1
25,Male,Mumbai,Urban,460698,712,1
29,Female,Mumbai,Urban,504963,668,1
22,Female,Kochi,Semi-Urban,562206,673,0
54,Female,Chennai,Urban,274946,705,0
58,Male,Bengaluru,Urban,690746,646,1
51,Female,Hyderabad,Urban,894553,662,1
30,Male,Delhi,Urban,348158,732,1
32,Female,Delhi,Urban,731636,706,1
56,Male,Delhi,Urban,668617,744,1
41,Male,Delhi,Urban,462151,560,1
26,Female,Chennai,Urban,1008180,760,1
23,Male,Trivandrum,Semi-Urban,830109,732,1
30,Female,Bengaluru,Urban,847709,733,1
25,Female,Chennai,Urban,608101,605,0
46,Male,Trivandrum,Semi-Urban,297511,658,0
41,Male,Hyderabad,Urban,634247,665,1
46,Male,Mumbai,Urban,574962,694,1
58,Female,Hyderabad,Urban,804370,775,1
64,Male,Mumbai,Urban,481729,696,1
46,Male,Hyderabad,Urban,866871,745,1
28,Female,Pune,Urban,475767,756,1
25,Female,Hyderabad,Urban,741158,721,1
35,Female,Kochi,Semi-Urban,450628,697,0
36,Female,Madurai,Semi-Urban,592362,748,1
21,Male,Kochi,Semi-Urban,333451,607,0
36,Male,Delhi,Urban,614552,718,1
57,Male,Delhi,Urban,398453,763,1
23,Female,Mumbai,Urban,710992,693,1
51,Female,Coimbatore,Semi-Urban,739296,715,0
33,Female,Bengaluru,Urban,597724,737,1
36,Female,Madurai,Semi-Urban,469298,667,0
63,Male,Delhi,Urban,681015,836,1
41,Male,Coimbatore,Semi-Urban,790105,625,1
22,Male,Bengaluru,Urban,566021,592,1
47,Male,Madurai,Semi-Urban,514102,720,1
58,Female,Bengaluru,Urban,347969,654,0
46,Male,Trivandrum,Semi-Urban,643567,694,1
58,Female,Mumbai,Urban,811999,698,1
45,Female,Kochi,Semi-Urban,885997,707,1
31,Male,Kochi,Semi-Urban,647462,619,1
28,Male,Chennai,Urban,319775,647,1
28,Male,Delhi,Urban,505993,741,1
53,Male,Hyderabad,Urban,834103,657,1
27,Female,Delhi,Urban,764422,678,1
58,Male,Trivandrum,Semi-Urban,393256,654,0
41,Female,Bengaluru,Urban,995331,707,1
28,Female,Delhi,Urban,383531,661,1
41,Male,Kochi,Semi-Urban,522129,764,1
40,Female,Hyderabad,Urban,700616,643,1
28,Female,Pune,Urban,584111,610,1
51,Female,Delhi,Urban,534993,622,0
49,Male,Chennai,Urban,602706,739,1
29,Male,Bengaluru,Urban,805082,621,1
35,Male,Delhi,Urban,984609,614,1
50,Male,Hyderabad,Urban,660700,720,1
46,Female,Chennai,Urban,474270,772,0
30,Female,Bengaluru,Urban,621029,789,1
49,Female,Delhi,Urban,994890,675,1
36,Male,Delhi,Urban,762431,528,1
56,Male,Bengaluru,Urban,867906,672,1
40,Female,Delhi,Urban,766128,743,1
57,Male,Pune,Urban,788131,629,1
42,Male,Pune,Urban,609367,654,1
27,Male,Madurai,Semi-Urban,888161,698,1
43,Male,Coimbatore,Semi-Urban,33715,742,1
61,Female,Chennai,Urban,713807,634,0
60,Male,Chennai,Urban,695730,736,1
49,Female,Mumbai,Urban,426364,718,0
36,Female,Kochi,Semi-Urban,668947,670,1
58,Male,Madurai,Semi-Urban,718932,721,1
48,Female,Chennai,Urban,253670,733,0
58,Male,Mumbai,Urban,672947,765,1
51,Female,Kochi,Semi-Urban,859964,758,0
34,Male,Mumbai,Urban,936582,626,1
53,Female,Mumbai,Urban,725685,706,1
29,Male,Chennai,Urban,583700,680,1
47,Female,Pune,Urban,795454,701,1
44,Female,Mumbai,Urban,432654,685,1
33,Male,Delhi,Urban,759256,691,1
46,Female,Chennai,Urban,593140,682,1
49,Male,Delhi,Urban,838390,651,1
63,Male,Chennai,Urban,507289,695,1
48,Female,Chennai,Urban,946034,729,1
48,Female,Hyderabad,Urban,845124,673,1
28,Male,Bengaluru,Urban,675888,657,1
43,Male,Delhi,Urban,659494,693,1
49,Female,Hyderabad,Urban,943392,701,1
25,Female,Madurai,Semi-Urban,1033570,648,0
62,Male,Bengaluru,Urban,534531,662,1
27,Male,Bengaluru,Urban,542778,626,1
62,Female,Madurai,Semi-Urban,864441,699,0
56,Female,Bengaluru,Urban,132562,666,0
61,Female,Bengaluru,Urban,93291,751,0
47,Male,Chennai,Urban,455462,709,1
22,Female,Coimbatore,Semi-Urban,669579,717,0
45,Female,Coimbatore,Semi-Urban,387106,691,0
29,Male,Hyderabad,Urban,358592,727,1
47,Male,Kochi,Semi-Urban,513171,602,0
21,Female,Mumbai,Urban,882514,682,1
43,Male,Madurai,Semi-Urban,531446,667,1
30,Female,Bengaluru,Urban,831634,740,1
62,Female,Coimbatore,Semi-Urban,631100,619,0
45,Female,Chennai,Urban,920220,694,1
23,Female,Mumbai,Urban,562591,747,1
26,Male,Chennai,Urban,694454,678,1
26,Male,Trivandrum,Semi-Urban,655573,678,1
22,Female,Kochi,Semi-Urban,583763,697,0
38,Male,Delhi,Urban,771714,672,1
43,Male,Trivandrum,Semi-Urban,749638,703,1
22,Male,Kochi,Semi-Urban,658359,739,1
32,Male,Coimbatore,Semi-Urban,228429,699,1
42,Female,Chennai,Urban,377156,682,1
57,Male,Mumbai,Urban,426964,723,1
40,Male,Chennai,Urban,659416,759,1
59,Female,Mumbai,Urban,604292,651,1
44,Female,Trivandrum,Semi-Urban,462579,778,0
40,Female,Trivandrum,Semi-Urban,447690,654,0
21,Female,Trivandrum,Semi-Urban,750652,702,0
21,Female,Hyderabad,Urban,467336,699,0
37,Female,Kochi,Semi-Urban,118082,702,0
21,Male,Hyderabad,Urban,643837,601,1
50,Female,Pune,Urban,503562,621,0
61,Male,Hyderabad,Urban,763716,663,1
23,Female,Delhi,Urban,461089,650,0
31,Male,Trivandrum,Semi-Urban,564885,709,1
44,Male,Madurai,Semi-Urban,667322,743,1
42,Male,Mumbai,Urban,172271,580,1
64,Male,Hyderabad,Urban,490476,625,0
46,Female,Mumbai,Urban,455976,656,0
33,Female,Hyderabad,Urban,514469,626,1
21,Female,Kochi,Semi-Urban,506319,665,0
44,Female,Pune,Urban,609081,639,1
30,Male,Bengaluru,Urban,646389,706,1
55,Female,Delhi,Urban,734628,818,1
44,Male,Madurai,Semi-Urban,710745,639,1
48,Female,Bengaluru,Urban,846891,745,1
56,Male,Mumbai,Urban,802855,814,1
36,Male,Madurai,Semi-Urban,887016,648,1
60,Female,Madurai,Semi-Urban,854178,790,0
36,Female,Delhi,Urban,505676,638,1
37,Female,Bengaluru,Urban,547759,744,1
35,Female,Bengaluru,Urban,562861,642,1
36,Male,Delhi,Urban,844469,589,1
35,Female,Bengaluru,Urban,563765,734,1
54,Female,Bengaluru,Urban,767013,708,1
31,Male,Coimbatore,Semi-Urban,234274,677,1
21,Male,Trivandrum,Semi-Urban,193608,599,0
35,Male,Coimbatore,Semi-Urban,872852,747,1
46,Female,Bengaluru,Urban,715337,736,1
24,Male,Chennai,Urban,853823,590,1
63,Male,Coimbatore,Semi-Urban,310019,692,0
25,Male,Trivandrum,Semi-Urban,651191,708,1
55,Male,Coimbatore,Semi-Urban,319610,624,0
33,Female,Pune,Urban,796434,731,1
30,Female,Madurai,Semi-Urban,623541,806,1
31,Male,Delhi,Urban,593764,735,1
38,Male,Hyderabad,Urban,793005,769,1
54,Male,Delhi,Urban,599699,726,1
59,Female,Kochi,Semi-Urban,593096,624,0
61,Male,Hyderabad,Urban,328676,723,1
62,Male,Coimbatore,Semi-Urban,888103,615,0
43,Female,Bengaluru,Urban,640873,655,1
27,Male,Coimbatore,Semi-Urban,723954,668,1
59,Female,Bengaluru,Urban,345906,662,0
23,Male,Mumbai,Urban,896349,640,1
32,Female,Madurai,Semi-Urban,650238,667,1
27,Male,Bengaluru,Urban,960624,674,1
46,Male,Delhi,Urban,816502,744,1
53,Male,Chennai,Urban,126889,701,1
57,Female,Madurai,Semi-Urban,770889,729,0
35,Female,Coimbatore,Semi-Urban,798219,668,1
22,Male,Pune,Urban,740560,728,1
61,Female,Madurai,Semi-Urban,655040,583,0
27,Female,Trivandrum,Semi-Urban,573924,616,0
52,Female,Chennai,Urban,605902,730,1
24,Female,Hyderabad,Urban,892119,650,0
40,Male,Mumbai,Urban,906405,685,1
56,Female,Delhi,Urban,575564,563,0
52,Male,Coimbatore,Semi-Urban,454485,660,0
48,Male,Chennai,Urban,864555,617,1
33,Male,Bengaluru,Urban,795467,646,1
21,Female,Mumbai,Urban,651979,686,1
55,Female,Chennai,Urban,416779,685,0
50,Female,Trivandrum,Semi-Urban,273563,667,0
56,Female,Delhi,Urban,760482,725,1
45,Female,Trivandrum,Semi-Urban,497959,658,0
36,Male,Bengaluru,Urban,492728,666,1
39,Male,Pune,Urban,694293,620,1
21,Male,Bengaluru,Urban,500722,740,1
25,Male,Hyderabad,Urban,509101,639,1
42,Male,Kochi,Semi-Urban,464347,609,0
44,Male,Bengaluru,Urban,741839,619,1
63,Female,Bengaluru,Urban,411945,689,0
57,Female,Bengaluru,Urban,305455,675,0
56,Female,Delhi,Urban,409927,668,0
56,Female,Madurai,Semi-Urban,888032,730,0
24,Male,Delhi,Urban,483914,630,0
56,Female,Delhi,Urban,698385,704,1
38,Male,Hyderabad,Urban,538230,684,1
36,Male,Bengaluru,Urban,560563,700,1
61,Female,Bengaluru,Urban,874843,685,1
38,Male,Madurai,Semi-Urban,625310,642,1
42,Male,Bengaluru,Urban,933432,568,1
22,Male,Pune,Urban,987794,720,1
41,Female,Chennai,Urban,916836,679,1
56,Female,Kochi,Semi-Urban,496031,686,0
64,Male,Pune,Urban,635202,678,1
59,Female,Hyderabad,Urban,896579,605,0
59,Male,Trivandrum,Semi-Urban,759258,691,1
49,Male,Hyderabad,Urban,832805,681,1
46,Male,Hyderabad,Urban,849998,676,1
41,Female,Chennai,Urban,860701,765,1
37,Male,Coimbatore,Semi-Urban,403791,686,1
36,Male,Chennai,Urban,589729,673,1
51,Male,Hyderabad,Urban,471721,672,1
29,Male,Pune,Urban,577647,626,1
51,Female,Hyderabad,Urban,643315,686,1
34,Male,Mumbai,Urban,621580,693,1
57,Male,Pune,Urban,482914,646,0
22,Male,Hyderabad,Urban,347509,717,1
34,Male,Hyderabad,Urban,295918,704,1
53,Female,Coimbatore,Semi-Urban,966375,674,0
55,Male,Hyderabad,Urban,848461,721,1
59,Male,Chennai,Urban,668808,660,1
40,Male,Mumbai,Urban,28713,719,1
22,Male,Trivandrum,Semi-Urban,436132,655,0
61,Female,Bengaluru,Urban,700356,759,1
39,Female,Hyderabad,Urban,769529,650,1
57,Female,Hyderabad,Urban,538027,672,1
38,Male,Chennai,Urban,711304,636,1
36,Female,Kochi,Semi-Urban,581317,707,1
24,Female,Hyderabad,Urban,827241,623,0
32,Male,Delhi,Urban,592651,674,1
49,Female,Mumbai,Urban,585864,610,0
27,Female,Chennai,Urban,500242,706,1
34,Male,Chennai,Urban,751168,709,1
32,Male,Chennai,Urban,683267,686,1
55,Female,Bengaluru,Urban,368672,653,0
25,Male,Kochi,Semi-Urban,677618,714,1
37,Female,Kochi,Semi-Urban,637371,632,0
62,Female,Chennai,Urban,792714,642,0
52,Female,Kochi,Semi-Urban,582034,714,0
30,Male,Pune,Urban,405211,707,1
63,Male,Bengaluru,Urban,509671,707,1
37,Male,Mumbai,Urban,966859,794,1
25,Female,Trivandrum,Semi-Urban,557470,688,0
62,Female,Bengaluru,Urban,806660,660,1
29,Female,Coimbatore,Semi-Urban,325923,672,0
53,Male,Pune,Urban,679190,575,1
56,Female,Bengaluru,Urban,293328,699,0
56,Female,Coimbatore,Semi-Urban,614038,750,0
38,Male,Hyderabad,Urban,451914,662,1
29,Male,Bengaluru,Urban,415101,745,1
49,Female,Mumbai,Urban,391401,631,0
34,Female,Bengaluru,Urban,557233,641,1
45,Female,Delhi,Urban,219899,640,0
35,Male,Bengaluru,Urban,312152,606,1
26,Male,Trivandrum,Semi-Urban,618725,752,1
62,Female,Mumbai,Urban,250576,705,0
49,Female,Mumbai,Urban,295674,711,0
35,Female,Chennai,Urban,957332,643,1
49,Female,Hyderabad,Urban,914246,719,1
24,Male,Chennai,Urban,433503,654,1
38,Female,Trivandrum,Semi-Urban,665815,656,1
64,Male,Chennai,Urban,435197,733,1
59,Male,Kochi,Semi-Urban,443652,637,0
36,Male,Hyderabad,Urban,-27124,630,1
31,Female,Kochi,Semi-Urban,905749,624,0
34,Female,Delhi,Urban,710913,672,1
23,Male,Mumbai,Urban,748482,783,1
62,Male,Kochi,Semi-Urban,706469,667,1
58,Female,Mumbai,Urban,560171,614,0
62,Female,Coimbatore,Semi-Urban,502860,648,0
38,Female,Trivandrum,Semi-Urban,593081,656,1
40,Male,Delhi,Urban,893136,682,1
45,Male,Madurai,Semi-Urban,604613,698,1
58,Male,Coimbatore,Semi-Urban,988219,575,0
33,Male,Delhi,Urban,444613,618,1
24,Male,Bengaluru,Urban,301994,615,0
34,Male,Delhi,Urban,415611,730,1
53,Male,Hyderabad,Urban,568016,629,1
48,Male,Delhi,Urban,877758,693,1
57,Female,Kochi,Semi-Urban,503059,703,0
28,Male,Kochi,Semi-Urban,308387,654,1
64,Male,Kochi,Semi-Urban,602607,558,0
54,Female,Kochi,Semi-Urban,844359,738,0
64,Female,Bengaluru,Urban,599109,745,1
25,Female,Chennai,Urban,640345,678,1
25,Female,Kochi,Semi-Urban,594591,645,0
51,Female,Mumbai,Urban,557887,769,1
29,Female,Trivandrum,Semi-Urban,1080038,644,0
62,Female,Bengaluru,Urban,862726,719,1
52,Female,Chennai,Urban,974782,605,0
53,Male,Delhi,Urban,1176944,702,1
23,Male,Mumbai,Urban,857289,615,1
50,Female,Chennai,Urban,505860,698,1
32,Male,Mumbai,Urban,776590,680,1
49,Female,Bengaluru,Urban,982240,661,1
23,Male,Bengaluru,Urban,706748,660,1
46,Male,Bengaluru,Urban,530979,734,1
50,Female,Delhi,Urban,874744,675,1
29,Male,Madurai,Semi-Urban,345262,699,1
46,Female,Chennai,Urban,628290,822,1
22,Female,Bengaluru,Urban,751770,617,0
23,Female,Trivandrum,Semi-Urban,578463,641,0
24,Male,Madurai,Semi-Urban,725100,597,0
45,Female,Bengaluru,Urban,730501,595,1
33,Female,Hyderabad,Urban,712011,775,1
59,Female,Chennai,Urban,562304,659,1
64,Female,Bengaluru,Urban,519416,548,0
55,Female,Kochi,Semi-Urban,576923,665,0
43,Female,Pune,Urban,325661,655,1
29,Female,Kochi,Semi-Urban,875235,627,0
22,Male,Pune,Urban,708230,657,1
61,Male,Mumbai,Urban,633717,687,1
64,Male,Madurai,Semi-Urban,464517,659,0
51,Male,Chennai,Urban,625776,722,1
64,Female,Bengaluru,Urban,621750,676,1
22,Male,Trivandrum,Semi-Urban,512892,680,1
52,Female,Hyderabad,Urban,810018,670,1
38,Male,Hyderabad,Urban,373903,618,1
33,Male,Kochi,Semi-Urban,417888,620,0
25,Male,Hyderabad,Urban,822310,686,1
62,Male,Delhi,Urban,900824,642,1
64,Male,Hyderabad,Urban,655799,709,1
30,Male,Coimbatore,Semi-Urban,402555,663,1
63,Female,Hyderabad,Urban,864456,641,0
45,Male,Delhi,Urban,642305,692,1
54,Male,Bengaluru,Urban,624629,681,1
57,Female,Coimbatore,Semi-Urban,908955,597,0
50,Male,Kochi,Semi-Urban,766959,588,0
27,Male,Chennai,Urban,526345,708,1
26,Male,Chennai,Urban,285906,642,0
23,Male,Chennai,Urban,536849,687,1
33,Female,Delhi,Urban,694771,691,1
23,Male,Delhi,Urban,727501,740,1
46,Female,Hyderabad,Urban,354796,762,0
44,Female,Trivandrum,Semi-Urban,470128,622,0
26,Male,Madurai,Semi-Urban,9067,672,0
63,Female,Bengaluru,Urban,669279,673,1
62,Male,Mumbai,Urban,257181,755,1
32,Male,Delhi,Urban,508320,608,1
56,Male,Delhi,Urban,420469,751,1
22,Male,Bengaluru,Urban,734583,708,1
31,Female,Chennai,Urban,676777,652,1
59,Male,Bengaluru,Urban,453258,723,1
54,Female,Delhi,Urban,630849,661,1
46,Female,Kochi,Semi-Urban,735099,599,0
38,Male,Chennai,Urban,660735,686,1
41,Female,Hyderabad,Urban,-75111,666,1
56,Female,Hyderabad,Urban,1061706,655,1
60,Male,Coimbatore,Semi-Urban,707547,640,0
64,Male,Chennai,Urban,824669,710,1
42,Male,Delhi,Urban,455496,679,1
50,Male,Coimbatore,Semi-Urban,413225,656,0
63,Male,Coimbatore,Semi-Urban,493951,649,0
50,Male,Kochi,Semi-Urban,1000029,657,1
28,Female,Hyderabad,Urban,536423,650,1
54,Female,Coimbatore,Semi-Urban,587265,659,0
29,Male,Trivandrum,Semi-Urban,971264,716,1
40,Male,Trivandrum,Semi-Urban,527816,661,1
60,Male,Bengaluru,Urban,603136,687,1
45,Male,Bengaluru,Urban,334861,660,1
39,Male,Trivandrum,Semi-Urban,989008,591,1
25,Female,Pune,Urban,448149,690,0
31,Male,Coimbatore,Semi-Urban,565518,644,1
35,Male,Coimbatore,Semi-Urban,-68480,713,1
28,Male,Delhi,Urban,565877,762,1
39,Female,Hyderabad,Urban,584563,646,1
43,Female,Kochi,Semi-Urban,516691,725,1
47,Male,Trivandrum,Semi-Urban,252267,659,0
60,Male,Kochi,Semi-Urban,709066,664,1
52,Male,Pune,Urban,219957,698,1
46,Male,Hyderabad,Urban,268648,581,0
47,Female,Bengaluru,Urban,547982,593,0
39,Female,Madurai,Semi-Urban,842312,682,1
62,Female,Chennai,Urban,590418,549,0
49,Male,Trivandrum,Semi-Urban,659582,734,1
59,Male,Madurai,Semi-Urban,465722,746,0
61,Female,Hyderabad,Urban,465302,697,0
53,Male,Coimbatore,Semi-Urban,776249,673,1
39,Female,Hyderabad,Urban,846451,735,1
57,Male,Coimbatore,Semi-Urban,822132,656,1
39,Male,Bengaluru,Urban,723312,661,1
53,Female,Kochi,Semi-Urban,665564,673,0
36,Male,Kochi,Semi-Urban,313019,638,0
43,Male,Mumbai,Urban,486383,744,1
27,Male,Kochi,Semi-Urban,457247,743,0
46,Female,Pune,Urban,614307,632,0
52,Male,Trivandrum,Semi-Urban,755681,642,0
32,Male,Pune,Urban,532531,662,1
28,Female,Mumbai,Urban,101362,740,1
25,Male,Delhi,Urban,852430,662,1
62,Female,Chennai,Urban,420521,687,0
48,Male,Pune,Urban,431528,626,0
25,Female,Bengaluru,Urban,728969,756,1
46,Male,Hyderabad,Urban,496823,621,0
25,Female,Hyderabad,Urban,604777,659,1
42,Female,Hyderabad,Urban,666582,594,1
35,Female,Madurai,Semi-Urban,629961,741,1
33,Male,Hyderabad,Urban,549853,678,1
48,Male,Madurai,Semi-Urban,624844,768,1
53,Female,Mumbai,Urban,1064974,630,0
63,Male,Madurai,Semi-Urban,859102,732,1
43,Male,Delhi,Urban,792084,699,1
53,Female,Hyderabad,Urban,696098,640,0
63,Male,Mumbai,Urban,938295,647,1
38,Female,Mumbai,Urban,793448,707,1
50,Male,Chennai,Urban,878740,678,1
46,Female,Hyderabad,Urban,885809,645,0
36,Male,Chennai,Urban,753984,767,1
33,Male,Hyderabad,Urban,724486,682,1
59,Female,Kochi,Semi-Urban,553348,661,0
53,Male,Hyderabad,Urban,1005336,625,1
46,Female,Trivandrum,Semi-Urban,605923,653,0
21,Female,Pune,Urban,393443,572,0
58,Male,Hyderabad,Urban,689479,680,1
22,Female,Mumbai,Urban,576465,716,1
26,Male,Chennai,Urban,412205,751,1
58,Female,Mumbai,Urban,423873,659,0
62,Male,Trivandrum,Semi-Urban,620835,703,1
44,Female,Chennai,Urban,633065,662,1
38,Female,Chennai,Urban,327869,590,0
47,Male,Hyderabad,Urban,531260,577,1
61,Female,Coimbatore,Semi-Urban,800511,674,0
28,Male,Kochi,Semi-Urban,89816,578,0
48,Male,Pune,Urban,551437,667,1
30,Male,Madurai,Semi-Urban,606309,658,1
37,Male,Chennai,Urban,732274,591,1
49,Male,Bengaluru,Urban,558262,544,1
26,Male,Mumbai,Urban,522528,643,1
34,Male,Delhi,Urban,722209,753,1
42,Male,Delhi,Urban,589769,692,1
26,Male,Bengaluru,Urban,953545,642,1
46,Female,Bengaluru,Urban,724328,639,0
59,Female,Bengaluru,Urban,762844,696,1
32,Male,Madurai,Semi-Urban,615084,683,1
55,Female,Pune,Urban,976041,712,1
34,Female,Bengaluru,Urban,488013,767,1
42,Female,Chennai,Urban,370175,734,1
43,Male,Bengaluru,Urban,581250,733,1
27,Male,Madurai,Semi-Urban,547480,672,1
60,Female,Pune,Urban,572334,565,0
45,Female,Chennai,Urban,995524,571,1
33,Male,Hyderabad,Urban,441798,702,1
41,Male,Hyderabad,Urban,587751,649,1
61,Female,Mumbai,Urban,273402,760,0
30,Female,Kochi,Semi-Urban,978599,751,1
29,Female,Mumbai,Urban,135235,684,1
35,Male,Pune,Urban,628901,653,1
22,Male,Bengaluru,Urban,331753,632,0
45,Male,Coimbatore,Semi-Urban,321591,758,1
33,Male,Hyderabad,Urban,423300,686,1
54,Male,Hyderabad,Urban,379470,642,0
54,Female,Trivandrum,Semi-Urban,653873,673,0
55,Male,Pune,Urban,344981,666,1
58,Female,Trivandrum,Semi-Urban,808074,768,0
23,Male,Coimbatore,Semi-Urban,866555,688,1
62,Male,Trivandrum,Semi-Urban,930835,680,1
26,Male,Hyderabad,Urban,293940,611,0
39,Male,Trivandrum,Semi-Urban,443557,703,1
23,Female,Coimbatore,Semi-Urban,503689,682,0
38,Male,Delhi,Urban,487015,706,1
59,Male,Delhi,Urban,760369,682,1
29,Male,Trivandrum,Semi-Urban,663595,662,1
32,Male,Coimbatore,Semi-Urban,414419,682,1
25,Female,Hyderabad,Urban,543533,641,0
23,Male,Coimbatore,Semi-Urban,593372,687,1
31,Female,Coimbatore,Semi-Urban,565682,744,1
50,Female,Chennai,Urban,452750,724,0
24,Male,Trivandrum,Semi-Urban,378074,665,0
25,Male,Chennai,Urban,750287,669,1
21,Female,Bengaluru,Urban,363482,709,0
47,Female,Delhi,Urban,741558,698,1
48,Male,Madurai,Semi-Urban,647556,679,1
49,Male,Bengaluru,Urban,428810,652,1
38,Male,Coimbatore,Semi-Urban,702054,635,1
32,Male,Mumbai,Urban,456775,634,1
33,Male,Madurai,Semi-Urban,713055,671,1
61,Male,Coimbatore,Semi-Urban,442551,696,0
22,Male,Madurai,Semi-Urban,621816,594,0
57,Male,Trivandrum,Semi-Urban,590220,716,1
36,Male,Coimbatore,Semi-Urban,476242,626,0
44,Female,Chennai,Urban,537013,645,1
55,Male,Hyderabad,Urban,471305,667,1
42,Female,Chennai,Urban,834173,699,1
56,Male,Trivandrum,Semi-Urban,459921,755,0
31,Female,Chennai,Urban,585755,656,1
49,Male,Chennai,Urban,181841,734,1
55,Female,Madurai,Semi-Urban,462550,659,0
35,Male,Trivandrum,Semi-Urban,726962,746,1
51,Male,Madurai,Semi-Urban,694984,676,1
62,Female,Bengaluru,Urban,687284,605,0
61,Male,Mumbai,Urban,594237,644,1
63,Female,Hyderabad,Urban,650348,680,1
36,Male,Bengaluru,Urban,888698,669,1
30,Male,Hyderabad,Urban,415136,629,1
52,Male,Hyderabad,Urban,845267,613,1
22,Female,Bengaluru,Urban,423666,719,0
44,Male,Delhi,Urban,660538,564,1
43,Female,Hyderabad,Urban,428699,705,1
22,Male,Bengaluru,Urban,769534,625,1
58,Female,Trivandrum,Semi-Urban,342364,774,0
51,Male,Trivandrum,Semi-Urban,399044,578,0
60,Male,Coimbatore,Semi-Urban,577534,574,0
46,Male,Mumbai,Urban,442432,658,1
49,Male,Pune,Urban,457931,730,1
23,Male,Madurai,Semi-Urban,576385,788,1
34,Male,Delhi,Urban,349777,729,1
45,Male,Mumbai,Urban,625601,687,1
21,Male,Bengaluru,Urban,673630,631,1
23,Male,Trivandrum,Semi-Urban,285105,641,0
46,Male,Delhi,Urban,648836,647,1
38,Male,Pune,Urban,640628,659,1
29,Female,Delhi,Urban,687350,667,1
58,Female,Pune,Urban,623148,689,1
43,Male,Madurai,Semi-Urban,670340,650,1
41,Female,Pune,Urban,669677,688,1
21,Female,Hyderabad,Urban,649077,698,1
41,Male,Bengaluru,Urban,674480,625,1
47,Male,Coimbatore,Semi-Urban,908226,617,0
62,Female,Coimbatore,Semi-Urban,861931,734,0
26,Female,Chennai,Urban,577256,686,1
64,Female,Trivandrum,Semi-Urban,475218,672,0
56,Female,Delhi,Urban,854091,608,0
48,Male,Bengaluru,Urban,1057668,718,1
37,Male,Mumbai,Urban,594344,679,1
60,Male,Pune,Urban,699939,754,1
23,Male,Mumbai,Urban,534860,689,1
32,Male,Coimbatore,Semi-Urban,706212,667,1
59,Male,Bengaluru,Urban,203527,649,0
32,Male,Trivandrum,Semi-Urban,495118,758,1
22,Male,Pune,Urban,744721,729,1
42,Male,Mumbai,Urban,425004,691,1
43,Male,Hyderabad,Urban,710911,727,1
50,Male,Kochi,Semi-Urban,704022,696,1
25,Male,Madurai,Semi-Urban,715827,589,0
29,Female,Chennai,Urban,498529,727,1
41,Female,Mumbai,Urban,753049,715,1
31,Male,Chennai,Urban,969684,625,1
25,Male,Mumbai,Urban,501848,709,1
55,Female,Delhi,Urban,466022,638,0
47,Male,Pune,Urban,565936,658,1
22,Female,Mumbai,Urban,655035,687,1
44,Male,Delhi,Urban,393971,684,1
51,Female,Madurai,Semi-Urban,509120,675,0
53,Female,Hyderabad,Urban,891149,598,0
59,Female,Kochi,Semi-Urban,827193,682,0
50,Male,Trivandrum,Semi-Urban,401842,763,0
57,Female,Hyderabad,Urban,973181,693,1
48,Female,Chennai,Urban,514014,671,1
51,Female,Mumbai,Urban,667091,714,1
31,Male,Hyderabad,Urban,608334,687,1
43,Female,Chennai,Urban,783726,658,1
22,Male,Pune,Urban,371320,725,1
60,Male,Mumbai,Urban,494577,693,1
61,Male,Madurai,Semi-Urban,416655,700,0
47,Male,Chennai,Urban,388724,670,1
55,Female,Pune,Urban,451410,675,0
22,Female,Coimbatore,Semi-Urban,432820,719,0
59,Male,Coimbatore,Semi-Urban,728268,654,1
57,Female,Hyderabad,Urban,522524,796,1
41,Female,Mumbai,Urban,549235,650,1
25,Male,Delhi,Urban,232970,649,0
41,Male,Coimbatore,Semi-Urban,797649,731,1
49,Male,Coimbatore,Semi-Urban,257498,678,0
40,Male,Bengaluru,Urban,619094,709,1
58,Male,Madurai,Semi-Urban,865733,755,1
40,Male,Pune,Urban,907464,700,1
45,Male,Delhi,Urban,323315,696,1
22,Female,Chennai,Urban,564171,652,1
52,Female,Coimbatore,Semi-Urban,754011,637,0
46,Male,Delhi,Urban,518996,603,1
26,Male,Coimbatore,Semi-Urban,816164,644,0
61,Male,Coimbatore,Semi-Urban,192467,656,0
23,Male,Bengaluru,Urban,630421,642,1
53,Male,Delhi,Urban,689769,667,1
21,Male,Mumbai,Urban,370824,656,1
25,Male,Pune,Urban,760162,722,1
33,Male,Hyderabad,Urban,395110,614,1
39,Male,Chennai,Urban,924697,729,1
32,Female,Madurai,Semi-Urban,535427,714,1
45,Male,Bengaluru,Urban,568106,633,1
55,Male,Kochi,Semi-Urban,393275,616,0
32,Male,Hyderabad,Urban,529982,708,1
50,Female,Delhi,Urban,458615,707,0
25,Female,Kochi,Semi-Urban,660388,640,0
54,Male,Mumbai,Urban,651741,613,1
42,Female,Pune,Urban,582358,659,1
59,Male,Bengaluru,Urban,633980,519,1
33,Female,Mumbai,Urban,381222,707,1
23,Male,Mumbai,Urban,393387,648,0
40,Male,Kochi,Semi-Urban,841101,689,1
51,Female,Mumbai,Urban,450853,769,0
25,Male,Bengaluru,Urban,659448,660,1
44,Female,Pune,Urban,139384,713,1
60,Male,Mumbai,Urban,685143,667,1
53,Female,Hyderabad,Urban,832471,657,1
28,Male,Mumbai,Urban,624180,756,1
44,Male,Chennai,Urban,634008,652,1
40,Female,Bengaluru,Urban,913641,707,1
36,Female,Bengaluru,Urban,656791,695,1
32,Female,Chennai,Urban,463136,700,1
33,Female,Chennai,Urban,512216,711,1
62,Female,Mumbai,Urban,478434,705,0
59,Male,Kochi,Semi-Urban,794963,651,1
45,Male,Kochi,Semi-Urban,857789,658,1
52,Male,Bengaluru,Urban,813458,693,1
44,Male,Pune,Urban,454311,587,1
64,Female,Coimbatore,Semi-Urban,614441,698,0
29,Male,Pune,Urban,740175,651,1
60,Female,Hyderabad,Urban,366491,732,0
43,Male,Kochi,Semi-Urban,781803,581,1
33,Female,Chennai,Urban,770277,703,1
52,Male,Coimbatore,Semi-Urban,720023,693,1
35,Male,Chennai,Urban,764297,687,1
56,Female,Hyderabad,Urban,583496,745,1
25,Male,Mumbai,Urban,432869,680,1
42,Male,Delhi,Urban,834067,692,1
36,Male,Delhi,Urban,609153,619,1
61,Male,Bengaluru,Urban,495617,686,1
30,Male,Mumbai,Urban,625703,667,1
44,Female,Pune,Urban,624276,666,1
38,Male,Madurai,Semi-Urban,507369,600,1
38,Male,Delhi,Urban,708822,766,1
27,Male,Delhi,Urban,983225,632,1
24,Female,Bengaluru,Urban,351359,665,0
46,Female,Chennai,Urban,356127,605,0
25,Male,Chennai,Urban,847026,607,1
36,Male,Mumbai,Urban,757671,608,1
55,Male,Trivandrum,Semi-Urban,934159,757,1
46,Female,Mumbai,Urban,978054,599,0
38,Female,Bengaluru,Urban,754852,651,1
49,Female,Mumbai,Urban,370741,659,0
43,Male,Chennai,Urban,671138,643,1
34,Male,Trivandrum,Semi-Urban,530457,636,1
35,Male,Chennai,Urban,700366,658,1
53,Male,Mumbai,Urban,453960,618,0
45,Male,Trivandrum,Semi-Urban,710355,726,1
41,Male,Chennai,Urban,747006,757,1
37,Female,Bengaluru,Urban,659803,742,1
43,Male,Delhi,Urban,687594,583,1
63,Female,Bengaluru,Urban,750070,580,0
37,Male,Delhi,Urban,452792,601,1
34,Female,Trivandrum,Semi-Urban,665070,706,1
49,Female,Hyderabad,Urban,587929,653,1
40,Female,Mumbai,Urban,827914,799,1
50,Female,Pune,Urban,761652,681,1
39,Female,Mumbai,Urban,489659,733,1
59,Male,Pune,Urban,744712,734,1
33,Male,Chennai,Urban,880438,630,1
38,Female,Trivandrum,Semi-Urban,684824,638,0
43,Female,Kochi,Semi-Urban,538802,757,1
53,Female,Madurai,Semi-Urban,387005,594,0
59,Male,Bengaluru,Urban,206762,671,1
60,Male,Hyderabad,Urban,823747,714,1
38,Female,Bengaluru,Urban,329986,703,1
29,Female,Pune,Urban,396984,660,1
53,Male,Mumbai,Urban,620822,658,1
52,Male,Madurai,Semi-Urban,662684,617,0
37,Male,Hyderabad,Urban,894288,634,1
39,Male,Bengaluru,Urban,673768,761,1
47,Male,Hyderabad,Urban,546356,690,1
26,Male,Delhi,Urban,546600,649,1
55,Female,Coimbatore,Semi-Urban,296771,710,0
57,Male,Hyderabad,Urban,888220,657,1
54,Male,Madurai,Semi-Urban,777352,625,0
40,Female,Chennai,Urban,655332,650,1
45,Female,Trivandrum,Semi-Urban,886569,609,0
24,Female,Trivandrum,Semi-Urban,815025,759,0
30,Male,Hyderabad,Urban,707900,711,1
30,Female,Bengaluru,Urban,593317,710,1
44,Male,Hyderabad,Urban,607571,653,1
41,Female,Bengaluru,Urban,304331,677,1
31,Female,Madurai,Semi-Urban,814638,655,1
47,Male,Pune,Urban,560710,609,1
36,Male,Trivandrum,Semi-Urban,813187,725,1
46,Male,Trivandrum,Semi-Urban,746678,719,1
50,Female,Chennai,Urban,620329,699,1
36,Male,Bengaluru,Urban,768225,681,1
27,Female,Coimbatore,Semi-Urban,444071,635,0
36,Male,Delhi,Urban,305172,696,1
55,Male,Kochi,Semi-Urban,569685,631,0
36,Female,Coimbatore,Semi-Urban,687639,638,0
60,Female,Mumbai,Urban,771905,631,0
32,Female,Bengaluru,Urban,618581,647,1
55,Male,Coimbatore,Semi-Urban,419740,642,0
41,Male,Mumbai,Urban,860864,716,1
63,Male,Coimbatore,Semi-Urban,528440,629,0
56,Male,Mumbai,Urban,677482,679,1
37,Male,Chennai,Urban,700835,710,1
52,Female,Chennai,Urban,613856,740,1
61,Male,Trivandrum,Semi-Urban,211481,699,0
26,Male,Delhi,Urban,465624,584,0
44,Male,Mumbai,Urban,693323,668,1
47,Male,Mumbai,Urban,914714,715,1
40,Female,Delhi,Urban,735665,630,1
45,Male,Chennai,Urban,697268,746,1
22,Male,Hyderabad,Urban,202262,745,1
29,Male,Hyderabad,Urban,811382,705,1
48,Female,Hyderabad,Urban,784753,727,1
58,Female,Mumbai,Urban,713939,740,1
23,Female,Chennai,Urban,653977,683,1
40,Male,Mumbai,Urban,701095,723,1
26,Male,Hyderabad,Urban,845600,622,1
59,Female,Hyderabad,Urban,589446,716,1
53,Female,Pune,Urban,675353,699,1
21,Female,Bengaluru,Urban,538679,804,1
57,Female,Kochi,Semi-Urban,603149,660,0
26,Male,Chennai,Urban,622914,743,1
54,Female,Coimbatore,Semi-Urban,722604,727,0
35,Female,Madurai,Semi-Urban,500522,674,1
46,Female,Mumbai,Urban,576148,589,0
34,Male,Coimbatore,Semi-Urban,666308,660,1
27,Male,Chennai,Urban,574198,674,1
51,Male,Bengaluru,Urban,631271,727,1
44,Male,Hyderabad,Urban,361915,693,1
51,Male,Hyderabad,Urban,710094,681,1
49,Female,Mumbai,Urban,478248,721,0
62,Male,Hyderabad,Urban,324052,718,1
52,Male,Mumbai,Urban,657826,728,1
37,Male,Trivandrum,Semi-Urban,667520,637,1
34,Male,Chennai,Urban,687065,728,1
60,Female,Bengaluru,Urban,690034,745,1
56,Male,Mumbai,Urban,684572,813,1
44,Male,Mumbai,Urban,893682,704,1
47,Female,Bengaluru,Urban,767095,734,1
45,Female,Bengaluru,Urban,787708,702,1
52,Male,Mumbai,Urban,714610,711,1
38,Female,Chennai,Urban,773158,734,1
38,Female,Madurai,Semi-Urban,514057,599,0
57,Female,Chennai,Urban,729726,694,1
46,Male,Bengaluru,Urban,832506,696,1
29,Female,Mumbai,Urban,557973,649,1
55,Male,Pune,Urban,874989,603,1
28,Male,Kochi,Semi-Urban,532796,656,1
40,Male,Hyderabad,Urban,694788,695,1
62,Male,Bengaluru,Urban,397491,669,1
42,Female,Mumbai,Urban,760420,694,1
39,Male,Chennai,Urban,845025,633,1
50,Male,Kochi,Semi-Urban,594939,687,1
48,Male,Delhi,Urban,333791,697,1
55,Male,Chennai,Urban,607348,616,1
63,Female,Bengaluru,Urban,423024,611,0
31,Male,Trivandrum,Semi-Urban,618407,720,1
51,Female,Delhi,Urban,767131,686,1
59,Female,Coimbatore,Semi-Urban,694469,629,0
56,Female,Chennai,Urban,289572,659,0
50,Female,Kochi,Semi-Urban,534932,703,0
43,Male,Bengaluru,Urban,641246,634,1
39,Female,Hyderabad,Urban,877088,757,1
32,Female,Kochi,Semi-Urban,570459,708,1
35,Female,Coimbatore,Semi-Urban,699564,721,1
51,Female,Hyderabad,Urban,635216,688,1
63,Female,Coimbatore,Semi-Urban,482601,710,0
57,Female,Kochi,Semi-Urban,509244,785,0
57,Female,Hyderabad,Urban,561748,657,1
35,Male,Madurai,Semi-Urban,854413,660,1
49,Male,Mumbai,Urban,444496,785,1
63,Male,Kochi,Semi-Urban,564024,745,1
46,Male,Mumbai,Urban,480105,671,1
64,Female,Mumbai,Urban,861022,640,0
22,Female,Coimbatore,Semi-Urban,676735,659,0
40,Female,Hyderabad,Urban,874130,781,1
35,Female,Bengaluru,Urban,66800,684,1
24,Male,Madurai,Semi-Urban,785553,732,1
42,Female,Coimbatore,Semi-Urban,420032,692,0
58,Male,Hyderabad,Urban,482048,696,1
43,Male,Chennai,Urban,562112,709,1
46,Male,Kochi,Semi-Urban,596255,674,1
31,Female,Bengaluru,Urban,596628,667,1
48,Male,Mumbai,Urban,457875,759,1
22,Female,Bengaluru,Urban,579039,669,1
28,Male,Delhi,Urban,580964,706,1
49,Male,Bengaluru,Urban,269467,733,1
31,Male,Kochi,Semi-Urban,668863,708,1
57,Male,Kochi,Semi-Urban,602706,718,1
38,Female,Mumbai,Urban,638444,598,1
34,Male,Chennai,Urban,500527,691,1
30,Female,Bengaluru,Urban,605079,744,1
55,Female,Hyderabad,Urban,166244,792,0
29,Female,Mumbai,Urban,492230,738,1
55,Male,Kochi,Semi-Urban,510245,692,1
31,Female,Bengaluru,Urban,589988,709,1
64,Male,Trivandrum,Semi-Urban,594011,716,1
32,Male,Trivandrum,Semi-Urban,790772,578,1
23,Male,Mumbai,Urban,377598,622,0
59,Female,Hyderabad,Urban,744147,687,1
34,Male,Coimbatore,Semi-Urban,1000683,676,1
48,Male,Coimbatore,Semi-Urban,502410,661,1
31,Male,Pune,Urban,746588,699,1
59,Male,Hyderabad,Urban,886614,705,1
45,Male,Madurai,Semi-Urban,881220,603,1
41,Female,Bengaluru,Urban,541727,611,1
30,Male,Mumbai,Urban,816459,659,1
63,Female,Mumbai,Urban,771972,708,1
35,Female,Mumbai,Urban,841164,669,1
39,Female,Kochi,Semi-Urban,738041,652,1
42,Male,Chennai,Urban,833975,751,1
41,Female,Madurai,Semi-Urban,554702,713,1
64,Male,Delhi,Urban,508231,671,1
52,Male,Madurai,Semi-Urban,163991,770,0
43,Female,Bengaluru,Urban,515464,685,1
33,Female,Kochi,Semi-Urban,537979,727,1
25,Female,Mumbai,Urban,239301,631,0
24,Female,Mumbai,Urban,608944,610,0
48,Male,Trivandrum,Semi-Urban,814507,639,0
34,Female,Chennai,Urban,417458,706,1
28,Male,Chennai,Urban,974488,673,1
29,Male,Trivandrum,Semi-Urban,674209,671,1
55,Female,Delhi,Urban,768871,691,1
57,Female,Chennai,Urban,590220,687,1
41,Male,Mumbai,Urban,422063,741,1
38,Male,Mumbai,Urban,708510,652,1
53,Male,Trivandrum,Semi-Urban,751968,608,0
28,Male,Bengaluru,Urban,565680,761,1
37,Female,Delhi,Urban,651078,656,1
63,Female,Delhi,Urban,598748,740,1
51,Female,Trivandrum,Semi-Urban,469951,700,0
54,Female,Madurai,Semi-Urban,665646,753,0
26,Male,Mumbai,Urban,458916,648,0
42,Male,Hyderabad,Urban,752781,723,1
34,Male,Bengaluru,Urban,1063727,665,1
23,Female,Hyderabad,Urban,819880,646,0
32,Female,Bengaluru,Urban,562986,764,1
56,Female,Coimbatore,Semi-Urban,669908,642,0
32,Male,Coimbatore,Semi-Urban,826669,640,1
22,Male,Mumbai,Urban,580693,624,1
22,Female,Chennai,Urban,711682,657,1
35,Male,Bengaluru,Urban,743591,687,1
43,Female,Madurai,Semi-Urban,652418,671,1
49,Male,Madurai,Semi-Urban,638026,699,1
37,Male,Chennai,Urban,810242,600,1
52,Female,Kochi,Semi-Urban,946552,678,0
27,Male,Chennai,Urban,582183,608,1
50,Female,Chennai,Urban,848070,657,1
48,Female,Bengaluru,Urban,302542,668,0
34,Male,Delhi,Urban,696844,678,1
64,Female,Bengaluru,Urban,163734,697,0
50,Male,Bengaluru,Urban,445277,616,0
37,Male,Bengaluru,Urban,392840,657,1
52,Female,Hyderabad,Urban,927471,794,1
26,Male,Kochi,Semi-Urban,543468,676,1
44,Male,Chennai,Urban,590293,670,1
26,Female,Madurai,Semi-Urban,555947,583,0
47,Male,Hyderabad,Urban,310755,688,1
38,Female,Hyderabad,Urban,657375,600,1
44,Female,Chennai,Urban,615249,555,1
57,Male,Chennai,Urban,437570,701,1
44,Male,Bengaluru,Urban,875954,701,1
58,Male,Hyderabad,Urban,869706,599,1
54,Male,Madurai,Semi-Urban,348464,609,0
60,Female,Kochi,Semi-Urban,462647,640,0
35,Female,Madurai,Semi-Urban,693967,777,1
31,Male,Bengaluru,Urban,507002,693,1
42,Female,Mumbai,Urban,556478,708,1
44,Female,Chennai,Urban,396477,741,1
21,Male,Trivandrum,Semi-Urban,398458,756,0
38,Female,Pune,Urban,495988,687,1
64,Female,Coimbatore,Semi-Urban,626181,702,0
32,Male,Bengaluru,Urban,639600,680,1
63,Male,Hyderabad,Urban,436648,581,0
48,Female,Bengaluru,Urban,370236,694,0
60,Male,Bengaluru,Urban,351592,652,1
27,Male,Bengaluru,Urban,797776,533,1
43,Female,Hyderabad,Urban,1025038,641,1
41,Female,Hyderabad,Urban,686036,655,1
54,Male,Mumbai,Urban,86606,725,1
31,Male,Mumbai,Urban,713650,672,1
42,Male,Coimbatore,Semi-Urban,837104,642,1
62,Male,Bengaluru,Urban,470153,613,0
55,Male,Chennai,Urban,775947,668,1
49,Male,Kochi,Semi-Urban,814298,687,1
62,Male,Delhi,Urban,857821,707,1
48,Male,Chennai,Urban,482819,720,1
38,Male,Madurai,Semi-Urban,615020,608,1
34,Male,Hyderabad,Urban,636378,692,1
38,Male,Hyderabad,Urban,863703,671,1
48,Male,Mumbai,Urban,518081,666,1
44,Female,Hyderabad,Urban,788372,689,1
28,Male,Delhi,Urban,654516,765,1
62,Female,Hyderabad,Urban,791995,665,1
28,Female,Chennai,Urban,751638,685,1
24,Male,Madurai,Semi-Urban,468875,629,0
47,Female,Hyderabad,Urban,653814,624,0
56,Male,Trivandrum,Semi-Urban,461904,622,0
25,Male,Hyderabad,Urban,595365,600,1
53,Male,Mumbai,Urban,949616,646,1
54,Male,Chennai,Urban,515270,768,1
50,Male,Trivandrum,Semi-Urban,477797,639,0
28,Male,Trivandrum,Semi-Urban,563044,662,1
59,Female,Bengaluru,Urban,735060,609,0
46,Female,Bengaluru,Urban,733558,668,1
57,Male,Pune,Urban,672044,625,1
54,Male,Madurai,Semi-Urban,440605,662,0
27,Male,Mumbai,Urban,550322,662,1
60,Male,Mumbai,Urban,881520,673,1
48,Female,Coimbatore,Semi-Urban,296556,735,0
59,Male,Bengaluru,Urban,651726,769,1
59,Male,Kochi,Semi-Urban,556175,768,1
48,Female,Mumbai,Urban,693664,685,1
34,Female,Trivandrum,Semi-Urban,627029,688,1
58,Male,Bengaluru,Urban,299752,684,1
24,Male,Delhi,Urban,717700,718,1
62,Male,Delhi,Urban,404883,645,0
38,Male,Coimbatore,Semi-Urban,363742,629,0
64,Male,Kochi,Semi-Urban,610139,579,0
45,Male,Madurai,Semi-Urban,517779,724,1
27,Female,Madurai,Semi-Urban,440358,691,0
58,Male,Mumbai,Urban,522275,638,1
48,Male,Bengaluru,Urban,453341,760,1
25,Male,Kochi,Semi-Urban,909351,646,0
23,Male,Madurai,Semi-Urban,662760,755,1
64,Female,Bengaluru,Urban,568326,636,0
51,Male,Delhi,Urban,751751,689,1
62,Male,Bengaluru,Urban,562244,701,1
40,Male,Bengaluru,Urban,548053,653,1
39,Male,Kochi,Semi-Urban,786659,615,1
31,Male,Kochi,Semi-Urban,461193,681,1
60,Male,Delhi,Urban,395469,641,0
23,Male,Madurai,Semi-Urban,731185,600,0
43,Male,Bengaluru,Urban,632762,589,1
27,Male,Bengaluru,Urban,630900,689,1
43,Female,Madurai,Semi-Urban,529905,564,0
27,Female,Mumbai,Urban,719143,665,1
54,Female,Hyderabad,Urban,325952,717,0
62,Female,Trivandrum,Semi-Urban,212583,604,0
39,Male,Madurai,Semi-Urban,520585,612,1
29,Female,Kochi,Semi-Urban,725906,695,1
38,Male,Coimbatore,Semi-Urban,848919,547,1
61,Male,Hyderabad,Urban,709592,676,1
62,Male,Hyderabad,Urban,415482,655,1
45,Male,Madurai,Semi-Urban,417078,751,1
34,Female,Kochi,Semi-Urban,842094,759,1
64,Male,Chennai,Urban,781092,696,1
45,Male,Delhi,Urban,709943,644,1
39,Male,Kochi,Semi-Urban,784113,683,1
59,Male,Chennai,Urban,633748,723,1
35,Male,Kochi,Semi-Urban,558363,714,1
36,Male,Bengaluru,Urban,567998,561,1
47,Male,Hyderabad,Urban,727477,606,1
60,Female,Kochi,Semi-Urban,647426,717,0
30,Male,Bengaluru,Urban,206907,615,1
24,Male,Chennai,Urban,776514,696,1
39,Female,Madurai,Semi-Urban,717172,720,1
48,Female,Kochi,Semi-Urban,665176,709,0
41,Male,Mumbai,Urban,881837,703,1
34,Male,Chennai,Urban,438486,655,1
53,Female,Hyderabad,Urban,386775,610,0
30,Male,Delhi,Urban,700190,769,1
39,Male,Chennai,Urban,448644,582,1
50,Male,Mumbai,Urban,933301,685,1
42,Female,Mumbai,Urban,461359,651,1
23,Female,Mumbai,Urban,456283,746,0
57,Female,Bengaluru,Urban,519432,681,1
61,Male,Bengaluru,Urban,540552,635,1
38,Male,Pune,Urban,526273,656,1
31,Male,Pune,Urban,547374,724,1
22,Female,Mumbai,Urban,527539,733,1
32,Female,Coimbatore,Semi-Urban,288838,712,0
26,Male,Kochi,Semi-Urban,700927,685,1
63,Female,Bengaluru,Urban,512852,631,0
60,Male,Hyderabad,Urban,569399,643,1
64,Male,Hyderabad,Urban,357181,702,1
49,Female,Delhi,Urban,295100,730,0
50,Male,Delhi,Urban,581195,605,1
22,Male,Pune,Urban,910948,594,1
29,Male,Coimbatore,Semi-Urban,904123,669,1
22,Female,Madurai,Semi-Urban,418272,691,0
49,Female,Madurai,Semi-Urban,451992,687,0
53,Female,Coimbatore,Semi-Urban,634036,706,0
30,Female,Hyderabad,Urban,66791,652,1
54,Male,Chennai,Urban,482783,741,1
64,Male,Delhi,Urban,644521,755,1
28,Female,Kochi,Semi-Urban,554032,706,1
57,Male,Hyderabad,Urban,220143,653,1
53,Female,Coimbatore,Semi-Urban,234254,540,0
26,Female,Pune,Urban,313777,646,0
64,Female,Delhi,Urban,584505,686,1
60,Male,Mumbai,Urban,432812,711,1
39,Male,Coimbatore,Semi-Urban,911433,661,1
52,Female,Bengaluru,Urban,332701,674,0
47,Female,Bengaluru,Urban,845594,764,1
21,Female,Coimbatore,Semi-Urban,359398,624,0
63,Male,Trivandrum,Semi-Urban,1103185,596,0
53,Male,Mumbai,Urban,732440,559,1
60,Female,Madurai,Semi-Urban,156581,727,0
52,Female,Hyderabad,Urban,843386,612,0
25,Female,Kochi,Semi-Urban,507581,661,0
37,Male,Kochi,Semi-Urban,785582,720,1
28,Female,Chennai,Urban,597807,756,1
62,Male,Hyderabad,Urban,528977,682,1
54,Female,Madurai,Semi-Urban,549243,629,0
29,Male,Chennai,Urban,365730,696,1
43,Male,Chennai,Urban,511849,626,1
55,Female,Mumbai,Urban,341542,676,0
27,Male,Bengaluru,Urban,505587,609,1
35,Male,Madurai,Semi-Urban,639012,637,1
40,Male,Bengaluru,Urban,811548,792,1
45,Female,Kochi,Semi-Urban,897310,733,1
23,Male,Hyderabad,Urban,597509,645,1
44,Male,Coimbatore,Semi-Urban,374816,657,1
54,Female,Delhi,Urban,589658,715,1
42,Male,Hyderabad,Urban,567635,659,1
31,Male,Pune,Urban,863544,740,1
28,Male,Bengaluru,Urban,775088,601,1
59,Female,Delhi,Urban,646529,676,1
63,Male,Pune,Urban,904140,639,1
55,Female,Trivandrum,Semi-Urban,498765,692,0
58,Male,Trivandrum,Semi-Urban,725375,685,1
28,Female,Bengaluru,Urban,499022,681,1
57,Female,Bengaluru,Urban,505690,701,1
47,Male,Bengaluru,Urban,186366,693,1
48,Male,Pune,Urban,620180,622,1
60,Female,Pune,Urban,625833,674,1
54,Male,Hyderabad,Urban,572601,674,1
52,Female,Hyderabad,Urban,690812,677,1
35,Male,Bengaluru,Urban,799906,789,1
64,Female,Hyderabad,Urban,596485,681,1
37,Male,Hyderabad,Urban,720688,761,1
53,Female,Trivandrum,Semi-Urban,674728,582,0
36,Male,Madurai,Semi-Urban,815275,650,1
49,Male,Trivandrum,Semi-Urban,706629,667,1
29,Male,Kochi,Semi-Urban,964511,757,1
53,Male,Trivandrum,Semi-Urban,652991,570,0
49,Male,Trivandrum,Semi-Urban,412534,728,0
33,Male,Mumbai,Urban,852358,706,1
41,Female,Hyderabad,Urban,728287,706,1
41,Male,Hyderabad,Urban,695059,669,1
25,Female,Kochi,Semi-Urban,291418,687,0
30,Male,Pune,Urban,897764,677,1
26,Male,Delhi,Urban,800314,645,1
33,Male,Madurai,Semi-Urban,662807,724,1
21,Female,Bengaluru,Urban,30616,683,0
40,Female,Coimbatore,Semi-Urban,532347,640,0
28,Male,Madurai,Semi-Urban,982525,700,1
30,Female,Kochi,Semi-Urban,695402,669,1
29,Male,Pune,Urban,358003,657,1
61,Male,Delhi,Urban,488547,595,0
23,Male,Chennai,Urban,520291,653,1
31,Male,Chennai,Urban,825844,651,1
32,Male,Delhi,Urban,298207,695,1
30,Female,Madurai,Semi-Urban,811420,660,1
45,Male,Bengaluru,Urban,757939,814,1
45,Female,Delhi,Urban,1048453,603,1
31,Male,Trivandrum,Semi-Urban,706580,617,1
56,Male,Bengaluru,Urban,352148,652,1
59,Female,Bengaluru,Urban,590392,698,1
46,Female,Hyderabad,Urban,401709,663,0
34,Female,Hyderabad,Urban,677780,649,1
59,Male,Chennai,Urban,948580,620,1
60,Female,Chennai,Urban,428389,701,0
21,Female,Bengaluru,Urban,786312,816,1
24,Male,Kochi,Semi-Urban,476175,627,0
50,Male,Kochi,Semi-Urban,289844,708,0
32,Male,Trivandrum,Semi-Urban,919735,758,1
55,Male,Delhi,Urban,646540,687,1
33,Male,Pune,Urban,698287,696,1
51,Female,Madurai,Semi-Urban,772341,675,0
58,Male,Pune,Urban,259849,769,1
63,Female,Hyderabad,Urban,546862,719,1
43,Female,Madurai,Semi-Urban,271467,736,0
24,Male,Trivandrum,Semi-Urban,495327,673,0
36,Male,Hyderabad,Urban,829855,713,1
27,Male,Bengaluru,Urban,689905,676,1
42,Female,Kochi,Semi-Urban,476579,718,0
49,Female,Bengaluru,Urban,604942,659,1
31,Male,Hyderabad,Urban,570910,738,1
53,Female,Mumbai,Urban,662182,707,1
49,Male,Kochi,Semi-Urban,474926,657,0
59,Female,Pune,Urban,575488,723,1
32,Male,Delhi,Urban,630253,664,1
27,Male,Kochi,Semi-Urban,685158,618,0
59,Male,Hyderabad,Urban,643887,665,1
62,Male,Kochi,Semi-Urban,272382,666,0
46,Male,Mumbai,Urban,348008,622,0
60,Female,Madurai,Semi-Urban,724797,704,0
29,Male,Mumbai,Urban,549144,701,1
61,Female,Mumbai,Urban,511106,679,1
54,Male,Mumbai,Urban,549738,720,1
33,Female,Coimbatore,Semi-Urban,549470,661,1
56,Female,Pune,Urban,246500,605,0
45,Female,Hyderabad,Urban,945859,647,1
44,Male,Mumbai,Urban,577462,638,1
64,Male,Trivandrum,Semi-Urban,602908,661,1
37,Female,Madurai,Semi-Urban,615753,685,1
22,Male,Mumbai,Urban,792446,781,1
33,Male,Bengaluru,Urban,736727,603,1
51,Male,Hyderabad,Urban,585030,724,1
49,Female,Delhi,Urban,425473,629,0
48,Female,Mumbai,Urban,847339,702,1
47,Female,Chennai,Urban,611207,648,0
35,Male,Bengaluru,Urban,718984,691,1
51,Male,Kochi,Semi-Urban,383082,761,0
60,Female,Pune,Urban,729817,605,0
35,Male,Madurai,Semi-Urban,314972,695,1
53,Male,Kochi,Semi-Urban,520535,697,1
40,Male,Coimbatore,Semi-Urban,626580,731,1
62,Male,Chennai,Urban,947461,683,1
32,Male,Kochi,Semi-Urban,731672,852,1
57,Male,Bengaluru,Urban,887481,739,1
29,Male,Trivandrum,Semi-Urban,692002,711,1
43,Male,Pune,Urban,378008,698,1
28,Female,Madurai,Semi-Urban,379146,709,0
52,Male,Delhi,Urban,752277,686,1
34,Male,Coimbatore,Semi-Urban,399649,687,1
47,Female,Pune,Urban,291222,604,0
45,Female,Chennai,Urban,404802,709,1
33,Male,Coimbatore,Semi-Urban,653636,708,1
41,Female,Chennai,Urban,441247,697,1
51,Male,Madurai,Semi-Urban,851031,698,1
57,Male,Bengaluru,Urban,685403,718,1
63,Male,Chennai,Urban,637834,703,1
25,Male,Trivandrum,Semi-Urban,677562,684,1
33,Female,Chennai,Urban,720752,696,1
48,Male,Chennai,Urban,723653,741,1
63,Male,Delhi,Urban,436598,753,1
45,Female,Coimbatore,Semi-Urban,852130,630,0
55,Male,Chennai,Urban,725617,660,1
59,Female,Coimbatore,Semi-Urban,521008,727,0
27,Female,Coimbatore,Semi-Urban,754531,707,0
58,Male,Delhi,Urban,333504,648,0
52,Female,Kochi,Semi-Urban,771022,683,0
23,Male,Bengaluru,Urban,657605,719,1
59,Male,Hyderabad,Urban,171079,775,1
57,Male,Chennai,Urban,999575,797,1
42,Female,Chennai,Urban,338581,589,0
28,Female,Hyderabad,Urban,714803,722,1
37,Male,Hyderabad,Urban,882867,648,1
47,Male,Trivandrum,Semi-Urban,77151,737,0
53,Male,Delhi,Urban,646524,611,1
37,Female,Madurai,Semi-Urban,777246,645,0
62,Female,Bengaluru,Urban,823220,671,1
32,Female,Bengaluru,Urban,843363,713,1
47,Female,Delhi,Urban,785185,661,1
28,Male,Bengaluru,Urban,532804,643,1
43,Male,Coimbatore,Semi-Urban,691861,594,1
62,Male,Mumbai,Urban,1002286,646,1
49,Female,Mumbai,Urban,852720,713,1
40,Male,Hyderabad,Urban,466626,754,1
36,Male,Hyderabad,Urban,813072,627,1
37,Female,Mumbai,Urban,871258,632,1
36,Female,Bengaluru,Urban,424057,643,0
39,Male,Bengaluru,Urban,595790,674,1
28,Female,Mumbai,Urban,542809,689,1
58,Female,Chennai,Urban,784898,664,1
58,Male,Coimbatore,Semi-Urban,518055,600,0
49,Male,Hyderabad,Urban,474164,578,0
61,Male,Bengaluru,Urban,818311,655,1
56,Male,Chennai,Urban,358967,706,1
46,Female,Hyderabad,Urban,637105,680,1
51,Male,Bengaluru,Urban,454198,764,1
64,Male,Bengaluru,Urban,818173,604,1
32,Male,Hyderabad,Urban,477708,685,1
37,Male,Hyderabad,Urban,607341,749,1
35,Male,Coimbatore,Semi-Urban,121782,665,1
29,Female,Coimbatore,Semi-Urban,600361,616,0
59,Male,Chennai,Urban,564669,544,1
62,Female,Bengaluru,Urban,614315,664,1
32,Female,Kochi,Semi-Urban,860388,654,1
52,Male,Coimbatore,Semi-Urban,719631,647,0
45,Female,Pune,Urban,679128,694,1
59,Female,Bengaluru,Urban,452256,770,0
38,Male,Mumbai,Urban,1027409,611,1
35,Male,Trivandrum,Semi-Urban,232336,631,0
52,Female,Coimbatore,Semi-Urban,360720,672,0
26,Female,Bengaluru,Urban,447095,716,0
64,Male,Kochi,Semi-Urban,638026,660,1
63,Male,Hyderabad,Urban,608697,709,1
55,Male,Bengaluru,Urban,449110,608,0
54,Male,Mumbai,Urban,635232,682,1
58,Male,Chennai,Urban,831637,679,1
25,Male,Trivandrum,Semi-Urban,611129,758,1
38,Male,Trivandrum,Semi-Urban,348162,736,1
36,Male,Coimbatore,Semi-Urban,579216,685,1
28,Male,Hyderabad,Urban,436462,632,1
45,Male,Bengaluru,Urban,320414,563,1
52,Male,Chennai,Urban,607739,635,1
46,Male,Mumbai,Urban,419076,789,1
42,Female,Trivandrum,Semi-Urban,533839,589,0
51,Female,Hyderabad,Urban,684454,634,0
63,Male,Delhi,Urban,664146,686,1
30,Male,Delhi,Urban,840997,743,1
32,Male,Chennai,Urban,255861,616,1
48,Male,Kochi,Semi-Urban,559110,703,1
26,Male,Mumbai,Urban,802383,640,1
40,Male,Coimbatore,Semi-Urban,264102,619,0
25,Female,Trivandrum,Semi-Urban,565864,650,0
43,Male,Bengaluru,Urban,640139,677,1
29,Male,Mumbai,Urban,380670,616,1
49,Female,Trivandrum,Semi-Urban,464798,735,0
36,Female,Bengaluru,Urban,362145,752,1
42,Male,Coimbatore,Semi-Urban,655793,644,1
28,Male,Chennai,Urban,100071,718,1
40,Male,Mumbai,Urban,446925,603,1
34,Male,Pune,Urban,456045,670,1
59,Male,Delhi,Urban,781522,721,1
57,Male,Mumbai,Urban,287615,715,1
54,Male,Bengaluru,Urban,859303,687,1
31,Female,Bengaluru,Urban,749435,739,1
60,Female,Delhi,Urban,809015,643,0
53,Male,Mumbai,Urban,514628,684,1
51,Male,Hyderabad,Urban,516020,682,1
64,Male,Pune,Urban,442614,701,1
54,Male,Hyderabad,Urban,716143,710,1
27,Male,Delhi,Urban,529672,615,1
43,Female,Delhi,Urban,438484,714,1
27,Female,Delhi,Urban,529174,619,0
45,Female,Mumbai,Urban,674226,726,1
23,Female,Hyderabad,Urban,347310,767,0
58,Female,Madurai,Semi-Urban,409752,654,0
40,Female,Mumbai,Urban,869982,633,1
54,Female,Delhi,Urban,418636,763,0
64,Male,Kochi,Semi-Urban,889498,676,1
64,Male,Bengaluru,Urban,494568,612,0
50,Male,Coimbatore,Semi-Urban,328872,634,0
37,Female,Delhi,Urban,874059,636,1
30,Male,Kochi,Semi-Urban,949056,740,1
55,Male,Coimbatore,Semi-Urban,483844,629,0
40,Male,Madurai,Semi-Urban,818544,562,1
38,Female,Mumbai,Urban,620621,677,1
64,Male,Coimbatore,Semi-Urban,631545,694,1
47,Female,Chennai,Urban,662767,708,1
56,Female,Kochi,Semi-Urban,604039,544,0
43,Female,Bengaluru,Urban,620472,670,1
52,Male,Bengaluru,Urban,601214,658,1
30,Male,Bengaluru,Urban,484796,700,1
31,Male,Hyderabad,Urban,458439,580,1
58,Male,Bengaluru,Urban,370156,687,1
26,Male,Kochi,Semi-Urban,222940,689,0
61,Female,Hyderabad,Urban,581731,736,1
54,Male,Trivandrum,Semi-Urban,431425,697,0
56,Female,Bengaluru,Urban,272465,714,0
57,Female,Chennai,Urban,435556,618,0
37,Male,Mumbai,Urban,493749,674,1
60,Female,Hyderabad,Urban,490089,745,0
60,Female,Bengaluru,Urban,878541,655,1
32,Male,Pune,Urban,480962,718,1
41,Male,Hyderabad,Urban,889121,631,1
60,Male,Trivandrum,Semi-Urban,449771,668,0
39,Male,Chennai,Urban,696434,598,1
23,Female,Madurai,Semi-Urban,399884,675,0
38,Male,Hyderabad,Urban,943115,637,1
39,Female,Madurai,Semi-Urban,845108,736,1
26,Male,Hyderabad,Urban,749729,781,1
36,Male,Bengaluru,Urban,995511,593,1
28,Male,Delhi,Urban,774013,617,1
38,Male,Delhi,Urban,687702,725,1
63,Male,Bengaluru,Urban,328971,641,0
59,Male,Chennai,Urban,128760,675,1
32,Female,Coimbatore,Semi-Urban,341114,755,0
30,Female,Bengaluru,Urban,262711,756,1
27,Male,Mumbai,Urban,440014,614,0
21,Male,Delhi,Urban,818856,776,1
56,Male,Kochi,Semi-Urban,386667,713,0
41,Male,Bengaluru,Urban,507513,730,1
57,Female,Delhi,Urban,611372,646,0
44,Female,Bengaluru,Urban,618434,641,1
45,Female,Chennai,Urban,481309,592,0
27,Male,Mumbai,Urban,837681,617,1
62,Female,Madurai,Semi-Urban,604878,714,0
37,Male,Bengaluru,Urban,634158,702,1
49,Female,Chennai,Urban,1095119,719,1
50,Male,Kochi,Semi-Urban,947405,691,1
27,Male,Hyderabad,Urban,603822,678,1
53,Male,Kochi,Semi-Urban,709297,644,0
27,Male,Pune,Urban,415615,665,1
44,Female,Pune,Urban,182202,724,1
31,Female,Hyderabad,Urban,736323,720,1
29,Male,Mumbai,Urban,388553,692,1
32,Female,Madurai,Semi-Urban,712875,632,0
55,Male,Bengaluru,Urban,1029542,655,1
24,Male,Mumbai,Urban,224788,612,0
56,Female,Hyderabad,Urban,144169,661,0
48,Female,Hyderabad,Urban,416311,596,0
33,Male,Pune,Urban,762027,662,1
43,Male,Trivandrum,Semi-Urban,850060,646,1
39,Male,Hyderabad,Urban,761737,679,1
62,Female,Coimbatore,Semi-Urban,657570,640,0
57,Female,Mumbai,Urban,603369,716,1
59,Male,Madurai,Semi-Urban,624740,597,0
44,Female,Chennai,Urban,836794,600,1
36,Male,Chennai,Urban,471163,666,1
53,Male,Chennai,Urban,608328,693,1
32,Female,Delhi,Urban,369082,659,1
54,Male,Hyderabad,Urban,671841,663,1
27,Male,Bengaluru,Urban,603641,684,1
31,Female,Pune,Urban,1117283,704,1
51,Male,Madurai,Semi-Urban,304429,658,0
49,Male,Kochi,Semi-Urban,787490,689,1
33,Female,Madurai,Semi-Urban,497537,729,0
51,Female,Pune,Urban,764883,611,0
22,Female,Kochi,Semi-Urban,749769,743,0
59,Male,Delhi,Urban,542122,739,1
35,Male,Madurai,Semi-Urban,393692,638,0
31,Female,Delhi,Urban,388688,706,1
54,Male,Bengaluru,Urban,621028,603,1
59,Male,Hyderabad,Urban,455408,695,1
24,Male,Mumbai,Urban,553956,748,1
31,Male,Pune,Urban,351716,627,1
49,Male,Kochi,Semi-Urban,701576,642,0
22,Female,Madurai,Semi-Urban,421472,698,0
36,Female,Trivandrum,Semi-Urban,516704,662,1
59,Male,Hyderabad,Urban,863171,689,1
33,Female,Trivandrum,Semi-Urban,629657,802,1
57,Female,Chennai,Urban,751110,659,1
37,Female,Mumbai,Urban,408946,601,0
41,Male,Coimbatore,Semi-Urban,655384,647,1
64,Male,Kochi,Semi-Urban,686242,689,1
39,Male,Coimbatore,Semi-Urban,406884,616,0
27,Male,Chennai,Urban,612200,645,1
58,Male,Trivandrum,Semi-Urban,515830,739,1
28,Male,Chennai,Urban,654406,761,1
33,Male,Delhi,Urban,335384,660,1
57,Male,Mumbai,Urban,390094,661,1
22,Male,Delhi,Urban,321379,618,0
61,Male,Bengaluru,Urban,369912,692,1
31,Female,Hyderabad,Urban,474879,799,1
44,Male,Kochi,Semi-Urban,702596,661,1
26,Female,Delhi,Urban,618420,663,1
46,Female,Delhi,Urban,617782,704,1
27,Female,Delhi,Urban,404759,657,0
59,Female,Pune,Urban,595501,658,1
39,Female,Pune,Urban,851307,749,1
26,Male,Hyderabad,Urban,659048,615,1
63,Female,Hyderabad,Urban,762153,625,0
49,Female,Delhi,Urban,498925,712,0
63,Female,Bengaluru,Urban,504132,672,1
59,Male,Hyderabad,Urban,704285,626,1
22,Male,Chennai,Urban,412337,694,1
39,Female,Chennai,Urban,575863,663,1
24,Female,Kochi,Semi-Urban,637388,688,0
26,Female,Hyderabad,Urban,521916,665,1
57,Male,Chennai,Urban,431033,606,0
48,Male,Madurai,Semi-Urban,469953,732,0
50,Male,Madurai,Semi-Urban,324435,764,0
27,Male,Madurai,Semi-Urban,655473,633,0
29,Male,Mumbai,Urban,766879,760,1
45,Male,Bengaluru,Urban,499002,674,1
53,Male,Bengaluru,Urban,1147513,528,1
21,Male,Hyderabad,Urban,448298,701,1
26,Male,Chennai,Urban,451663,569,0
38,Female,Madurai,Semi-Urban,753942,655,1
30,Female,Pune,Urban,724189,715,1
48,Female,Coimbatore,Semi-Urban,733980,703,0
31,Male,Trivandrum,Semi-Urban,814272,643,1
53,Female,Delhi,Urban,413642,711,0
21,Male,Trivandrum,Semi-Urban,674593,725,1
33,Female,Pune,Urban,320142,649,0
57,Female,Delhi,Urban,813115,662,1
40,Male,Chennai,Urban,799107,689,1
21,Female,Chennai,Urban,808688,622,0
23,Male,Delhi,Urban,589457,639,1
38,Male,Hyderabad,Urban,805430,729,1
61,Female,Madurai,Semi-Urban,633573,794,0
34,Male,Kochi,Semi-Urban,876631,710,1
51,Male,Kochi,Semi-Urban,538238,693,1
47,Female,Bengaluru,Urban,535410,771,1
37,Male,Mumbai,Urban,685528,633,1
49,Female,Mumbai,Urban,347589,684,0
56,Female,Trivandrum,Semi-Urban,552674,721,0
57,Male,Hyderabad,Urban,589814,638,1
46,Male,Pune,Urban,332685,598,0
37,Male,Kochi,Semi-Urban,619765,721,1
42,Male,Kochi,Semi-Urban,698940,727,1
45,Male,Madurai,Semi-Urban,767269,722,1
22,Male,Pune,Urban,300405,723,1
42,Male,Chennai,Urban,802646,684,1
25,Male,Coimbatore,Semi-Urban,184691,687,0
24,Female,Chennai,Urban,418641,691,0
56,Female,Mumbai,Urban,1008327,735,1
26,Female,Bengaluru,Urban,630788,693,1
41,Male,Kochi,Semi-Urban,390947,684,1
33,Male,Mumbai,Urban,327525,696,1
57,Female,Kochi,Semi-Urban,346732,702,0
45,Male,Kochi,Semi-Urban,410565,627,0
46,Male,Kochi,Semi-Urban,794861,749,1
59,Female,Hyderabad,Urban,709580,646,0
40,Male,Coimbatore,Semi-Urban,813483,683,1
53,Male,Delhi,Urban,388308,633,0
34,Female,Mumbai,Urban,201391,669,1
56,Female,Pune,Urban,727804,706,1
37,Male,Hyderabad,Urban,587187,695,1
41,Male,Delhi,Urban,440782,653,1
36,Male,Kochi,Semi-Urban,799138,645,1
36,Female,Bengaluru,Urban,859722,692,1
40,Male,Hyderabad,Urban,944746,734,1
49,Male,Coimbatore,Semi-Urban,393774,751,0
48,Female,Chennai,Urban,845852,780,1
28,Male,Mumbai,Urban,677929,644,1
44,Female,Kochi,Semi-Urban,475470,641,0
23,Female,Kochi,Semi-Urban,841942,674,0
45,Male,Trivandrum,Semi-Urban,422999,671,1
39,Female,Madurai,Semi-Urban,474449,608,0
53,Male,Mumbai,Urban,780665,722,1
22,Female,Trivandrum,Semi-Urban,476943,641,0
35,Female,Trivandrum,Semi-Urban,681268,647,0
42,Male,Hyderabad,Urban,500265,701,1
30,Female,Pune,Urban,634751,620,1
38,Female,Madurai,Semi-Urban,649270,667,1
42,Male,Hyderabad,Urban,408287,717,1
47,Male,Kochi,Semi-Urban,641494,682,1
33,Male,Trivandrum,Semi-Urban,494819,717,1
53,Male,Mumbai,Urban,408738,729,1
25,Female,Madurai,Semi-Urban,377221,675,0
46,Female,Trivandrum,Semi-Urban,379462,512,0
33,Male,Kochi,Semi-Urban,478678,741,1
47,Male,Chennai,Urban,714840,677,1
34,Male,Mumbai,Urban,327234,719,1
44,Male,Mumbai,Urban,616702,748,1
23,Male,Trivandrum,Semi-Urban,674951,588,0
50,Male,Kochi,Semi-Urban,800101,679,1
55,Male,Bengaluru,Urban,490999,757,1
34,Female,Hyderabad,Urban,632535,669,1
32,Female,Mumbai,Urban,368938,728,1
48,Female,Trivandrum,Semi-Urban,339576,625,0
64,Male,Trivandrum,Semi-Urban,672488,703,1
49,Female,Mumbai,Urban,1013723,617,0
63,Female,Bengaluru,Urban,732067,725,1
37,Female,Hyderabad,Urban,356908,657,1
60,Male,Chennai,Urban,374424,751,1
41,Male,Coimbatore,Semi-Urban,723184,753,1
43,Male,Chennai,Urban,744154,649,1
40,Male,Mumbai,Urban,610951,763,1
31,Female,Kochi,Semi-Urban,557870,650,0
54,Female,Pune,Urban,704450,713,1
30,Male,Pune,Urban,393722,678,1
30,Male,Pune,Urban,805488,658,1
63,Female,Trivandrum,Semi-Urban,670742,720,0
26,Male,Trivandrum,Semi-Urban,438710,654,0
56,Female,Trivandrum,Semi-Urban,583125,651,0
44,Female,Madurai,Semi-Urban,1294073,680,1
32,Male,Pune,Urban,541298,725,1
63,Female,Mumbai,Urban,712604,691,1
43,Male,Mumbai,Urban,766869,662,1
47,Female,Mumbai,Urban,638462,654,1
57,Female,Kochi,Semi-Urban,519606,669,0
26,Female,Coimbatore,Semi-Urban,454402,707,0
21,Male,Madurai,Semi-Urban,565070,626,0
26,Male,Mumbai,Urban,571445,646,1
42,Male,Hyderabad,Urban,855000,719,1
61,Male,Pune,Urban,920024,638,1
44,Female,Chennai,Urban,962239,651,1
45,Male,Chennai,Urban,529815,678,1
35,Female,Trivandrum,Semi-Urban,809913,639,0
46,Male,Chennai,Urban,655840,657,1
28,Male,Mumbai,Urban,384276,686,1
44,Female,Hyderabad,Urban,303185,715,1
58,Male,Chennai,Urban,535457,641,1
26,Female,Delhi,Urban,571592,638,0
55,Male,Hyderabad,Urban,421165,736,1
62,Female,Mumbai,Urban,847304,647,0
21,Male,Chennai,Urban,897554,642,1
56,Female,Trivandrum,Semi-Urban,562624,580,0
32,Male,Hyderabad,Urban,906107,735,1
58,Male,Hyderabad,Urban,685147,748,1
31,Female,Chennai,Urban,207574,679,1
32,Female,Mumbai,Urban,193745,689,1
62,Male,Mumbai,Urban,668208,680,1
59,Male,Delhi,Urban,569144,625,1
27,Male,Pune,Urban,413605,711,1
31,Male,Madurai,Semi-Urban,687335,748,1
56,Female,Delhi,Urban,1037720,679,1
51,Male,Bengaluru,Urban,614248,715,1
53,Male,Kochi,Semi-Urban,515210,636,0
33,Female,Bengaluru,Urban,459851,631,0
38,Male,Trivandrum,Semi-Urban,363066,703,1
61,Female,Mumbai,Urban,762919,756,1
44,Female,Coimbatore,Semi-Urban,514659,649,0
29,Male,Pune,Urban,572527,670,1
51,Female,Mumbai,Urban,518229,706,1
61,Male,Mumbai,Urban,920866,657,1
30,Male,Delhi,Urban,315991,704,1
22,Male,Chennai,Urban,737129,632,1
58,Male,Pune,Urban,774051,701,1
35,Male,Mumbai,Urban,452387,668,1
23,Male,Chennai,Urban,721224,600,1
63,Female,Trivandrum,Semi-Urban,566045,628,0
51,Female,Chennai,Urban,762843,696,1
26,Female,Bengaluru,Urban,406155,747,0
23,Male,Delhi,Urban,653898,614,1
31,Male,Kochi,Semi-Urban,614514,730,1
35,Male,Delhi,Urban,708422,700,1
48,Male,Kochi,Semi-Urban,123648,727,0
30,Male,Bengaluru,Urban,456287,672,1
58,Female,Mumbai,Urban,717133,711,1
27,Male,Hyderabad,Urban,950268,772,1
35,Male,Pune,Urban,809540,689,1
38,Male,Bengaluru,Urban,680758,631,1
38,Male,Hyderabad,Urban,430491,752,1
61,Male,Pune,Urban,659691,706,1
44,Male,Pune,Urban,717107,692,1
22,Female,Coimbatore,Semi-Urban,956172,769,0
60,Male,Bengaluru,Urban,422962,750,1
40,Female,Delhi,Urban,524253,703,1
54,Male,Mumbai,Urban,1002099,634,1
63,Male,Coimbatore,Semi-Urban,560274,661,1
46,Female,Bengaluru,Urban,698104,689,1
27,Male,Chennai,Urban,388144,678,1
58,Male,Mumbai,Urban,531528,656,1
50,Female,Chennai,Urban,665010,670,1
62,Male,Trivandrum,Semi-Urban,523900,732,1
25,Male,Coimbatore,Semi-Urban,636271,690,1
31,Female,Trivandrum,Semi-Urban,651093,656,1
21,Female,Mumbai,Urban,614194,712,1
54,Male,Madurai,Semi-Urban,450085,708,0
21,Male,Bengaluru,Urban,765652,678,1
39,Female,Chennai,Urban,636257,624,1
22,Male,Mumbai,Urban,466875,673,1
41,Male,Bengaluru,Urban,438922,679,1
40,Male,Bengaluru,Urban,393919,724,1
43,Female,Mumbai,Urban,840978,644,1
41,Male,Pune,Urban,457343,666,1
44,Female,Madurai,Semi-Urban,418010,756,0
24,Male,Mumbai,Urban,402196,668,1
32,Male,Bengaluru,Urban,202177,678,1
42,Female,Chennai,Urban,1040750,771,1
40,Female,Hyderabad,Urban,617786,635,1
38,Male,Chennai,Urban,422876,745,1
21,Male,Bengaluru,Urban,531191,660,1
50,Female,Kochi,Semi-Urban,348674,690,0
53,Female,Delhi,Urban,636883,694,1
44,Male,Hyderabad,Urban,569716,668,1
34,Male,Coimbatore,Semi-Urban,822719,632,1
56,Female,Coimbatore,Semi-Urban,460185,646,0
25,Female,Mumbai,Urban,672290,669,1
31,Female,Bengaluru,Urban,603710,640,1
44,Male,Madurai,Semi-Urban,428626,679,1
51,Male,Kochi,Semi-Urban,671931,642,0
33,Female,Chennai,Urban,583947,635,1
36,Male,Kochi,Semi-Urban,799110,600,1
44,Male,Mumbai,Urban,680444,764,1
33,Male,Kochi,Semi-Urban,504129,675,1
44,Male,Mumbai,Urban,777791,646,1
46,Male,Mumbai,Urban,657881,631,1
22,Female,Trivandrum,Semi-Urban,495949,652,0
36,Female,Kochi,Semi-Urban,789327,586,0
58,Male,Bengaluru,Urban,773478,649,1
21,Male,Bengaluru,Urban,419209,715,1
31,Male,Hyderabad,Urban,454470,647,1
55,Female,Mumbai,Urban,624804,710,1
63,Male,Hyderabad,Urban,529263,725,1
49,Female,Kochi,Semi-Urban,535407,712,0
57,Male,Chennai,Urban,441107,681,1
37,Male,Trivandrum,Semi-Urban,634444,738,1
59,Female,Coimbatore,Semi-Urban,644457,736,0
62,Male,Bengaluru,Urban,313623,644,0
48,Male,Kochi,Semi-Urban,522746,636,0
49,Male,Pune,Urban,487387,657,1
63,Male,Chennai,Urban,655393,664,1
23,Male,Madurai,Semi-Urban,714314,738,1
30,Male,Delhi,Urban,744687,719,1
62,Female,Delhi,Urban,525953,686,1
34,Female,Bengaluru,Urban,707047,688,1
32,Female,Trivandrum,Semi-Urban,299927,625,0
62,Male,Mumbai,Urban,866420,734,1
50,Female,Trivandrum,Semi-Urban,461051,688,0
52,Male,Coimbatore,Semi-Urban,330534,627,0
52,Male,Delhi,Urban,462216,595,0
62,Male,Chennai,Urban,889286,616,1
52,Female,Bengaluru,Urban,726996,683,1
46,Male,Chennai,Urban,958085,552,1
21,Female,Madurai,Semi-Urban,660203,621,0
62,Male,Bengaluru,Urban,871402,704,1
22,Male,Hyderabad,Urban,528362,658,1
37,Male,Hyderabad,Urban,338554,591,1
50,Female,Madurai,Semi-Urban,673183,648,0
59,Male,Mumbai,Urban,614885,675,1
27,Female,Pune,Urban,700067,726,1
47,Female,Trivandrum,Semi-Urban,766453,702,0
29,Female,Madurai,Semi-Urban,680457,700,1
42,Male,Bengaluru,Urban,581010,715,1
54,Female,Chennai,Urban,590189,596,0
21,Female,Bengaluru,Urban,696325,742,1
29,Male,Mumbai,Urban,307329,742,1
40,Female,Trivandrum,Semi-Urban,459598,649,0
39,Male,Chennai,Urban,1019772,530,1
56,Male,Bengaluru,Urban,504581,746,1
60,Male,Kochi,Semi-Urban,735512,542,0
24,Male,Chennai,Urban,521225,698,1
29,Male,Mumbai,Urban,559108,657,1
61,Male,Bengaluru,Urban,165642,649,0
42,Female,Kochi,Semi-Urban,724745,658,1
38,Female,Delhi,Urban,492608,686,1
32,Female,Kochi,Semi-Urban,193696,572,0
62,Male,Hyderabad,Urban,319137,670,1
63,Female,Hyderabad,Urban,621829,608,0
59,Male,Coimbatore,Semi-Urban,462537,654,0
29,Female,Trivandrum,Semi-Urban,437479,688,0
26,Male,Delhi,Urban,513554,723,1
39,Male,Kochi,Semi-Urban,-26706,643,0
27,Female,Bengaluru,Urban,277033,769,0
36,Male,Madurai,Semi-Urban,728042,635,1
25,Male,Trivandrum,Semi-Urban,703000,636,0
36,Female,Delhi,Urban,711987,731,1
21,Male,Madurai,Semi-Urban,721575,667,1
57,Male,Chennai,Urban,687502,689,1
59,Male,Kochi,Semi-Urban,887680,655,1
39,Male,Pune,Urban,720265,661,1
57,Male,Hyderabad,Urban,607342,697,1
37,Female,Bengaluru,Urban,908018,743,1
46,Male,Trivandrum,Semi-Urban,706962,687,1
42,Female,Bengaluru,Urban,714767,701,1
28,Male,Madurai,Semi-Urban,499761,729,1
53,Male,Bengaluru,Urban,606357,656,1
22,Female,Kochi,Semi-Urban,371926,631,0
50,Female,Hyderabad,Urban,297112,628,0
40,Female,Chennai,Urban,256359,635,0
38,Female,Madurai,Semi-Urban,555846,627,0
63,Male,Trivandrum,Semi-Urban,873683,734,1
30,Male,Hyderabad,Urban,686939,585,1
44,Female,Hyderabad,Urban,773475,709,1
24,Male,Trivandrum,Semi-Urban,426811,618,0
57,Male,Coimbatore,Semi-Urban,660469,769,1
24,Male,Trivandrum,Semi-Urban,1006587,700,1
33,Female,Kochi,Semi-Urban,759763,636,0
45,Male,Chennai,Urban,525188,652,1
33,Male,Madurai,Semi-Urban,261312,675,1
38,Male,Trivandrum,Semi-Urban,337333,711,1
44,Female,Delhi,Urban,731324,696,1
22,Male,Delhi,Urban,644168,679,1
53,Male,Delhi,Urban,959361,644,1
39,Female,Coimbatore,Semi-Urban,612938,665,1
29,Female,Trivandrum,Semi-Urban,303084,747,0
48,Female,Madurai,Semi-Urban,554472,786,0
55,Female,Mumbai,Urban,608510,735,1
59,Male,Kochi,Semi-Urban,522991,632,0
30,Male,Madurai,Semi-Urban,599361,751,1
21,Male,Chennai,Urban,674580,663,1
62,Female,Mumbai,Urban,194732,680,0
41,Male,Kochi,Semi-Urban,465754,616,0
29,Female,Madurai,Semi-Urban,852409,685,1
35,Female,Bengaluru,Urban,922505,640,1
55,Male,Chennai,Urban,344710,748,1
25,Male,Chennai,Urban,345061,807,1
61,Male,Hyderabad,Urban,752706,679,1
42,Male,Hyderabad,Urban,1005391,703,1
61,Male,Delhi,Urban,643956,664,1
43,Female,Madurai,Semi-Urban,621764,685,1
27,Male,Kochi,Semi-Urban,458256,650,0
43,Male,Chennai,Urban,802552,695,1
64,Male,Madurai,Semi-Urban,539445,700,1
45,Female,Kochi,Semi-Urban,913975,694,1
47,Female,Chennai,Urban,672128,717,1
61,Female,Hyderabad,Urban,651806,661,1
26,Female,Coimbatore,Semi-Urban,435549,814,0
54,Male,Trivandrum,Semi-Urban,442656,647,0
29,Male,Delhi,Urban,476413,646,1
53,Male,Bengaluru,Urban,581432,554,1
26,Male,Coimbatore,Semi-Urban,821044,717,1
57,Female,Hyderabad,Urban,764376,536,0
51,Male,Coimbatore,Semi-Urban,506029,662,1
54,Male,Kochi,Semi-Urban,181590,642,0
61,Female,Chennai,Urban,455023,608,0
49,Female,Chennai,Urban,630721,683,1
34,Female,Bengaluru,Urban,646328,768,1
56,Male,Chennai,Urban,966607,716,1
56,Female,Chennai,Urban,886129,641,0
35,Male,Kochi,Semi-Urban,758848,779,1
28,Male,Delhi,Urban,470108,643,1
46,Female,Delhi,Urban,656349,734,1
56,Female,Kochi,Semi-Urban,702637,593,0
41,Male,Coimbatore,Semi-Urban,863565,668,1
48,Male,Madurai,Semi-Urban,402184,620,0
24,Male,Chennai,Urban,778226,783,1
36,Male,Delhi,Urban,719128,645,1
42,Female,Bengaluru,Urban,498231,628,0
32,Male,Bengaluru,Urban,860743,703,1
36,Female,Kochi,Semi-Urban,220682,667,0
60,Female,Mumbai,Urban,1034592,787,1
58,Male,Trivandrum,Semi-Urban,863283,695,1
62,Male,Mumbai,Urban,561183,683,1
57,Male,Bengaluru,Urban,515402,716,1
49,Male,Madurai,Semi-Urban,593118,668,1
38,Male,Bengaluru,Urban,449624,691,1
30,Male,Chennai,Urban,554745,638,1
62,Female,Hyderabad,Urban,764196,648,0
59,Male,Pune,Urban,458354,634,0
38,Female,Mumbai,Urban,788046,699,1
21,Male,Mumbai,Urban,550598,646,1
59,Female,Trivandrum,Semi-Urban,818643,718,0
41,Female,Kochi,Semi-Urban,872562,636,0
21,Male,Coimbatore,Semi-Urban,400170,631,0
35,Female,Mumbai,Urban,178021,691,1
24,Female,Pune,Urban,633091,686,1
40,Female,Coimbatore,Semi-Urban,651297,722,1
30,Female,Mumbai,Urban,355364,620,0
43,Male,Hyderabad,Urban,933581,603,1
61,Male,Pune,Urban,527575,740,1
54,Male,Kochi,Semi-Urban,727920,612,0
53,Male,Kochi,Semi-Urban,453438,721,0
54,Female,Trivandrum,Semi-Urban,301401,562,0
59,Female,Delhi,Urban,833539,708,1
30,Male,Chennai,Urban,414810,679,1
40,Female,Hyderabad,Urban,757148,700,1
21,Female,Delhi,Urban,434492,718,0
33,Male,Bengaluru,Urban,556010,727,1
21,Male,Mumbai,Urban,568185,703,1
25,Male,Trivandrum,Semi-Urban,594775,721,1
36,Female,Chennai,Urban,471500,736,1
35,Female,Bengaluru,Urban,743951,743,1
48,Male,Coimbatore,Semi-Urban,788538,705,1
51,Male,Kochi,Semi-Urban,844278,632,0
43,Female,Chennai,Urban,510689,667,1
63,Female,Coimbatore,Semi-Urban,376224,675,0
37,Female,Kochi,Semi-Urban,642762,646,0
54,Female,Hyderabad,Urban,674107,622,0
33,Male,Hyderabad,Urban,675262,726,1
34,Male,Chennai,Urban,906710,695,1
31,Male,Coimbatore,Semi-Urban,622155,646,1
48,Female,Mumbai,Urban,1019702,681,1
62,Male,Delhi,Urban,775912,695,1
52,Female,Madurai,Semi-Urban,782084,622,0
55,Male,Bengaluru,Urban,617509,640,1
51,Female,Bengaluru,Urban,537694,664,1
37,Male,Chennai,Urban,477930,672,1
29,Male,Bengaluru,Urban,636623,600,1
30,Female,Kochi,Semi-Urban,775203,717,1
28,Male,Kochi,Semi-Urban,560626,681,1
41,Female,Chennai,Urban,525873,667,1
33,Male,Bengaluru,Urban,393781,644,1
25,Male,Bengaluru,Urban,702407,629,1
26,Female,Pune,Urban,386317,680,0
50,Female,Trivandrum,Semi-Urban,679593,687,0
51,Male,Delhi,Urban,656650,778,1
37,Female,Hyderabad,Urban,572217,782,1
31,Male,Mumbai,Urban,841054,653,1
40,Male,Bengaluru,Urban,918012,632,1
29,Male,Pune,Urban,178704,616,1
22,Male,Trivandrum,Semi-Urban,302590,684,0
57,Male,Kochi,Semi-Urban,716933,617,0
21,Male,Delhi,Urban,938639,611,1
24,Male,Mumbai,Urban,327662,643,0
56,Female,Chennai,Urban,684299,649,0
45,Male,Chennai,Urban,250902,642,1
23,Female,Delhi,Urban,229406,599,0
29,Female,Bengaluru,Urban,1013712,675,1
42,Male,Bengaluru,Urban,677762,674,1
43,Male,Delhi,Urban,292468,746,1
32,Male,Madurai,Semi-Urban,556820,617,1
30,Female,Madurai,Semi-Urban,443822,706,0
54,Male,Bengaluru,Urban,514589,769,1
63,Male,Bengaluru,Urban,537332,607,1
30,Female,Delhi,Urban,642229,625,1
50,Female,Coimbatore,Semi-Urban,689865,617,0
42,Male,Pune,Urban,462762,702,1
26,Male,Madurai,Semi-Urban,452577,700,0
22,Female,Kochi,Semi-Urban,680870,727,0
50,Female,Chennai,Urban,469838,683,0
22,Male,Bengaluru,Urban,468322,770,1
52,Male,Bengaluru,Urban,621126,707,1
62,Female,Kochi,Semi-Urban,606112,742,0
36,Female,Bengaluru,Urban,511158,687,1
32,Female,Trivandrum,Semi-Urban,810461,660,1
21,Male,Trivandrum,Semi-Urban,698773,671,1
28,Female,Bengaluru,Urban,1003618,748,1
33,Male,Madurai,Semi-Urban,550323,719,1
35,Male,Delhi,Urban,741059,716,1
64,Female,Madurai,Semi-Urban,891540,729,0
28,Male,Madurai,Semi-Urban,421389,693,1
30,Female,Chennai,Urban,528292,820,1
25,Male,Hyderabad,Urban,845251,668,1
39,Female,Bengaluru,Urban,734665,685,1
58,Male,Coimbatore,Semi-Urban,595426,657,1
31,Female,Mumbai,Urban,323678,704,1
63,Male,Pune,Urban,340412,592,0
40,Female,Chennai,Urban,509364,532,1
40,Female,Kochi,Semi-Urban,439437,647,0
41,Male,Pune,Urban,444113,709,1
38,Male,Kochi,Semi-Urban,233418,731,1
30,Male,Bengaluru,Urban,328693,616,1
54,Female,Delhi,Urban,423782,596,0
46,Male,Chennai,Urban,623469,643,1
50,Male,Bengaluru,Urban,531194,642,1
29,Male,Hyderabad,Urban,611691,690,1
51,Female,Chennai,Urban,602997,686,1
62,Male,Coimbatore,Semi-Urban,259883,753,0
24,Male,Hyderabad,Urban,812745,659,1
26,Female,Trivandrum,Semi-Urban,746608,613,0
34,Female,Bengaluru,Urban,608546,695,1
24,Male,Bengaluru,Urban,494113,631,0
46,Female,Bengaluru,Urban,872028,632,0
59,Female,Chennai,Urban,396841,764,0
37,Male,Hyderabad,Urban,795822,726,1
39,Male,Delhi,Urban,426275,658,1
26,Female,Pune,Urban,863270,771,1
49,Male,Hyderabad,Urban,692918,721,1
31,Male,Bengaluru,Urban,779024,699,1
36,Male,Chennai,Urban,642414,646,1
50,Female,Madurai,Semi-Urban,689392,577,0
45,Male,Trivandrum,Semi-Urban,606243,637,1
60,Female,Coimbatore,Semi-Urban,396694,655,0
31,Male,Bengaluru,Urban,818829,620,1
27,Female,Bengaluru,Urban,546812,686,1
46,Female,Bengaluru,Urban,619510,578,0
42,Male,Madurai,Semi-Urban,282675,746,1
45,Female,Chennai,Urban,564516,657,1
39,Male,Kochi,Semi-Urban,679424,716,1
51,Female,Delhi,Urban,945169,716,1
46,Male,Delhi,Urban,587025,618,1
62,Male,Chennai,Urban,531496,592,1
61,Female,Kochi,Semi-Urban,468203,647,0
56,Female,Bengaluru,Urban,473148,698,0
43,Male,Pune,Urban,957141,686,1
33,Male,Bengaluru,Urban,387056,738,1
45,Male,Bengaluru,Urban,517125,699,1
22,Female,Hyderabad,Urban,884695,703,1
22,Male,Coimbatore,Semi-Urban,830534,639,0
36,Male,Chennai,Urban,1063216,667,1
29,Male,Mumbai,Urban,814575,668,1
48,Female,Bengaluru,Urban,648996,710,1
33,Male,Bengaluru,Urban,723952,717,1
55,Male,Delhi,Urban,397669,668,1
61,Male,Chennai,Urban,579935,670,1
33,Male,Trivandrum,Semi-Urban,406921,697,1
51,Female,Coimbatore,Semi-Urban,885994,776,0
41,Female,Madurai,Semi-Urban,306273,593,0
52,Female,Bengaluru,Urban,550836,633,0
54,Male,Mumbai,Urban,390028,635,0
28,Female,Pune,Urban,801729,614,1
61,Male,Coimbatore,Semi-Urban,633991,640,0
22,Male,Bengaluru,Urban,594048,698,1
58,Female,Mumbai,Urban,363710,727,0
52,Male,Pune,Urban,885220,691,1
60,Male,Mumbai,Urban,414206,690,1
48,Female,Coimbatore,Semi-Urban,518998,634,0
57,Male,Mumbai,Urban,599146,546,1
61,Female,Bengaluru,Urban,707431,698,1
21,Female,Bengaluru,Urban,542353,746,1
61,Male,Bengaluru,Urban,887380,727,1
30,Male,Chennai,Urban,611100,675,1
24,Male,Madurai,Semi-Urban,933240,683,1
55,Male,Kochi,Semi-Urban,416013,750,0
30,Male,Trivandrum,Semi-Urban,705612,645,1
31,Female,Kochi,Semi-Urban,452209,657,0
34,Male,Hyderabad,Urban,568774,589,1
58,Male,Chennai,Urban,333534,703,1
32,Male,Pune,Urban,874961,655,1
37,Male,Delhi,Urban,874852,665,1
36,Female,Mumbai,Urban,845177,714,1
55,Male,Pune,Urban,792334,642,1
22,Female,Hyderabad,Urban,1149167,704,1
31,Male,Madurai,Semi-Urban,642306,707,1
61,Male,Madurai,Semi-Urban,937257,661,1
23,Male,Chennai,Urban,598028,721,1
49,Male,Bengaluru,Urban,722054,674,1
38,Female,Pune,Urban,764693,715,1
40,Male,Mumbai,Urban,237409,649,1
34,Female,Bengaluru,Urban,577458,709,1
54,Male,Mumbai,Urban,555633,662,1
51,Female,Kochi,Semi-Urban,595001,696,0
60,Male,Coimbatore,Semi-Urban,456423,697,0
62,Male,Pune,Urban,633059,660,1
38,Male,Madurai,Semi-Urban,671379,658,1
50,Male,Pune,Urban,399074,669,1
45,Female,Bengaluru,Urban,607506,683,1
39,Male,Trivandrum,Semi-Urban,550338,708,1
28,Male,Chennai,Urban,841097,691,1
48,Male,Chennai,Urban,715733,530,1
28,Male,Coimbatore,Semi-Urban,446139,722,1
51,Female,Mumbai,Urban,795569,700,1
23,Female,Madurai,Semi-Urban,589722,738,0
23,Female,Bengaluru,Urban,612631,722,1
64,Male,Coimbatore,Semi-Urban,415253,658,0
42,Female,Bengaluru,Urban,640443,621,1
37,Female,Chennai,Urban,788941,770,1
56,Male,Mumbai,Urban,551877,744,1
37,Male,Mumbai,Urban,916087,717,1
34,Female,Mumbai,Urban,780613,640,1
29,Male,Pune,Urban,433118,614,1
50,Female,Kochi,Semi-Urban,652286,658,0
41,Male,Hyderabad,Urban,324670,722,1
32,Male,Chennai,Urban,406745,559,1
57,Female,Mumbai,Urban,251944,643,0
52,Female,Mumbai,Urban,278788,813,0
31,Male,Delhi,Urban,540738,662,1
40,Female,Chennai,Urban,562032,681,1
55,Male,Trivandrum,Semi-Urban,645439,678,1
31,Female,Bengaluru,Urban,420705,766,1
28,Female,Delhi,Urban,766749,663,1
24,Female,Kochi,Semi-Urban,557255,590,0
47,Male,Chennai,Urban,662043,731,1
64,Male,Coimbatore,Semi-Urban,-44376,626,0
60,Female,Kochi,Semi-Urban,600603,605,0
58,Male,Kochi,Semi-Urban,757430,756,1
50,Male,Mumbai,Urban,144730,717,1
64,Female,Madurai,Semi-Urban,606594,661,0
47,Male,Trivandrum,Semi-Urban,442178,737,0
41,Male,Hyderabad,Urban,908125,728,1
40,Male,Chennai,Urban,342567,645,1
24,Male,Bengaluru,Urban,1032224,689,1
31,Male,Chennai,Urban,858454,674,1
33,Female,Pune,Urban,622717,646,1
29,Male,Mumbai,Urban,312884,682,1
24,Male,Madurai,Semi-Urban,508238,718,1
32,Female,Chennai,Urban,737239,633,1
29,Female,Mumbai,Urban,622058,721,1
33,Female,Pune,Urban,380301,587,0
46,Male,Bengaluru,Urban,821504,690,1
58,Female,Delhi,Urban,580792,643,0
62,Male,Madurai,Semi-Urban,656541,758,1
33,Male,Pune,Urban,798958,599,1
59,Male,Coimbatore,Semi-Urban,776449,668,1
48,Male,Madurai,Semi-Urban,816002,638,0
39,Male,Kochi,Semi-Urban,739724,651,1
44,Female,Chennai,Urban,466071,623,0
39,Male,Trivandrum,Semi-Urban,591539,688,1
33,Female,Pune,Urban,869913,691,1
33,Male,Delhi,Urban,330214,593,1
48,Male,Chennai,Urban,374396,711,1
22,Male,Delhi,Urban,708245,600,1
30,Female,Trivandrum,Semi-Urban,581954,681,1
42,Female,Chennai,Urban,264916,768,1
33,Female,Trivandrum,Semi-Urban,739792,636,0
29,Female,Delhi,Urban,690584,665,1
53,Female,Kochi,Semi-Urban,1126871,640,0
34,Female,Hyderabad,Urban,638752,646,1
40,Female,Chennai,Urban,1024006,695,1
35,Male,Kochi,Semi-Urban,796722,760,1
52,Male,Delhi,Urban,223611,678,1
53,Male,Hyderabad,Urban,606117,739,1
37,Male,Hyderabad,Urban,587153,643,1
44,Male,Hyderabad,Urban,582189,735,1
50,Male,Mumbai,Urban,427149,763,1
33,Male,Pune,Urban,760379,740,1
36,Male,Trivandrum,Semi-Urban,531160,716,1
22,Female,Madurai,Semi-Urban,835175,711,0
37,Male,Mumbai,Urban,805788,642,1
52,Male,Delhi,Urban,552238,606,1
63,Female,Chennai,Urban,478683,713,0
28,Male,Trivandrum,Semi-Urban,488325,640,0
23,Male,Mumbai,Urban,605390,644,1
32,Male,Trivandrum,Semi-Urban,664440,605,1
40,Male,Mumbai,Urban,510377,651,1
36,Male,Bengaluru,Urban,517005,734,1
34,Male,Chennai,Urban,657042,727,1
36,Male,Coimbatore,Semi-Urban,806621,614,1
63,Female,Chennai,Urban,648651,631,0
53,Male,Chennai,Urban,594423,589,1
50,Female,Pune,Urban,647427,698,1
32,Male,Kochi,Semi-Urban,240820,689,1
35,Male,Bengaluru,Urban,553643,693,1
38,Female,Bengaluru,Urban,348668,657,1
48,Male,Hyderabad,Urban,490955,712,1
43,Female,Delhi,Urban,417025,665,1
34,Male,Trivandrum,Semi-Urban,414310,727,1
50,Female,Hyderabad,Urban,402985,625,0
53,Male,Madurai,Semi-Urban,1065067,723,1
35,Male,Bengaluru,Urban,588706,701,1
27,Female,Chennai,Urban,840880,712,1
35,Female,Pune,Urban,752130,663,1
62,Male,Bengaluru,Urban,737691,767,1
58,Female,Madurai,Semi-Urban,708756,644,0
64,Male,Trivandrum,Semi-Urban,1017193,794,1
31,Male,Bengaluru,Urban,685504,702,1
49,Male,Mumbai,Urban,243915,737,1
51,Female,Delhi,Urban,565160,752,1
45,Female,Pune,Urban,390742,718,1
44,Male,Mumbai,Urban,319999,773,1
39,Male,Mumbai,Urban,686329,727,1
22,Female,Bengaluru,Urban,185138,716,0
42,Male,Kochi,Semi-Urban,621729,703,1
40,Male,Chennai,Urban,270491,699,1
53,Male,Bengaluru,Urban,564912,735,1
28,Male,Pune,Urban,755310,638,1
45,Male,Chennai,Urban,469399,672,1
29,Male,Bengaluru,Urban,363473,705,1
54,Female,Trivandrum,Semi-Urban,531885,643,0
43,Female,Coimbatore,Semi-Urban,723858,728,1
25,Male,Bengaluru,Urban,660684,669,1
45,Male,Bengaluru,Urban,585669,616,1
28,Male,Bengaluru,Urban,432670,649,1
36,Male,Bengaluru,Urban,518609,728,1
35,Female,Kochi,Semi-Urban,737935,627,0
21,Female,Delhi,Urban,573255,631,0
42,Female,Kochi,Semi-Urban,648406,705,1
23,Female,Mumbai,Urban,527966,614,0
58,Male,Coimbatore,Semi-Urban,373970,708,0
34,Male,Delhi,Urban,1000516,577,1
56,Female,Madurai,Semi-Urban,756831,703,0
38,Female,Mumbai,Urban,655460,675,1
61,Male,Coimbatore,Semi-Urban,567121,761,1
38,Male,Mumbai,Urban,884337,582,1
23,Female,Mumbai,Urban,440700,647,0
30,Male,Coimbatore,Semi-Urban,733962,705,1
59,Female,Bengaluru,Urban,607559,677,1
21,Female,Delhi,Urban,547497,655,1
47,Male,Trivandrum,Semi-Urban,544508,591,0
47,Female,Trivandrum,Semi-Urban,861166,701,0
31,Female,Delhi,Urban,225749,793,1
25,Female,Mumbai,Urban,933034,643,0
27,Male,Chennai,Urban,804762,683,1
39,Male,Madurai,Semi-Urban,607478,697,1
49,Male,Hyderabad,Urban,552582,660,1
35,Male,Coimbatore,Semi-Urban,597895,677,1
55,Male,Bengaluru,Urban,696923,628,1
57,Male,Chennai,Urban,846882,610,1
32,Female,Hyderabad,Urban,696779,755,1
50,Male,Kochi,Semi-Urban,655592,673,1
40,Male,Hyderabad,Urban,605293,707,1
57,Male,Bengaluru,Urban,231358,701,1
23,Female,Chennai,Urban,267997,632,0
29,Female,Chennai,Urban,820070,614,1
61,Male,Chennai,Urban,694470,649,1
59,Female,Chennai,Urban,765478,691,1
46,Male,Trivandrum,Semi-Urban,761803,638,0
22,Male,Mumbai,Urban,722614,656,1
43,Female,Mumbai,Urban,773764,579,1
43,Female,Pune,Urban,428871,678,1
41,Male,Mumbai,Urban,713264,683,1
36,Female,Pune,Urban,690575,679,1
29,Female,Hyderabad,Urban,864600,629,1
33,Male,Mumbai,Urban,-123908,630,1
48,Male,Mumbai,Urban,1077980,625,1
47,Male,Delhi,Urban,769500,658,1
37,Male,Delhi,Urban,651248,644,1
58,Male,Chennai,Urban,409465,750,1
56,Female,Coimbatore,Semi-Urban,541667,770,0
21,Male,Mumbai,Urban,669373,725,1
38,Female,Bengaluru,Urban,934082,684,1
29,Male,Delhi,Urban,905136,664,1
33,Male,Coimbatore,Semi-Urban,723740,637,1
60,Male,Chennai,Urban,746141,683,1
35,Male,Bengaluru,Urban,639769,671,1
63,Male,Coimbatore,Semi-Urban,396817,628,0
64,Female,Pune,Urban,443461,640,0
24,Female,Bengaluru,Urban,792920,582,0
53,Male,Pune,Urban,741336,629,1
44,Female,Hyderabad,Urban,476729,699,1
56,Male,Pune,Urban,448739,731,1
61,Male,Kochi,Semi-Urban,729390,706,1
30,Male,Madurai,Semi-Urban,539787,654,1
56,Female,Coimbatore,Semi-Urban,441976,596,0
40,Male,Bengaluru,Urban,668387,620,1
61,Male,Bengaluru,Urban,735252,702,1
64,Male,Delhi,Urban,379506,700,1
31,Female,Bengaluru,Urban,532271,647,1
32,Female,Mumbai,Urban,746249,659,1
38,Female,Pune,Urban,914893,776,1
50,Female,Hyderabad,Urban,658450,591,0
64,Male,Mumbai,Urban,498096,680,1
57,Female,Hyderabad,Urban,434043,619,0
40,Female,Kochi,Semi-Urban,599605,622,0
45,Male,Chennai,Urban,592345,700,1
32,Male,Chennai,Urban,168327,764,1
41,Male,Madurai,Semi-Urban,260735,710,1
45,Male,Coimbatore,Semi-Urban,143225,758,1
31,Female,Coimbatore,Semi-Urban,602937,583,0
29,Male,Coimbatore,Semi-Urban,810469,704,1
45,Male,Mumbai,Urban,782277,725,1
55,Female,Trivandrum,Semi-Urban,344087,667,0
52,Male,Hyderabad,Urban,416634,721,1
34,Male,Bengaluru,Urban,339609,808,1
21,Female,Mumbai,Urban,617791,687,1
37,Male,Chennai,Urban,785039,660,1
45,Female,Mumbai,Urban,827505,736,1
28,Male,Hyderabad,Urban,464062,735,1
25,Male,Delhi,Urban,622069,666,1
25,Male,Hyderabad,Urban,451163,652,1
61,Male,Trivandrum,Semi-Urban,604609,735,1
55,Female,Delhi,Urban,473138,658,0
39,Female,Madurai,Semi-Urban,488068,677,0
43,Female,Bengaluru,Urban,335561,695,1
29,Male,Kochi,Semi-Urban,-1242,670,1
50,Female,Kochi,Semi-Urban,523624,681,0
36,Female,Pune,Urban,667753,638,1
53,Male,Hyderabad,Urban,640809,708,1
22,Female,Hyderabad,Urban,300652,659,0
34,Male,Chennai,Urban,148729,756,1
21,Male,Chennai,Urban,584047,685,1
46,Female,Mumbai,Urban,368080,731,0
45,Female,Coimbatore,Semi-Urban,509926,711,1
36,Male,Hyderabad,Urban,366196,736,1
35,Male,Chennai,Urban,288801,657,1
46,Female,Hyderabad,Urban,834091,620,0
64,Female,Bengaluru,Urban,691982,635,0
36,Male,Pune,Urban,595031,631,1
34,Male,Madurai,Semi-Urban,777718,639,1
49,Male,Hyderabad,Urban,603495,621,1
44,Female,Chennai,Urban,524307,674,1
35,Male,Madurai,Semi-Urban,931599,717,1
39,Male,Bengaluru,Urban,944616,615,1
28,Male,Delhi,Urban,398165,646,1
54,Female,Madurai,Semi-Urban,654544,731,0
22,Female,Mumbai,Urban,628738,602,0
47,Female,Bengaluru,Urban,772570,679,1
30,Male,Chennai,Urban,388194,709,1
55,Male,Pune,Urban,855192,784,1
43,Female,Bengaluru,Urban,415047,561,0
28,Female,Mumbai,Urban,573036,614,1
48,Female,Coimbatore,Semi-Urban,372714,694,0
43,Female,Coimbatore,Semi-Urban,493005,661,0
24,Female,Mumbai,Urban,393034,542,0
34,Female,Chennai,Urban,409003,657,1
62,Female,Delhi,Urban,754451,634,0
49,Female,Chennai,Urban,591242,597,0
21,Male,Chennai,Urban,998830,660,1
24,Male,Coimbatore,Semi-Urban,556351,613,0
52,Female,Chennai,Urban,442840,636,0
53,Male,Bengaluru,Urban,495146,744,1
46,Female,Hyderabad,Urban,569123,773,1
37,Male,Mumbai,Urban,662386,634,1
59,Male,Trivandrum,Semi-Urban,519932,685,1
43,Male,Coimbatore,Semi-Urban,342300,711,1
52,Male,Kochi,Semi-Urban,786737,637,0
35,Male,Kochi,Semi-Urban,843777,631,1
33,Male,Kochi,Semi-Urban,514835,711,1
22,Female,Hyderabad,Urban,897187,668,1
39,Male,Hyderabad,Urban,499040,669,1
44,Male,Kochi,Semi-Urban,808511,621,1
44,Male,Bengaluru,Urban,410054,628,1
31,Female,Hyderabad,Urban,1074685,683,1
42,Female,Mumbai,Urban,248310,658,1
35,Female,Delhi,Urban,379945,684,1
30,Male,Mumbai,Urban,1039586,727,1
61,Male,Trivandrum,Semi-Urban,257677,687,0
47,Female,Mumbai,Urban,550520,647,0
29,Female,Madurai,Semi-Urban,494318,725,0
48,Male,Hyderabad,Urban,606218,678,1
21,Male,Delhi,Urban,650972,745,1
37,Male,Bengaluru,Urban,552247,644,1
51,Male,Hyderabad,Urban,748132,674,1
64,Female,Madurai,Semi-Urban,882384,662,0
30,Male,Hyderabad,Urban,483799,685,1
57,Male,Chennai,Urban,242508,691,1
49,Male,Delhi,Urban,465113,679,1
38,Female,Bengaluru,Urban,659972,720,1
58,Female,Delhi,Urban,632410,700,1
59,Female,Hyderabad,Urban,776403,802,1
26,Male,Hyderabad,Urban,972656,810,1
60,Female,Coimbatore,Semi-Urban,642331,644,0
32,Male,Kochi,Semi-Urban,518681,653,1
34,Male,Mumbai,Urban,454610,615,1
64,Male,Delhi,Urban,562682,760,1
30,Male,Trivandrum,Semi-Urban,770254,657,1
40,Male,Trivandrum,Semi-Urban,479249,692,1
35,Female,Chennai,Urban,719297,619,1
51,Male,Hyderabad,Urban,383091,686,1
27,Male,Hyderabad,Urban,596276,591,1
61,Male,Chennai,Urban,290165,739,1
30,Male,Bengaluru,Urban,486474,771,1
30,Male,Chennai,Urban,895593,714,1
59,Male,Coimbatore,Semi-Urban,652108,632,0
48,Male,Delhi,Urban,573333,707,1
50,Male,Hyderabad,Urban,654080,689,1
57,Male,Delhi,Urban,702881,749,1
23,Male,Trivandrum,Semi-Urban,664871,722,1
63,Male,Hyderabad,Urban,645690,626,1
35,Male,Mumbai,Urban,400532,738,1
41,Male,Bengaluru,Urban,304220,675,1
57,Female,Delhi,Urban,745341,745,1
32,Male,Hyderabad,Urban,338264,601,1
24,Male,Mumbai,Urban,673060,706,1
29,Female,Mumbai,Urban,801554,665,1
59,Female,Kochi,Semi-Urban,393858,684,0
62,Female,Delhi,Urban,468733,646,0
48,Female,Mumbai,Urban,569285,705,1
43,Male,Bengaluru,Urban,422579,633,1
60,Male,Kochi,Semi-Urban,419401,601,0
64,Female,Madurai,Semi-Urban,493349,642,0
42,Female,Trivandrum,Semi-Urban,445829,643,0
44,Female,Pune,Urban,697255,664,1
46,Female,Bengaluru,Urban,615648,715,1
50,Male,Chennai,Urban,310676,633,0
53,Male,Delhi,Urban,945622,719,1
36,Female,Chennai,Urban,540320,708,1
42,Female,Bengaluru,Urban,586155,730,1
63,Female,Mumbai,Urban,495329,661,0
38,Female,Hyderabad,Urban,597793,757,1
27,Male,Chennai,Urban,418687,665,1
46,Male,Pune,Urban,329301,724,1
28,Female,Chennai,Urban,533552,763,1
26,Male,Bengaluru,Urban,886891,740,1
50,Male,Bengaluru,Urban,712630,674,1
59,Male,Coimbatore,Semi-Urban,843647,624,0
43,Male,Trivandrum,Semi-Urban,484982,632,0
52,Male,Bengaluru,Urban,436702,630,0
42,Female,Chennai,Urban,496961,645,0
62,Male,Trivandrum,Semi-Urban,702750,678,1
63,Male,Hyderabad,Urban,804035,712,1
29,Female,Pune,Urban,544706,718,1
51,Male,Delhi,Urban,319102,728,1
27,Female,Chennai,Urban,794823,725,1
29,Male,Madurai,Semi-Urban,821975,673,1
33,Female,Hyderabad,Urban,702280,712,1
23,Male,Hyderabad,Urban,885754,666,1
55,Male,Hyderabad,Urban,216823,695,1
53,Female,Trivandrum,Semi-Urban,415311,668,0
41,Female,Chennai,Urban,604132,678,1
51,Male,Hyderabad,Urban,388455,662,1
54,Female,Bengaluru,Urban,783478,591,0
52,Male,Coimbatore,Semi-Urban,364773,666,0
55,Female,Hyderabad,Urban,868913,710,1
35,Male,Chennai,Urban,430207,727,1
52,Male,Delhi,Urban,879953,704,1
26,Male,Trivandrum,Semi-Urban,435149,632,0
41,Male,Coimbatore,Semi-Urban,127473,654,1
53,Male,Hyderabad,Urban,628234,599,1
52,Male,Coimbatore,Semi-Urban,736216,713,1
39,Male,Mumbai,Urban,392429,635,1
53,Male,Bengaluru,Urban,917014,698,1
48,Male,Coimbatore,Semi-Urban,873719,702,1
51,Female,Delhi,Urban,564648,635,0
41,Male,Delhi,Urban,663694,693,1
54,Female,Pune,Urban,603112,770,1
35,Female,Delhi,Urban,731130,662,1
34,Female,Bengaluru,Urban,770264,734,1
39,Female,Madurai,Semi-Urban,268704,693,0
63,Male,Hyderabad,Urban,935392,695,1
35,Male,Mumbai,Urban,837418,675,1
26,Male,Chennai,Urban,390773,726,1
29,Male,Hyderabad,Urban,890418,672,1
57,Female,Kochi,Semi-Urban,982190,710,0
40,Male,Mumbai,Urban,257016,726,1
54,Male,Kochi,Semi-Urban,737470,730,1
58,Female,Coimbatore,Semi-Urban,783779,708,0
46,Male,Hyderabad,Urban,672979,717,1
38,Male,Delhi,Urban,834071,681,1
48,Male,Coimbatore,Semi-Urban,639900,658,1
29,Female,Trivandrum,Semi-Urban,698944,696,1
52,Female,Delhi,Urban,219980,696,0
26,Male,Hyderabad,Urban,468636,696,1
34,Male,Mumbai,Urban,853075,735,1
48,Male,Mumbai,Urban,460778,681,1
44,Male,Hyderabad,Urban,588694,612,1
33,Female,Trivandrum,Semi-Urban,374152,578,0
63,Male,Bengaluru,Urban,467184,689,1
32,Male,Pune,Urban,667674,731,1
39,Female,Coimbatore,Semi-Urban,572251,669,1
41,Female,Hyderabad,Urban,236359,773,1
47,Female,Bengaluru,Urban,448818,688,0
39,Male,Trivandrum,Semi-Urban,878676,800,1
44,Male,Trivandrum,Semi-Urban,813939,675,1
46,Male,Pune,Urban,606398,759,1
48,Female,Chennai,Urban,667211,659,1
38,Male,Bengaluru,Urban,470705,733,1
64,Female,Madurai,Semi-Urban,877125,709,0
56,Female,Chennai,Urban,547466,697,1
62,Male,Trivandrum,Semi-Urban,353696,697,0
49,Male,Bengaluru,Urban,259621,751,1
37,Female,Trivandrum,Semi-Urban,251742,672,0
24,Female,Bengaluru,Urban,441454,686,0
64,Female,Trivandrum,Semi-Urban,929404,817,0
49,Male,Delhi,Urban,1134701,708,1
24,Male,Pune,Urban,813732,742,1
30,Female,Bengaluru,Urban,251371,668,1
45,Female,Hyderabad,Urban,376990,654,1
51,Male,Bengaluru,Urban,378064,719,1
23,Male,Madurai,Semi-Urban,542766,691,1
22,Female,Delhi,Urban,431778,670,0
45,Male,Delhi,Urban,724577,596,1
26,Female,Bengaluru,Urban,542905,591,0
46,Male,Mumbai,Urban,774958,583,1
28,Female,Mumbai,Urban,719058,697,1
55,Female,Hyderabad,Urban,862144,627,0
47,Male,Coimbatore,Semi-Urban,454020,593,0
45,Female,Bengaluru,Urban,790686,636,1
38,Female,Kochi,Semi-Urban,449264,584,0
21,Female,Coimbatore,Semi-Urban,589018,649,0
59,Male,Madurai,Semi-Urban,433027,647,0
23,Female,Trivandrum,Semi-Urban,670846,705,0
24,Female,Hyderabad,Urban,865001,688,1
61,Male,Delhi,Urban,834072,655,1
57,Female,Bengaluru,Urban,671900,713,1
35,Male,Bengaluru,Urban,571895,617,1
28,Male,Kochi,Semi-Urban,596422,656,1
58,Male,Madurai,Semi-Urban,905517,640,0
39,Male,Bengaluru,Urban,431680,677,1
46,Female,Bengaluru,Urban,693230,576,0
59,Female,Delhi,Urban,824941,794,1
30,Male,Chennai,Urban,598193,697,1
58,Female,Kochi,Semi-Urban,785341,699,0
34,Male,Chennai,Urban,1043451,578,1
61,Male,Bengaluru,Urban,581514,691,1
39,Male,Delhi,Urban,549059,668,1
50,Male,Madurai,Semi-Urban,644205,735,1
25,Male,Kochi,Semi-Urban,698059,665,1
51,Female,Coimbatore,Semi-Urban,866616,662,0
27,Male,Chennai,Urban,851605,677,1
39,Male,Madurai,Semi-Urban,665884,749,1
51,Male,Hyderabad,Urban,206515,601,0
59,Male,Madurai,Semi-Urban,310097,592,0
44,Female,Mumbai,Urban,793939,567,1
54,Male,Chennai,Urban,474093,734,1
43,Female,Chennai,Urban,808627,728,1
60,Male,Delhi,Urban,764953,619,1
26,Female,Bengaluru,Urban,562975,608,0
58,Male,Pune,Urban,435006,727,1
61,Female,Hyderabad,Urban,566116,607,0
56,Male,Hyderabad,Urban,640521,665,1
47,Male,Chennai,Urban,323390,652,1
31,Female,Bengaluru,Urban,785718,842,1
25,Female,Trivandrum,Semi-Urban,740312,671,0
37,Male,Delhi,Urban,637418,743,1
27,Female,Coimbatore,Semi-Urban,638147,703,0
47,Female,Bengaluru,Urban,884423,656,1
35,Male,Pune,Urban,453536,651,1
33,Male,Hyderabad,Urban,528723,683,1
31,Male,Madurai,Semi-Urban,612492,684,1
46,Male,Bengaluru,Urban,484028,654,1
42,Female,Trivandrum,Semi-Urban,574477,707,1
48,Male,Delhi,Urban,284898,681,1
44,Male,Hyderabad,Urban,523856,645,1
49,Female,Bengaluru,Urban,575903,661,1
29,Male,Delhi,Urban,450266,705,1
62,Female,Bengaluru,Urban,858839,627,0
24,Female,Mumbai,Urban,687428,627,0
38,Female,Delhi,Urban,578102,616,1
63,Female,Trivandrum,Semi-Urban,480439,661,0
36,Male,Pune,Urban,292064,667,1
53,Male,Chennai,Urban,463516,624,0
49,Male,Hyderabad,Urban,613268,679,1
59,Male,Hyderabad,Urban,585674,680,1
30,Female,Trivandrum,Semi-Urban,450002,726,0
29,Male,Pune,Urban,934302,724,1
51,Female,Pune,Urban,819230,579,0
48,Female,Pune,Urban,512419,694,1
23,Male,Madurai,Semi-Urban,716948,581,0
34,Male,Pune,Urban,859296,708,1
45,Male,Hyderabad,Urban,669540,707,1
35,Female,Pune,Urban,566804,629,1
22,Female,Trivandrum,Semi-Urban,237346,696,0
44,Male,Chennai,Urban,586558,628,1
34,Male,Bengaluru,Urban,448556,673,1
27,Male,Chennai,Urban,481172,683,1
56,Female,Coimbatore,Semi-Urban,535951,666,0
44,Male,Kochi,Semi-Urban,555879,717,1
47,Male,Chennai,Urban,524647,640,1
57,Female,Trivandrum,Semi-Urban,333160,705,0
58,Female,Bengaluru,Urban,250229,618,0
50,Female,Coimbatore,Semi-Urban,764708,574,0
47,Male,Coimbatore,Semi-Urban,939779,594,0
59,Female,Pune,Urban,620865,630,0
35,Male,Chennai,Urban,380959,712,1
46,Male,Madurai,Semi-Urban,797994,707,1
21,Male,Hyderabad,Urban,1014208,668,1
24,Male,Mumbai,Urban,842700,575,1
49,Male,Mumbai,Urban,869110,771,1
21,Female,Kochi,Semi-Urban,366437,603,0
63,Male,Pune,Urban,487229,697,1
42,Female,Delhi,Urban,841401,659,1
31,Male,Pune,Urban,358493,700,1
30,Male,Chennai,Urban,489273,746,1
37,Female,Mumbai,Urban,637810,689,1
56,Female,Mumbai,Urban,707612,715,1
46,Male,Hyderabad,Urban,544990,833,1
41,Female,Pune,Urban,602060,730,1
33,Male,Trivandrum,Semi-Urban,633042,598,1
29,Female,Mumbai,Urban,554598,542,1
31,Male,Trivandrum,Semi-Urban,499527,706,1
31,Female,Mumbai,Urban,575626,656,1
26,Male,Bengaluru,Urban,491741,719,1
21,Female,Delhi,Urban,778585,552,0
26,Female,Kochi,Semi-Urban,661121,738,0
33,Male,Pune,Urban,585349,674,1
42,Female,Bengaluru,Urban,552268,784,1
51,Male,Delhi,Urban,808619,679,1
42,Male,Bengaluru,Urban,526444,706,1
57,Female,Bengaluru,Urban,745017,661,1
47,Male,Kochi,Semi-Urban,837021,657,1
34,Male,Chennai,Urban,698472,694,1
25,Male,Trivandrum,Semi-Urban,277468,664,0
56,Female,Delhi,Urban,515249,650,0
52,Male,Chennai,Urban,429109,698,1
54,Male,Mumbai,Urban,360838,651,1
27,Female,Bengaluru,Urban,818287,700,1
62,Female,Madurai,Semi-Urban,675701,601,0
30,Female,Bengaluru,Urban,87049,680,1
37,Female,Bengaluru,Urban,597757,670,1
50,Female,Kochi,Semi-Urban,467331,567,0
41,Male,Pune,Urban,785346,618,1
33,Male,Madurai,Semi-Urban,467839,551,0
21,Female,Chennai,Urban,663377,685,1
21,Female,Chennai,Urban,661151,640,0
53,Female,Kochi,Semi-Urban,435819,663,0
58,Male,Coimbatore,Semi-Urban,398545,746,0
45,Male,Hyderabad,Urban,1005439,679,1
46,Female,Mumbai,Urban,678369,694,1
33,Female,Bengaluru,Urban,610072,655,1
48,Female,Chennai,Urban,841985,643,0
53,Male,Delhi,Urban,951484,608,1
57,Male,Bengaluru,Urban,900218,716,1
61,Female,Chennai,Urban,325050,757,0
50,Female,Chennai,Urban,606523,738,1
28,Male,Mumbai,Urban,544577,620,1
21,Male,Bengaluru,Urban,979058,742,1
32,Female,Mumbai,Urban,742461,671,1
25,Female,Pune,Urban,340994,753,0
44,Male,Bengaluru,Urban,231716,699,1
26,Male,Kochi,Semi-Urban,924326,695,1
45,Male,Coimbatore,Semi-Urban,597524,697,1
21,Male,Hyderabad,Urban,592454,595,1
45,Female,Bengaluru,Urban,531237,616,1
21,Male,Bengaluru,Urban,433790,648,0
52,Female,Kochi,Semi-Urban,607853,661,0
62,Female,Delhi,Urban,761353,685,1
62,Male,Chennai,Urban,594380,656,1
23,Male,Coimbatore,Semi-Urban,809487,654,1
39,Male,Trivandrum,Semi-Urban,737560,741,1
63,Male,Hyderabad,Urban,780547,747,1
49,Male,Trivandrum,Semi-Urban,636629,710,1
22,Female,Chennai,Urban,567272,643,0
29,Female,Kochi,Semi-Urban,369846,700,0
37,Female,Bengaluru,Urban,797063,744,1
56,Female,Trivandrum,Semi-Urban,651199,667,0
37,Female,Chennai,Urban,549046,747,1
32,Female,Delhi,Urban,372772,776,1
40,Male,Chennai,Urban,853603,728,1
23,Female,Trivandrum,Semi-Urban,597247,710,0
63,Male,Bengaluru,Urban,976539,697,1
24,Male,Chennai,Urban,185727,711,1
37,Male,Chennai,Urban,662572,700,1
57,Female,Bengaluru,Urban,328569,618,0
62,Female,Trivandrum,Semi-Urban,453517,746,0
35,Female,Pune,Urban,544652,684,1
53,Female,Coimbatore,Semi-Urban,724856,801,0
36,Male,Madurai,Semi-Urban,654408,818,1
31,Female,Bengaluru,Urban,490382,667,1
40,Female,Bengaluru,Urban,466233,690,1
58,Female,Delhi,Urban,256899,658,0
44,Male,Pune,Urban,477624,632,1
36,Male,Kochi,Semi-Urban,451200,677,1
50,Female,Hyderabad,Urban,838151,681,1
54,Male,Bengaluru,Urban,520416,614,1
21,Female,Chennai,Urban,522087,624,0
44,Male,Hyderabad,Urban,641966,531,1
44,Female,Trivandrum,Semi-Urban,873342,621,0
29,Male,Bengaluru,Urban,869260,722,1
42,Female,Madurai,Semi-Urban,1078231,752,1
32,Male,Pune,Urban,319915,581,1
37,Female,Madurai,Semi-Urban,632768,612,0
45,Male,Madurai,Semi-Urban,579173,741,1
48,Female,Bengaluru,Urban,235319,637,0
35,Female,Pune,Urban,366607,656,1
50,Male,Hyderabad,Urban,782013,645,1
47,Female,Madurai,Semi-Urban,705339,725,0
42,Male,Chennai,Urban,703827,763,1
30,Male,Mumbai,Urban,689491,683,1
51,Male,Bengaluru,Urban,263097,658,1
47,Female,Bengaluru,Urban,380408,668,0
32,Male,Pune,Urban,492745,724,1
51,Male,Coimbatore,Semi-Urban,765933,706,1
52,Female,Delhi,Urban,626343,667,1
52,Female,Delhi,Urban,780837,677,1
61,Male,Trivandrum,Semi-Urban,991174,644,0
55,Female,Hyderabad,Urban,282206,646,0
41,Female,Trivandrum,Semi-Urban,576124,610,0
30,Male,Mumbai,Urban,577010,737,1
36,Female,Kochi,Semi-Urban,434250,566,0
27,Male,Pune,Urban,688023,693,1
24,Female,Mumbai,Urban,1171104,678,1
47,Male,Mumbai,Urban,410386,675,1
45,Female,Madurai,Semi-Urban,720437,649,0
51,Male,Madurai,Semi-Urban,390929,665,0
31,Female,Pune,Urban,238979,767,1
40,Male,Delhi,Urban,477267,683,1
56,Male,Hyderabad,Urban,654583,688,1
37,Male,Chennai,Urban,679831,689,1
31,Female,Bengaluru,Urban,955490,644,1
50,Male,Trivandrum,Semi-Urban,655714,651,1
55,Male,Chennai,Urban,602723,706,1
61,Male,Delhi,Urban,766583,637,1
58,Female,Madurai,Semi-Urban,649631,675,0
42,Male,Pune,Urban,595250,738,1
63,Female,Bengaluru,Urban,563931,646,0
47,Male,Hyderabad,Urban,727207,674,1
57,Male,Coimbatore,Semi-Urban,705661,666,1
55,Male,Delhi,Urban,547143,705,1
24,Female,Coimbatore,Semi-Urban,888281,687,0
36,Male,Madurai,Semi-Urban,768463,645,1
36,Male,Mumbai,Urban,792478,653,1
41,Male,Hyderabad,Urban,417336,647,1
46,Female,Mumbai,Urban,497342,643,0
56,Male,Kochi,Semi-Urban,903312,592,0
39,Female,Hyderabad,Urban,807965,689,1
37,Male,Coimbatore,Semi-Urban,317062,646,0
46,Male,Madurai,Semi-Urban,667050,704,1
42,Male,Hyderabad,Urban,791578,684,1
48,Female,Pune,Urban,394784,661,0
21,Female,Kochi,Semi-Urban,802136,657,0
64,Male,Madurai,Semi-Urban,610279,613,0
56,Female,Bengaluru,Urban,901127,686,1
63,Male,Chennai,Urban,574490,675,1
57,Female,Hyderabad,Urban,310930,648,0
22,Male,Hyderabad,Urban,705692,580,1
37,Male,Chennai,Urban,375254,669,1
60,Female,Madurai,Semi-Urban,485487,673,0
58,Female,Mumbai,Urban,236593,735,0
41,Male,Pune,Urban,438397,681,1
29,Male,Delhi,Urban,868723,739,1
33,Male,Bengaluru,Urban,629454,648,1
31,Female,Delhi,Urban,553518,666,1
36,Male,Pune,Urban,424694,629,1
36,Female,Delhi,Urban,641476,666,1
22,Male,Bengaluru,Urban,555767,721,1
62,Male,Pune,Urban,1077872,722,1
64,Male,Chennai,Urban,604480,691,1
28,Male,Kochi,Semi-Urban,690726,612,1
63,Male,Delhi,Urban,473006,609,0
62,Male,Hyderabad,Urban,596558,667,1
33,Female,Hyderabad,Urban,692535,646,1
37,Male,Pune,Urban,415539,713,1
59,Female,Madurai,Semi-Urban,718663,703,0
44,Male,Delhi,Urban,625927,697,1
23,Female,Chennai,Urban,144770,651,0
50,Female,Bengaluru,Urban,764788,687,1
33,Female,Chennai,Urban,697630,696,1
39,Female,Delhi,Urban,647617,662,1
27,Male,Hyderabad,Urban,473077,668,1
29,Female,Bengaluru,Urban,1093049,695,1
39,Female,Mumbai,Urban,482379,625,0
60,Male,Trivandrum,Semi-Urban,2019,651,0
42,Male,Madurai,Semi-Urban,703468,647,1
38,Male,Delhi,Urban,572893,729,1
43,Male,Trivandrum,Semi-Urban,311448,653,1
22,Male,Hyderabad,Urban,549423,681,1
31,Male,Mumbai,Urban,586566,712,1
51,Male,Trivandrum,Semi-Urban,448863,642,0
53,Female,Trivandrum,Semi-Urban,622106,723,0
34,Male,Mumbai,Urban,671109,728,1
36,Female,Delhi,Urban,590751,573,1
31,Male,Pune,Urban,415481,697,1
53,Male,Kochi,Semi-Urban,693731,731,1
27,Male,Kochi,Semi-Urban,276375,660,0
51,Male,Coimbatore,Semi-Urban,681282,707,1
34,Male,Bengaluru,Urban,661680,613,1
48,Male,Delhi,Urban,556707,600,1
63,Male,Pune,Urban,497848,658,1
36,Female,Hyderabad,Urban,354469,631,0
39,Male,Hyderabad,Urban,493582,697,1
37,Male,Delhi,Urban,437303,696,1
46,Female,Chennai,Urban,398330,768,0
26,Male,Delhi,Urban,359136,719,1
63,Male,Chennai,Urban,862794,650,1
29,Male,Delhi,Urban,752814,682,1
37,Male,Delhi,Urban,1088468,690,1
51,Male,Mumbai,Urban,647176,706,1
32,Male,Hyderabad,Urban,744077,575,1
43,Male,Chennai,Urban,585641,657,1
25,Female,Hyderabad,Urban,902377,732,1
63,Male,Mumbai,Urban,589674,699,1
56,Male,Chennai,Urban,794886,681,1
56,Female,Coimbatore,Semi-Urban,637158,654,0
23,Female,Trivandrum,Semi-Urban,967952,673,0
44,Male,Chennai,Urban,503609,682,1
37,Female,Bengaluru,Urban,829584,634,1
59,Male,Bengaluru,Urban,578339,693,1
46,Male,Delhi,Urban,432754,683,1
24,Female,Chennai,Urban,589751,659,1
32,Female,Bengaluru,Urban,150373,658,1
21,Male,Hyderabad,Urban,786967,617,1
41,Female,Pune,Urban,733217,735,1
39,Female,Kochi,Semi-Urban,979720,704,1
41,Male,Madurai,Semi-Urban,407592,694,1
38,Male,Bengaluru,Urban,451300,706,1
63,Male,Bengaluru,Urban,347396,541,0
23,Female,Bengaluru,Urban,673122,764,1
64,Male,Pune,Urban,516943,547,1
52,Female,Hyderabad,Urban,434983,724,0
30,Male,Mumbai,Urban,680024,684,1
60,Male,Mumbai,Urban,820455,626,1
35,Female,Trivandrum,Semi-Urban,621259,685,1
25,Female,Hyderabad,Urban,504239,704,1
24,Male,Delhi,Urban,834342,654,1
48,Male,Pune,Urban,549177,740,1
24,Male,Mumbai,Urban,546208,604,1
35,Male,Delhi,Urban,702590,626,1
37,Male,Mumbai,Urban,462857,616,1
64,Female,Coimbatore,Semi-Urban,804901,608,0
23,Male,Chennai,Urban,416486,688,1
30,Male,Chennai,Urban,477981,760,1
62,Male,Trivandrum,Semi-Urban,369492,722,0
43,Female,Mumbai,Urban,772642,664,1
38,Male,Madurai,Semi-Urban,871020,749,1
21,Female,Kochi,Semi-Urban,569486,731,0
55,Male,Delhi,Urban,689319,646,1
51,Male,Bengaluru,Urban,673355,665,1
64,Male,Trivandrum,Semi-Urban,659349,694,1
21,Male,Kochi,Semi-Urban,368498,640,0
23,Female,Kochi,Semi-Urban,469030,630,0
23,Male,Chennai,Urban,752008,716,1
57,Female,Pune,Urban,843257,728,1
39,Male,Hyderabad,Urban,789827,629,1
49,Male,Chennai,Urban,603317,698,1
45,Male,Pune,Urban,760429,697,1
53,Female,Trivandrum,Semi-Urban,292509,624,0
56,Female,Mumbai,Urban,196033,696,0
49,Female,Pune,Urban,324922,705,0
46,Male,Bengaluru,Urban,1164298,708,1
24,Female,Bengaluru,Urban,1015623,665,1
34,Male,Kochi,Semi-Urban,280517,694,1
47,Female,Chennai,Urban,555486,688,1
53,Female,Madurai,Semi-Urban,513636,683,0
42,Male,Coimbatore,Semi-Urban,858939,723,1
23,Male,Hyderabad,Urban,730946,631,1
43,Female,Madurai,Semi-Urban,524457,636,0
41,Female,Bengaluru,Urban,712487,625,1
61,Male,Delhi,Urban,754633,728,1
43,Female,Pune,Urban,227586,678,1
24,Female,Madurai,Semi-Urban,706391,647,0
41,Male,Hyderabad,Urban,596181,742,1
57,Male,Chennai,Urban,370921,667,1
63,Female,Chennai,Urban,481708,570,0
51,Male,Delhi,Urban,656710,646,1
41,Male,Delhi,Urban,624951,683,1
46,Male,Bengaluru,Urban,562073,697,1
61,Female,Mumbai,Urban,539659,644,0
55,Female,Coimbatore,Semi-Urban,611116,657,0
58,Male,Mumbai,Urban,278876,654,1
44,Female,Chennai,Urban,943041,710,1
31,Female,Pune,Urban,527458,745,1
61,Male,Chennai,Urban,701204,641,1
49,Female,Coimbatore,Semi-Urban,923599,748,0
23,Female,Chennai,Urban,826963,687,1
21,Female,Mumbai,Urban,660349,670,1
39,Female,Mumbai,Urban,578046,663,1
42,Male,Mumbai,Urban,595360,629,1
34,Male,Delhi,Urban,274335,635,1
34,Male,Chennai,Urban,356025,627,1
64,Female,Delhi,Urban,648044,623,0
36,Female,Mumbai,Urban,524384,697,1
53,Male,Chennai,Urban,300392,782,1
33,Male,Pune,Urban,657956,639,1
58,Male,Madurai,Semi-Urban,751024,663,1
32,Female,Madurai,Semi-Urban,833037,726,1
58,Male,Kochi,Semi-Urban,706306,627,0
59,Female,Chennai,Urban,473788,607,0
53,Male,Delhi,Urban,736849,580,1
53,Male,Coimbatore,Semi-Urban,656249,680,1
49,Male,Bengaluru,Urban,414985,645,0
25,Female,Mumbai,Urban,408324,611,0
26,Male,Mumbai,Urban,769833,643,1
51,Female,Chennai,Urban,662735,720,1
36,Male,Hyderabad,Urban,651531,655,1
51,Male,Pune,Urban,612679,718,1
45,Male,Trivandrum,Semi-Urban,720374,698,1
53,Female,Hyderabad,Urban,497645,684,0
33,Female,Delhi,Urban,574542,675,1
30,Male,Chennai,Urban,749007,709,1
44,Female,Kochi,Semi-Urban,607368,690,1
30,Male,Madurai,Semi-Urban,450145,685,1
61,Male,Delhi,Urban,462384,579,0
51,Male,Trivandrum,Semi-Urban,608958,660,1
33,Female,Mumbai,Urban,82977,598,0
23,Male,Delhi,Urban,950195,621,1
54,Male,Trivandrum,Semi-Urban,565234,726,1
48,Male,Coimbatore,Semi-Urban,697103,668,1
39,Male,Kochi,Semi-Urban,727431,758,1
43,Male,Pune,Urban,650403,712,1
52,Male,Coimbatore,Semi-Urban,326806,641,0
33,Male,Coimbatore,Semi-Urban,386620,655,1
53,Female,Coimbatore,Semi-Urban,302107,707,0
54,Male,Hyderabad,Urban,818978,702,1
53,Male,Mumbai,Urban,291401,723,1
25,Male,Delhi,Urban,467273,566,0
23,Male,Mumbai,Urban,861325,597,1
27,Female,Coimbatore,Semi-Urban,374068,645,0
44,Male,Bengaluru,Urban,629883,709,1
42,Female,Chennai,Urban,751861,715,1
43,Female,Madurai,Semi-Urban,588241,533,0
50,Female,Bengaluru,Urban,631136,631,0
38,Male,Chennai,Urban,706601,703,1
52,Male,Hyderabad,Urban,957232,624,1
27,Male,Trivandrum,Semi-Urban,413143,689,0
53,Female,Delhi,Urban,512167,699,1
25,Male,Pune,Urban,726547,651,1
48,Male,Chennai,Urban,560633,680,1
28,Male,Madurai,Semi-Urban,487822,670,1
35,Female,Hyderabad,Urban,806201,702,1
24,Female,Chennai,Urban,154890,665,0
54,Male,Mumbai,Urban,825660,585,1
25,Male,Bengaluru,Urban,917607,705,1
53,Male,Hyderabad,Urban,558948,676,1
25,Male,Hyderabad,Urban,336885,705,1
58,Female,Chennai,Urban,635476,635,0
54,Female,Madurai,Semi-Urban,696321,664,0
46,Female,Hyderabad,Urban,271845,652,0
21,Male,Pune,Urban,616421,722,1
24,Female,Madurai,Semi-Urban,989929,711,0
59,Female,Chennai,Urban,852510,753,1
46,Female,Mumbai,Urban,704895,672,1
53,Female,Delhi,Urban,681788,615,0
53,Male,Coimbatore,Semi-Urban,607779,625,0
28,Female,Madurai,Semi-Urban,630152,723,1
40,Female,Kochi,Semi-Urban,581001,744,1
36,Female,Bengaluru,Urban,640922,611,1
41,Male,Mumbai,Urban,273672,652,1
46,Female,Madurai,Semi-Urban,167017,622,0
43,Male,Trivandrum,Semi-Urban,449810,777,1
38,Male,Madurai,Semi-Urban,806449,697,1
51,Male,Kochi,Semi-Urban,718728,634,0
62,Female,Bengaluru,Urban,769233,631,0
32,Male,Pune,Urban,619042,750,1
21,Male,Madurai,Semi-Urban,842995,710,1
62,Female,Bengaluru,Urban,866500,679,1
29,Female,Bengaluru,Urban,838946,656,1
23,Female,Delhi,Urban,463643,657,0
46,Male,Trivandrum,Semi-Urban,611000,608,0
29,Female,Hyderabad,Urban,507335,642,1
62,Male,Bengaluru,Urban,895016,655,1
36,Male,Delhi,Urban,824549,671,1
44,Male,Hyderabad,Urban,691459,674,1
34,Female,Hyderabad,Urban,737809,726,1
23,Male,Kochi,Semi-Urban,658357,641,0
54,Male,Madurai,Semi-Urban,413413,748,0
53,Male,Delhi,Urban,814433,672,1
44,Male,Kochi,Semi-Urban,1003536,696,1
29,Female,Kochi,Semi-Urban,701083,730,1
33,Female,Delhi,Urban,575908,705,1
22,Male,Hyderabad,Urban,454607,715,1
27,Male,Hyderabad,Urban,548616,648,1
41,Male,Hyderabad,Urban,345059,670,1
39,Female,Madurai,Semi-Urban,417001,715,0
45,Male,Coimbatore,Semi-Urban,566521,716,1
42,Male,Delhi,Urban,663279,687,1
31,Male,Madurai,Semi-Urban,304896,715,1
53,Male,Madurai,Semi-Urban,638468,638,0
52,Male,Pune,Urban,916506,712,1
41,Male,Chennai,Urban,687081,725,1
59,Male,Trivandrum,Semi-Urban,699065,679,1
40,Male,Delhi,Urban,681173,688,1
28,Female,Trivandrum,Semi-Urban,279927,577,0
62,Male,Chennai,Urban,297594,748,1
57,Male,Trivandrum,Semi-Urban,719620,696,1
29,Female,Mumbai,Urban,742046,708,1
45,Female,Coimbatore,Semi-Urban,808961,696,1
45,Male,Coimbatore,Semi-Urban,870051,702,1
53,Female,Chennai,Urban,496700,699,0
22,Male,Chennai,Urban,794164,753,1
39,Female,Trivandrum,Semi-Urban,791383,803,1
40,Female,Delhi,Urban,907242,734,1
62,Male,Delhi,Urban,920624,742,1
61,Male,Trivandrum,Semi-Urban,522065,657,1
62,Male,Madurai,Semi-Urban,584088,668,1
49,Female,Chennai,Urban,641572,698,1
26,Male,Delhi,Urban,434572,706,1
37,Female,Coimbatore,Semi-Urban,821597,698,1
45,Male,Madurai,Semi-Urban,557566,631,1
58,Male,Hyderabad,Urban,833826,658,1
24,Male,Bengaluru,Urban,902577,661,1
50,Male,Chennai,Urban,543537,703,1
40,Male,Pune,Urban,250897,663,1
23,Male,Mumbai,Urban,594269,669,1
43,Female,Mumbai,Urban,867436,666,1
38,Female,Bengaluru,Urban,864823,711,1
46,Female,Bengaluru,Urban,579902,740,1
56,Male,Kochi,Semi-Urban,624371,640,0
28,Female,Delhi,Urban,569485,718,1
37,Female,Delhi,Urban,481268,634,0
51,Male,Bengaluru,Urban,256865,712,1
57,Male,Hyderabad,Urban,703929,616,1
53,Male,Coimbatore,Semi-Urban,503289,749,1
47,Female,Chennai,Urban,642945,666,1
24,Male,Madurai,Semi-Urban,735584,690,1
42,Male,Bengaluru,Urban,780734,685,1
46,Male,Chennai,Urban,462367,747,1
52,Female,Mumbai,Urban,404656,647,0
44,Male,Pune,Urban,717724,677,1
55,Male,Hyderabad,Urban,732223,687,1
57,Male,Kochi,Semi-Urban,487288,728,0
52,Male,Delhi,Urban,798951,641,1
27,Male,Bengaluru,Urban,592389,573,1
53,Male,Chennai,Urban,451378,622,0
51,Female,Pune,Urban,403375,716,0
32,Female,Chennai,Urban,697642,683,1
31,Female,Trivandrum,Semi-Urban,648042,676,1
44,Male,Pune,Urban,675958,637,1
28,Female,Bengaluru,Urban,378800,683,1
52,Male,Mumbai,Urban,154951,705,1
58,Male,Chennai,Urban,722152,674,1
42,Female,Chennai,Urban,840159,744,1
54,Female,Bengaluru,Urban,276159,722,0
39,Male,Kochi,Semi-Urban,515836,673,1
40,Female,Trivandrum,Semi-Urban,1127838,714,1
34,Female,Kochi,Semi-Urban,712632,683,1
53,Female,Pune,Urban,861528,695,1
30,Female,Bengaluru,Urban,925923,668,1
36,Female,Hyderabad,Urban,503152,688,1
24,Male,Hyderabad,Urban,1068235,605,1
47,Male,Chennai,Urban,252399,640,0
48,Female,Bengaluru,Urban,701779,739,1
63,Male,Mumbai,Urban,669073,663,1
36,Male,Coimbatore,Semi-Urban,379332,627,0
53,Male,Pune,Urban,451599,762,1
39,Male,Bengaluru,Urban,477324,665,1
41,Female,Coimbatore,Semi-Urban,310988,706,0
42,Female,Coimbatore,Semi-Urban,317330,654,0
29,Male,Hyderabad,Urban,535780,726,1
29,Female,Bengaluru,Urban,502937,680,1
29,Female,Pune,Urban,468708,596,0
47,Male,Kochi,Semi-Urban,766436,783,1
37,Female,Pune,Urban,449838,650,0
64,Male,Mumbai,Urban,653579,664,1
28,Male,Mumbai,Urban,599792,619,1
36,Male,Chennai,Urban,536918,590,1
38,Female,Pune,Urban,326381,734,1
53,Male,Chennai,Urban,565836,690,1
21,Female,Bengaluru,Urban,471679,583,0
32,Female,Delhi,Urban,792302,661,1
26,Male,Hyderabad,Urban,727710,698,1
61,Male,Chennai,Urban,482397,710,1
25,Male,Kochi,Semi-Urban,421333,635,0
36,Male,Hyderabad,Urban,421167,654,1
38,Female,Mumbai,Urban,550739,646,1
38,Male,Bengaluru,Urban,809782,661,1
21,Male,Delhi,Urban,836067,691,1
39,Male,Bengaluru,Urban,66717,720,1
28,Female,Chennai,Urban,903692,691,1
23,Female,Trivandrum,Semi-Urban,576408,693,0
45,Female,Hyderabad,Urban,324927,670,1
25,Female,Chennai,Urban,589763,621,0
60,Male,Delhi,Urban,434671,672,1
39,Male,Chennai,Urban,930464,658,1
38,Female,Hyderabad,Urban,484107,645,0
51,Female,Kochi,Semi-Urban,408705,680,0
53,Male,Trivandrum,Semi-Urban,1019816,601,0
38,Male,Trivandrum,Semi-Urban,679957,656,1
59,Male,Mumbai,Urban,497991,645,0
36,Female,Mumbai,Urban,970579,638,1
36,Male,Coimbatore,Semi-Urban,861772,708,1
58,Male,Chennai,Urban,477048,686,1
61,Female,Chennai,Urban,438941,703,0
27,Male,Kochi,Semi-Urban,619749,701,1
34,Male,Mumbai,Urban,567563,630,1
63,Male,Trivandrum,Semi-Urban,457669,734,0
45,Male,Chennai,Urban,596011,656,1
52,Male,Hyderabad,Urban,949636,736,1
58,Male,Madurai,Semi-Urban,809302,660,1
42,Male,Mumbai,Urban,677645,616,1
36,Female,Delhi,Urban,531843,627,1
49,Female,Bengaluru,Urban,574569,727,1
36,Male,Chennai,Urban,736839,707,1
32,Male,Bengaluru,Urban,720709,642,1
37,Female,Mumbai,Urban,613078,690,1
57,Male,Pune,Urban,817143,728,1
47,Male,Madurai,Semi-Urban,367065,761,0
45,Male,Kochi,Semi-Urban,796845,687,1
33,Female,Madurai,Semi-Urban,724187,696,1
28,Male,Delhi,Urban,314674,671,1
25,Female,Hyderabad,Urban,468651,680,0
32,Female,Chennai,Urban,899587,708,1
61,Female,Kochi,Semi-Urban,705174,625,0
23,Male,Chennai,Urban,576913,712,1
55,Female,Mumbai,Urban,665794,660,1
53,Male,Coimbatore,Semi-Urban,602497,643,0
42,Male,Bengaluru,Urban,672066,643,1
64,Male,Bengaluru,Urban,787234,775,1
29,Male,Chennai,Urban,962168,744,1
61,Female,Delhi,Urban,404817,636,0
38,Male,Chennai,Urban,832998,693,1
49,Male,Mumbai,Urban,525743,691,1
59,Male,Hyderabad,Urban,354330,766,1
47,Female,Mumbai,Urban,861848,658,1
56,Male,Hyderabad,Urban,461819,568,0
37,Female,Pune,Urban,799599,673,1
54,Female,Mumbai,Urban,815790,666,1
23,Female,Trivandrum,Semi-Urban,988678,702,0
25,Male,Trivandrum,Semi-Urban,847073,722,1
34,Female,Mumbai,Urban,860665,737,1
23,Male,Chennai,Urban,835931,735,1
43,Female,Delhi,Urban,645131,712,1
59,Female,Kochi,Semi-Urban,871074,732,0
50,Male,Mumbai,Urban,547482,611,1
43,Female,Bengaluru,Urban,475285,667,1
47,Male,Bengaluru,Urban,718961,680,1
30,Male,Hyderabad,Urban,847846,702,1
45,Male,Chennai,Urban,565785,648,1
33,Female,Madurai,Semi-Urban,521065,646,0
36,Female,Chennai,Urban,312831,662,1
61,Female,Mumbai,Urban,435527,701,0
54,Female,Trivandrum,Semi-Urban,460726,512,0
57,Male,Coimbatore,Semi-Urban,845174,679,1
42,Female,Mumbai,Urban,519055,643,1
37,Male,Chennai,Urban,696258,637,1
43,Female,Hyderabad,Urban,299863,696,1
56,Female,Mumbai,Urban,860089,687,1
29,Male,Hyderabad,Urban,647103,690,1
22,Male,Hyderabad,Urban,329630,688,1
52,Male,Bengaluru,Urban,496323,750,1
42,Female,Madurai,Semi-Urban,444955,738,0
63,Male,Bengaluru,Urban,646313,610,1
33,Male,Mumbai,Urban,528522,655,1
28,Female,Pune,Urban,540389,661,1
21,Male,Kochi,Semi-Urban,432566,604,0
37,Male,Hyderabad,Urban,354373,816,1
32,Female,Bengaluru,Urban,764141,685,1
24,Male,Pune,Urban,799329,620,1
33,Female,Bengaluru,Urban,466818,733,1
51,Male,Kochi,Semi-Urban,699773,686,1
61,Male,Madurai,Semi-Urban,421359,642,0
27,Male,Bengaluru,Urban,757014,714,1
43,Male,Trivandrum,Semi-Urban,572928,725,1
44,Female,Pune,Urban,452114,714,1
25,Female,Kochi,Semi-Urban,395596,707,0
25,Male,Mumbai,Urban,818265,644,1
37,Male,Madurai,Semi-Urban,321843,597,0
50,Male,Delhi,Urban,584292,619,1
29,Male,Trivandrum,Semi-Urban,216193,656,1
26,Male,Delhi,Urban,407218,593,0
45,Female,Bengaluru,Urban,345758,770,1
39,Male,Chennai,Urban,110017,630,1
36,Male,Bengaluru,Urban,492989,670,1
41,Male,Bengaluru,Urban,533330,686,1
22,Male,Bengaluru,Urban,365596,735,1
30,Female,Mumbai,Urban,477918,704,1
36,Male,Chennai,Urban,553457,689,1
57,Male,Madurai,Semi-Urban,221083,796,0
35,Male,Trivandrum,Semi-Urban,606376,760,1
33,Female,Delhi,Urban,720612,699,1
33,Male,Mumbai,Urban,658788,694,1
52,Female,Chennai,Urban,662761,673,1
28,Male,Mumbai,Urban,569285,716,1
63,Female,Kochi,Semi-Urban,669758,661,0
38,Female,Coimbatore,Semi-Urban,813515,642,0
56,Male,Bengaluru,Urban,1102778,749,1
46,Female,Trivandrum,Semi-Urban,393100,641,0
30,Female,Trivandrum,Semi-Urban,434053,678,0
51,Male,Delhi,Urban,405840,660,1
53,Male,Chennai,Urban,854885,676,1
49,Female,Delhi,Urban,910943,690,1
25,Female,Mumbai,Urban,752256,680,1
33,Female,Mumbai,Urban,334276,636,0
21,Female,Mumbai,Urban,539734,659,1
43,Female,Bengaluru,Urban,669798,712,1
60,Female,Chennai,Urban,668303,691,1
23,Male,Bengaluru,Urban,987339,699,1
23,Male,Chennai,Urban,812400,725,1
27,Female,Chennai,Urban,802755,706,1
56,Male,Chennai,Urban,515722,650,1
55,Male,Chennai,Urban,683152,696,1
35,Female,Trivandrum,Semi-Urban,271295,695,0
60,Male,Coimbatore,Semi-Urban,616653,600,0
23,Male,Hyderabad,Urban,635481,596,1
49,Male,Hyderabad,Urban,349603,702,1
50,Female,Coimbatore,Semi-Urban,540195,651,0
59,Female,Kochi,Semi-Urban,893715,656,0
38,Male,Hyderabad,Urban,592403,693,1
31,Male,Trivandrum,Semi-Urban,724833,680,1
63,Male,Hyderabad,Urban,1077937,677,1
58,Male,Delhi,Urban,509046,754,1
60,Male,Pune,Urban,770085,667,1
21,Male,Hyderabad,Urban,562782,693,1
49,Male,Pune,Urban,821268,650,1
30,Male,Hyderabad,Urban,591258,731,1
48,Male,Delhi,Urban,811204,696,1
51,Female,Mumbai,Urban,874698,768,1
39,Female,Coimbatore,Semi-Urban,559303,687,1
23,Female,Bengaluru,Urban,810797,695,1
56,Female,Kochi,Semi-Urban,256384,678,0
63,Male,Trivandrum,Semi-Urban,625818,758,1
35,Female,Mumbai,Urban,861748,698,1
53,Male,Bengaluru,Urban,1076081,675,1
61,Female,Chennai,Urban,347527,635,0
63,Female,Kochi,Semi-Urban,374365,569,0
46,Female,Madurai,Semi-Urban,495117,684,0
36,Female,Mumbai,Urban,632900,664,1
56,Female,Delhi,Urban,470357,522,0
53,Female,Chennai,Urban,778598,659,1
40,Male,Mumbai,Urban,543631,627,1
33,Female,Hyderabad,Urban,457479,763,1
53,Male,Kochi,Semi-Urban,391408,676,0
25,Female,Pune,Urban,611010,741,1
57,Male,Coimbatore,Semi-Urban,692030,702,1
34,Male,Chennai,Urban,781544,730,1
47,Female,Delhi,Urban,522910,795,1
43,Male,Bengaluru,Urban,694710,720,1
34,Female,Chennai,Urban,915139,840,1
60,Male,Chennai,Urban,845931,711,1
24,Female,Hyderabad,Urban,516447,741,1
59,Female,Kochi,Semi-Urban,736045,663,0
39,Female,Mumbai,Urban,563638,608,1
24,Male,Pune,Urban,512547,554,1
50,Male,Chennai,Urban,413985,724,1
39,Female,Hyderabad,Urban,954718,655,1
51,Male,Hyderabad,Urban,459113,663,1
51,Male,Chennai,Urban,568486,662,1
29,Female,Pune,Urban,218888,646,0
33,Male,Hyderabad,Urban,819991,762,1
34,Male,Pune,Urban,593398,635,1
30,Male,Mumbai,Urban,837600,704,1
51,Male,Chennai,Urban,670647,704,1
57,Female,Bengaluru,Urban,626895,605,0
43,Male,Madurai,Semi-Urban,768012,708,1
47,Female,Bengaluru,Urban,597783,622,0
26,Male,Pune,Urban,232050,675,1
46,Male,Mumbai,Urban,652992,660,1
22,Male,Chennai,Urban,822358,682,1
33,Male,Kochi,Semi-Urban,427380,710,1
39,Female,Bengaluru,Urban,178681,635,0
21,Female,Bengaluru,Urban,456240,650,0
60,Male,Coimbatore,Semi-Urban,665760,598,0
52,Female,Mumbai,Urban,364450,625,0
42,Male,Delhi,Urban,576860,718,1
49,Male,Chennai,Urban,681892,661,1
22,Male,Bengaluru,Urban,424583,725,1
60,Female,Hyderabad,Urban,858295,632,0
58,Male,Mumbai,Urban,735609,641,1
31,Female,Trivandrum,Semi-Urban,398875,735,0
37,Male,Mumbai,Urban,739201,691,1
63,Male,Coimbatore,Semi-Urban,434809,605,0
28,Male,Bengaluru,Urban,496974,651,1
42,Female,Bengaluru,Urban,608542,723,1
24,Female,Chennai,Urban,764844,671,1
31,Male,Coimbatore,Semi-Urban,591199,740,1
28,Female,Trivandrum,Semi-Urban,682690,615,0
29,Male,Bengaluru,Urban,886709,740,1
46,Female,Bengaluru,Urban,652252,620,0
22,Female,Kochi,Semi-Urban,473799,692,0
36,Female,Madurai,Semi-Urban,739519,727,1
51,Female,Trivandrum,Semi-Urban,490687,686,0
26,Male,Chennai,Urban,542456,708,1
41,Female,Delhi,Urban,712710,731,1
46,Male,Trivandrum,Semi-Urban,717160,703,1
39,Male,Chennai,Urban,563755,664,1
48,Male,Delhi,Urban,537430,668,1
28,Male,Hyderabad,Urban,965416,637,1
34,Male,Chennai,Urban,161515,619,1
44,Male,Pune,Urban,672966,745,1
64,Male,Madurai,Semi-Urban,603405,710,1
57,Male,Mumbai,Urban,515577,752,1
46,Female,Bengaluru,Urban,657646,710,1
51,Male,Trivandrum,Semi-Urban,404989,662,0
52,Female,Chennai,Urban,339480,621,0
61,Male,Chennai,Urban,808220,654,1
22,Male,Hyderabad,Urban,465394,713,1
45,Male,Delhi,Urban,575500,644,1
64,Male,Bengaluru,Urban,148910,745,1
22,Female,Delhi,Urban,253151,661,0
62,Female,Bengaluru,Urban,650543,619,0
21,Male,Madurai,Semi-Urban,816715,664,1
56,Male,Pune,Urban,462768,691,1
32,Female,Trivandrum,Semi-Urban,926412,765,1
29,Male,Mumbai,Urban,857231,685,1
56,Male,Chennai,Urban,777071,648,1
61,Female,Trivandrum,Semi-Urban,816773,750,0
48,Male,Pune,Urban,862906,737,1
58,Female,Chennai,Urban,495963,674,0
53,Female,Mumbai,Urban,505480,599,0
62,Male,Hyderabad,Urban,739261,650,1
42,Male,Hyderabad,Urban,351285,716,1
45,Male,Mumbai,Urban,666444,742,1
38,Male,Pune,Urban,691811,687,1
26,Female,Chennai,Urban,739809,675,1
38,Female,Mumbai,Urban,714691,654,1
36,Male,Pune,Urban,342458,717,1
35,Male,Mumbai,Urban,258881,629,1
28,Male,Madurai,Semi-Urban,613182,652,1
33,Male,Bengaluru,Urban,1089148,748,1
63,Female,Pune,Urban,407761,728,0
27,Female,Chennai,Urban,535574,754,1
37,Male,Pune,Urban,659586,647,1
52,Male,Chennai,Urban,492216,617,0
42,Female,Mumbai,Urban,731071,754,1
33,Male,Hyderabad,Urban,742178,716,1
43,Female,Mumbai,Urban,908304,731,1
49,Male,Chennai,Urban,709993,717,1
42,Female,Pune,Urban,533940,772,1
21,Female,Hyderabad,Urban,773648,715,1
49,Female,Kochi,Semi-Urban,591938,690,0
25,Female,Bengaluru,Urban,524593,696,1
55,Female,Coimbatore,Semi-Urban,517261,691,0
30,Female,Delhi,Urban,501170,758,1
39,Female,Pune,Urban,817854,742,1
57,Female,Mumbai,Urban,814897,759,1
27,Female,Chennai,Urban,656426,579,0
55,Male,Hyderabad,Urban,510873,668,1
33,Male,Trivandrum,Semi-Urban,637563,635,1
30,Female,Kochi,Semi-Urban,452993,773,0
22,Male,Coimbatore,Semi-Urban,581534,643,0
26,Female,Bengaluru,Urban,297674,711,0
28,Male,Delhi,Urban,577213,780,1
56,Male,Pune,Urban,774298,697,1
45,Female,Bengaluru,Urban,493538,662,1
64,Female,Bengaluru,Urban,805806,691,1
60,Male,Trivandrum,Semi-Urban,722613,613,0
27,Female,Hyderabad,Urban,687170,606,0
43,Female,Kochi,Semi-Urban,487453,708,0
39,Male,Delhi,Urban,418044,559,1
42,Male,Pune,Urban,800719,677,1
33,Male,Madurai,Semi-Urban,364825,674,1
41,Male,Kochi,Semi-Urban,521852,779,1
21,Male,Chennai,Urban,649254,707,1
39,Male,Chennai,Urban,1082951,666,1
53,Male,Madurai,Semi-Urban,743537,728,1
24,Female,Delhi,Urban,467610,690,0
62,Male,Coimbatore,Semi-Urban,596468,626,0
23,Female,Mumbai,Urban,553329,695,1
47,Male,Bengaluru,Urban,665570,688,1
61,Female,Hyderabad,Urban,799530,685,1
55,Female,Chennai,Urban,476225,703,0
48,Male,Coimbatore,Semi-Urban,638958,734,1
26,Female,Trivandrum,Semi-Urban,795302,699,0
26,Female,Bengaluru,Urban,360401,616,0
64,Female,Kochi,Semi-Urban,572382,605,0
43,Female,Madurai,Semi-Urban,526427,661,1
53,Male,Trivandrum,Semi-Urban,596106,658,1
36,Male,Delhi,Urban,156290,698,1
44,Male,Hyderabad,Urban,459273,747,1
25,Male,Madurai,Semi-Urban,177889,758,0
61,Male,Mumbai,Urban,386768,648,0
62,Female,Madurai,Semi-Urban,626964,592,0
33,Male,Coimbatore,Semi-Urban,682026,683,1
32,Female,Coimbatore,Semi-Urban,521176,735,1
25,Male,Pune,Urban,177494,658,1
57,Male,Trivandrum,Semi-Urban,482647,683,0
51,Male,Bengaluru,Urban,349020,671,1
48,Male,Chennai,Urban,548968,759,1
48,Female,Bengaluru,Urban,619232,795,1
50,Female,Chennai,Urban,277695,713,0
38,Male,Bengaluru,Urban,523332,714,1
64,Female,Mumbai,Urban,159331,610,0
47,Female,Bengaluru,Urban,561484,659,1
55,Male,Mumbai,Urban,560726,724,1
46,Female,Madurai,Semi-Urban,298158,700,0
59,Female,Trivandrum,Semi-Urban,310829,705,0
38,Male,Pune,Urban,953103,594,1
53,Female,Chennai,Urban,668198,573,0
45,Male,Delhi,Urban,460213,777,1
51,Male,Hyderabad,Urban,533760,672,1
57,Male,Mumbai,Urban,361902,596,0
22,Female,Delhi,Urban,644638,673,1
53,Female,Bengaluru,Urban,576832,608,0
59,Male,Chennai,Urban,745870,622,1
63,Male,Trivandrum,Semi-Urban,805239,642,0
63,Male,Coimbatore,Semi-Urban,869824,608,0
52,Female,Delhi,Urban,771963,510,0
38,Male,Hyderabad,Urban,556690,717,1
37,Female,Mumbai,Urban,328350,650,0
54,Female,Bengaluru,Urban,541270,727,1
59,Female,Pune,Urban,590300,681,1
27,Male,Madurai,Semi-Urban,679059,588,0
62,Male,Bengaluru,Urban,487779,678,1
55,Male,Chennai,Urban,359765,750,1
50,Female,Delhi,Urban,651226,675,1
32,Female,Chennai,Urban,1083444,643,1
55,Male,Pune,Urban,885342,607,1
31,Male,Trivandrum,Semi-Urban,838200,651,1
64,Female,Hyderabad,Urban,526150,621,0
24,Male,Bengaluru,Urban,449751,656,1
45,Male,Coimbatore,Semi-Urban,752444,570,1
52,Female,Mumbai,Urban,852136,619,0
40,Male,Kochi,Semi-Urban,547518,709,1
51,Female,Hyderabad,Urban,483127,687,0
24,Female,Bengaluru,Urban,492685,663,0
58,Female,Kochi,Semi-Urban,642872,616,0
21,Male,Mumbai,Urban,586699,762,1
23,Male,Chennai,Urban,602918,788,1
57,Male,Bengaluru,Urban,848492,617,1
42,Male,Delhi,Urban,773169,723,1
37,Female,Trivandrum,Semi-Urban,565067,620,0
34,Female,Hyderabad,Urban,599805,706,1
61,Male,Trivandrum,Semi-Urban,802845,559,0
55,Female,Chennai,Urban,705698,649,0
33,Female,Hyderabad,Urban,929622,689,1
55,Male,Trivandrum,Semi-Urban,735297,699,1
63,Male,Kochi,Semi-Urban,651731,629,0
22,Male,Hyderabad,Urban,501573,709,1
33,Female,Bengaluru,Urban,286155,675,1
36,Male,Bengaluru,Urban,812088,606,1
38,Female,Coimbatore,Semi-Urban,814292,623,0
27,Male,Bengaluru,Urban,872805,762,1
56,Female,Bengaluru,Urban,356034,689,0
61,Male,Chennai,Urban,676532,658,1
50,Female,Mumbai,Urban,465811,604,0
62,Female,Coimbatore,Semi-Urban,579626,651,0
61,Male,Chennai,Urban,287544,689,1
27,Female,Delhi,Urban,464208,699,0
35,Female,Bengaluru,Urban,579263,686,1
60,Female,Mumbai,Urban,678908,645,0
39,Male,Chennai,Urban,749978,584,1
63,Male,Chennai,Urban,918175,675,1
57,Female,Hyderabad,Urban,576194,678,1
22,Female,Trivandrum,Semi-Urban,505956,636,0
62,Male,Trivandrum,Semi-Urban,669830,669,1
33,Female,Mumbai,Urban,661073,684,1
60,Male,Bengaluru,Urban,376893,696,1
61,Female,Hyderabad,Urban,356620,720,0
63,Male,Mumbai,Urban,1058451,557,1
63,Male,Madurai,Semi-Urban,654607,702,1
51,Male,Pune,Urban,759297,598,1
36,Male,Kochi,Semi-Urban,713361,627,1
62,Male,Hyderabad,Urban,694937,734,1
64,Male,Trivandrum,Semi-Urban,853621,618,0
26,Male,Hyderabad,Urban,1047334,723,1
48,Male,Kochi,Semi-Urban,711722,650,0
52,Female,Chennai,Urban,624126,755,1
64,Male,Chennai,Urban,803461,611,1
30,Male,Bengaluru,Urban,554944,675,1
38,Female,Mumbai,Urban,359261,538,0
24,Female,Kochi,Semi-Urban,730614,684,0
29,Female,Coimbatore,Semi-Urban,418875,596,0
27,Male,Coimbatore,Semi-Urban,442712,667,0
28,Female,Pune,Urban,346853,636,0
63,Female,Bengaluru,Urban,97671,770,0
27,Male,Mumbai,Urban,335944,657,1
61,Female,Delhi,Urban,621445,763,1
60,Male,Coimbatore,Semi-Urban,840068,629,0
23,Male,Chennai,Urban,493180,513,0
37,Male,Bengaluru,Urban,461402,717,1
22,Female,Hyderabad,Urban,587288,618,0
35,Male,Pune,Urban,585628,735,1
49,Male,Madurai,Semi-Urban,588809,672,1
42,Male,Mumbai,Urban,812336,709,1
24,Male,Madurai,Semi-Urban,538275,724,1
26,Male,Bengaluru,Urban,502102,790,1
58,Male,Hyderabad,Urban,602687,733,1
46,Male,Trivandrum,Semi-Urban,730360,689,1
31,Female,Chennai,Urban,1172746,723,1
46,Male,Chennai,Urban,949172,717,1
37,Male,Madurai,Semi-Urban,649340,705,1
44,Male,Kochi,Semi-Urban,497510,781,1
48,Male,Pune,Urban,582859,668,1
55,Male,Bengaluru,Urban,465621,687,1
51,Male,Hyderabad,Urban,643350,651,1
33,Female,Hyderabad,Urban,664543,818,1
55,Male,Madurai,Semi-Urban,722189,664,1
36,Male,Chennai,Urban,206586,697,1
35,Male,Hyderabad,Urban,424981,632,1
63,Female,Bengaluru,Urban,890536,659,1
38,Female,Coimbatore,Semi-Urban,379603,730,0
57,Male,Chennai,Urban,446470,673,1
61,Male,Bengaluru,Urban,535124,739,1
47,Female,Mumbai,Urban,884284,721,1
55,Male,Mumbai,Urban,732662,674,1
55,Male,Chennai,Urban,544416,635,1
48,Male,Bengaluru,Urban,507849,694,1
59,Male,Madurai,Semi-Urban,463515,694,0
58,Female,Bengaluru,Urban,348888,680,0
29,Female,Bengaluru,Urban,437679,695,1
32,Female,Chennai,Urban,952245,644,1
35,Male,Pune,Urban,897757,713,1
41,Male,Bengaluru,Urban,531382,701,1
55,Male,Coimbatore,Semi-Urban,501102,641,0
62,Female,Madurai,Semi-Urban,828086,656,0
53,Female,Hyderabad,Urban,479125,677,0
39,Male,Hyderabad,Urban,733405,656,1
43,Male,Kochi,Semi-Urban,378663,641,0
33,Male,Trivandrum,Semi-Urban,633768,731,1
64,Female,Coimbatore,Semi-Urban,505652,724,0
21,Male,Coimbatore,Semi-Urban,691789,710,1
49,Male,Chennai,Urban,858111,621,1
44,Male,Kochi,Semi-Urban,478919,772,1
36,Male,Bengaluru,Urban,386808,695,1
45,Female,Delhi,Urban,540371,673,1
43,Female,Kochi,Semi-Urban,867501,721,1
48,Female,Chennai,Urban,626443,674,1
36,Female,Bengaluru,Urban,585041,535,1
63,Male,Chennai,Urban,830766,693,1
58,Male,Mumbai,Urban,703681,734,1
31,Male,Madurai,Semi-Urban,1064133,699,1
23,Female,Delhi,Urban,381777,586,0
35,Male,Trivandrum,Semi-Urban,598174,722,1
21,Female,Chennai,Urban,323478,693,0
27,Male,Bengaluru,Urban,381877,697,1
21,Male,Chennai,Urban,862704,603,1
52,Female,Hyderabad,Urban,419493,652,0
29,Female,Delhi,Urban,913165,624,1
49,Male,Madurai,Semi-Urban,378312,725,0
46,Male,Mumbai,Urban,581489,703,1
43,Female,Delhi,Urban,361214,648,0
63,Female,Bengaluru,Urban,731008,642,0
49,Male,Bengaluru,Urban,640883,664,1
58,Male,Bengaluru,Urban,851563,694,1
53,Male,Trivandrum,Semi-Urban,768793,724,1
27,Male,Mumbai,Urban,624658,634,1
32,Female,Chennai,Urban,623004,698,1
51,Male,Delhi,Urban,346937,661,1
52,Male,Delhi,Urban,676390,532,1
40,Male,Bengaluru,Urban,580703,653,1
37,Male,Kochi,Semi-Urban,731790,700,1
56,Male,Trivandrum,Semi-Urban,749812,639,0
23,Male,Hyderabad,Urban,471521,697,1
21,Male,Kochi,Semi-Urban,455281,714,0
47,Male,Chennai,Urban,615405,737,1
60,Male,Trivandrum,Semi-Urban,547642,626,0
53,Male,Madurai,Semi-Urban,307918,738,0
40,Female,Mumbai,Urban,399283,681,1
34,Male,Chennai,Urban,815080,601,1
56,Male,Mumbai,Urban,689667,667,1
25,Male,Chennai,Urban,594604,665,1
43,Female,Bengaluru,Urban,850045,653,1
35,Female,Kochi,Semi-Urban,587664,618,0
26,Male,Bengaluru,Urban,741297,691,1
53,Female,Chennai,Urban,592613,676,1
39,Male,Trivandrum,Semi-Urban,612089,652,1
33,Male,Kochi,Semi-Urban,1228269,632,1
49,Male,Bengaluru,Urban,461158,588,0
26,Male,Kochi,Semi-Urban,710156,757,1
35,Male,Pune,Urban,705859,666,1
36,Female,Bengaluru,Urban,829993,719,1
44,Female,Mumbai,Urban,585497,735,1
43,Male,Trivandrum,Semi-Urban,1000220,731,1
30,Male,Kochi,Semi-Urban,527797,713,1
61,Male,Chennai,Urban,510301,691,1
61,Male,Chennai,Urban,768673,594,1
37,Female,Coimbatore,Semi-Urban,846057,758,1
64,Female,Pune,Urban,350523,622,0
50,Female,Trivandrum,Semi-Urban,445932,754,0
64,Female,Pune,Urban,634123,665,1
30,Male,Delhi,Urban,718964,729,1
39,Male,Pune,Urban,869713,722,1
49,Male,Trivandrum,Semi-Urban,623068,698,1
22,Male,Madurai,Semi-Urban,830916,697,1
56,Female,Chennai,Urban,239269,671,0
39,Male,Coimbatore,Semi-Urban,359787,682,1
27,Male,Chennai,Urban,598461,681,1
46,Female,Bengaluru,Urban,808876,688,1
35,Female,Delhi,Urban,535572,673,1
58,Male,Hyderabad,Urban,541777,613,1
23,Female,Bengaluru,Urban,676269,659,1
58,Male,Pune,Urban,554493,701,1
36,Male,Kochi,Semi-Urban,880713,673,1
22,Male,Madurai,Semi-Urban,619820,680,1
51,Male,Pune,Urban,1091773,649,1
48,Female,Mumbai,Urban,630348,708,1
27,Male,Chennai,Urban,524227,711,1
50,Female,Chennai,Urban,617801,563,0
63,Female,Delhi,Urban,818861,602,0
27,Male,Delhi,Urban,567096,670,1
56,Female,Mumbai,Urban,37826,705,0
49,Male,Hyderabad,Urban,505226,694,1
44,Male,Chennai,Urban,136486,673,1
59,Female,Mumbai,Urban,703194,721,1
24,Female,Bengaluru,Urban,375784,710,0
49,Male,Madurai,Semi-Urban,609468,670,1
64,Female,Bengaluru,Urban,305731,673,0
25,Male,Hyderabad,Urban,582960,614,1
49,Female,Bengaluru,Urban,633969,685,1
50,Male,Coimbatore,Semi-Urban,501107,708,1
49,Male,Hyderabad,Urban,590951,643,1
46,Male,Bengaluru,Urban,263313,681,1
39,Male,Delhi,Urban,608982,696,1
46,Male,Madurai,Semi-Urban,472311,723,0
57,Female,Madurai,Semi-Urban,617710,664,0
47,Male,Chennai,Urban,575920,636,1
50,Male,Trivandrum,Semi-Urban,552157,663,1
50,Male,Bengaluru,Urban,510529,694,1
23,Male,Bengaluru,Urban,654706,691,1
63,Female,Mumbai,Urban,933451,603,0
27,Female,Chennai,Urban,573326,663,1
29,Female,Coimbatore,Semi-Urban,708128,628,0
61,Male,Pune,Urban,912974,681,1
62,Male,Bengaluru,Urban,680513,697,1
33,Male,Chennai,Urban,750886,731,1
35,Female,Mumbai,Urban,428532,742,1
25,Female,Delhi,Urban,672394,704,1
49,Male,Madurai,Semi-Urban,670418,659,1
55,Male,Madurai,Semi-Urban,955318,654,1
47,Female,Kochi,Semi-Urban,350520,703,0
47,Female,Chennai,Urban,1034712,718,1
28,Female,Coimbatore,Semi-Urban,829941,619,0
52,Male,Chennai,Urban,793126,799,1
40,Female,Pune,Urban,370263,701,1
30,Male,Bengaluru,Urban,419023,721,1
33,Female,Delhi,Urban,725005,703,1
49,Female,Bengaluru,Urban,183910,627,0
55,Female,Mumbai,Urban,298900,657,0
28,Female,Kochi,Semi-Urban,759196,641,0
49,Male,Kochi,Semi-Urban,838025,595,0
51,Male,Coimbatore,Semi-Urban,1028441,618,0
61,Male,Delhi,Urban,533136,767,1
50,Male,Chennai,Urban,426657,669,1
42,Male,Madurai,Semi-Urban,446419,723,1
41,Male,Coimbatore,Semi-Urban,690386,651,1
32,Female,Chennai,Urban,559842,644,1
31,Male,Coimbatore,Semi-Urban,329042,754,1
22,Female,Pune,Urban,704951,670,1
61,Female,Kochi,Semi-Urban,394843,668,0
22,Male,Hyderabad,Urban,748952,693,1
54,Male,Delhi,Urban,741241,711,1
23,Male,Hyderabad,Urban,540637,653,1
36,Female,Kochi,Semi-Urban,657107,570,0
24,Male,Delhi,Urban,541645,737,1
43,Male,Pune,Urban,585844,701,1
40,Female,Kochi,Semi-Urban,343753,635,0
45,Male,Chennai,Urban,-78936,671,1
50,Female,Trivandrum,Semi-Urban,574830,746,0
38,Male,Hyderabad,Urban,401129,758,1
62,Female,Hyderabad,Urban,428999,663,0
31,Female,Mumbai,Urban,417031,754,1
49,Female,Bengaluru,Urban,790171,680,1
37,Male,Pune,Urban,815157,643,1
46,Male,Delhi,Urban,668223,653,1
43,Female,Coimbatore,Semi-Urban,534649,768,1
40,Male,Chennai,Urban,666172,708,1
22,Male,Trivandrum,Semi-Urban,819640,632,0
44,Female,Delhi,Urban,932293,731,1
51,Male,Mumbai,Urban,448797,733,1
47,Male,Pune,Urban,296308,659,1
22,Female,Mumbai,Urban,661936,703,1
34,Male,Kochi,Semi-Urban,240920,750,1
24,Male,Bengaluru,Urban,655389,621,1
33,Female,Hyderabad,Urban,644550,589,1
56,Female,Madurai,Semi-Urban,573409,646,0
55,Male,Trivandrum,Semi-Urban,958007,592,0
64,Female,Delhi,Urban,615418,617,0
28,Female,Madurai,Semi-Urban,710573,737,1
22,Male,Mumbai,Urban,831341,637,1
26,Male,Delhi,Urban,586089,676,1
51,Male,Hyderabad,Urban,521131,716,1
30,Female,Kochi,Semi-Urban,527296,739,1
64,Female,Hyderabad,Urban,684416,697,1
41,Male,Hyderabad,Urban,664363,573,1
62,Female,Pune,Urban,942389,677,1
30,Female,Bengaluru,Urban,473048,718,1
43,Male,Bengaluru,Urban,552928,688,1
23,Female,Bengaluru,Urban,790874,707,1
52,Male,Hyderabad,Urban,731301,646,1
40,Female,Mumbai,Urban,588615,684,1
30,Male,Bengaluru,Urban,560916,713,1
49,Female,Delhi,Urban,499698,751,0
61,Female,Delhi,Urban,419126,648,0
54,Male,Trivandrum,Semi-Urban,595042,646,0
57,Female,Pune,Urban,716794,759,1
40,Female,Kochi,Semi-Urban,673920,663,1
28,Female,Bengaluru,Urban,583527,691,1
27,Male,Bengaluru,Urban,663689,693,1
26,Male,Coimbatore,Semi-Urban,409312,679,0
31,Female,Kochi,Semi-Urban,713372,777,1
64,Female,Chennai,Urban,313659,668,0
38,Female,Chennai,Urban,650993,719,1
62,Female,Trivandrum,Semi-Urban,718305,659,0
49,Male,Delhi,Urban,620969,773,1
45,Male,Delhi,Urban,601297,638,1
41,Male,Chennai,Urban,388237,710,1
23,Female,Kochi,Semi-Urban,591229,562,0
38,Female,Coimbatore,Semi-Urban,996466,665,1
44,Female,Madurai,Semi-Urban,586425,707,1
58,Male,Trivandrum,Semi-Urban,544735,607,0
30,Female,Delhi,Urban,276751,661,1
47,Female,Kochi,Semi-Urban,673064,840,0
32,Female,Mumbai,Urban,687501,626,1
27,Male,Chennai,Urban,504826,693,1
37,Female,Madurai,Semi-Urban,551064,606,0
21,Female,Delhi,Urban,334119,625,0
46,Female,Delhi,Urban,624661,701,1
35,Female,Pune,Urban,699446,668,1
53,Female,Pune,Urban,148463,639,0
57,Male,Delhi,Urban,592644,656,1
51,Male,Bengaluru,Urban,946072,735,1
55,Female,Mumbai,Urban,630109,668,1
21,Male,Pune,Urban,698375,708,1
28,Male,Hyderabad,Urban,811739,592,1
32,Male,Pune,Urban,713723,652,1
39,Male,Bengaluru,Urban,528246,658,1
45,Female,Delhi,Urban,276132,642,0
52,Male,Delhi,Urban,1140566,673,1
32,Female,Chennai,Urban,749186,664,1
33,Female,Pune,Urban,768816,716,1
48,Male,Kochi,Semi-Urban,808076,735,1
21,Male,Chennai,Urban,823827,648,1
26,Female,Hyderabad,Urban,759095,740,1
28,Female,Trivandrum,Semi-Urban,605743,643,0
24,Male,Hyderabad,Urban,536058,686,1
25,Male,Madurai,Semi-Urban,746418,613,0
45,Male,Chennai,Urban,629026,665,1
42,Male,Chennai,Urban,622613,756,1
48,Male,Bengaluru,Urban,797099,687,1
59,Female,Bengaluru,Urban,1019365,667,1
43,Female,Hyderabad,Urban,411775,579,0
24,Female,Pune,Urban,696020,676,1
24,Male,Bengaluru,Urban,398812,684,1
41,Female,Chennai,Urban,639079,656,1
57,Male,Hyderabad,Urban,263763,663,1
61,Male,Kochi,Semi-Urban,460546,674,0
22,Female,Trivandrum,Semi-Urban,604114,681,0
27,Female,Trivandrum,Semi-Urban,813959,670,0
36,Male,Bengaluru,Urban,303928,738,1
37,Female,Kochi,Semi-Urban,686696,628,0
40,Female,Kochi,Semi-Urban,592853,757,1
43,Male,Delhi,Urban,892723,666,1
54,Female,Hyderabad,Urban,519134,706,1
31,Female,Coimbatore,Semi-Urban,686838,733,1
54,Female,Hyderabad,Urban,568778,689,1
53,Male,Chennai,Urban,404633,678,1
46,Male,Hyderabad,Urban,485567,687,1
22,Male,Mumbai,Urban,448683,582,0
43,Male,Chennai,Urban,250847,547,1
61,Female,Delhi,Urban,909257,717,1
42,Male,Madurai,Semi-Urban,528327,663,1
54,Female,Delhi,Urban,695570,637,0
35,Male,Mumbai,Urban,378725,691,1
30,Female,Coimbatore,Semi-Urban,609269,672,1
35,Male,Trivandrum,Semi-Urban,701299,615,1
62,Male,Hyderabad,Urban,617414,727,1
49,Female,Delhi,Urban,433973,736,0
43,Male,Trivandrum,Semi-Urban,761779,690,1
37,Male,Chennai,Urban,190320,688,1
29,Male,Hyderabad,Urban,284700,679,1
56,Male,Bengaluru,Urban,576798,685,1
29,Female,Pune,Urban,120869,697,1
36,Female,Bengaluru,Urban,443021,656,1
56,Male,Chennai,Urban,505727,720,1
53,Male,Mumbai,Urban,904184,688,1
51,Female,Madurai,Semi-Urban,467985,718,0
26,Female,Hyderabad,Urban,495560,743,0
30,Female,Trivandrum,Semi-Urban,230121,681,0
36,Female,Kochi,Semi-Urban,615238,696,1
24,Male,Kochi,Semi-Urban,601984,712,1
42,Male,Coimbatore,Semi-Urban,381460,683,1
33,Male,Bengaluru,Urban,782768,662,1
36,Male,Pune,Urban,769737,689,1
49,Female,Coimbatore,Semi-Urban,488139,745,0
26,Female,Pune,Urban,215023,559,0
46,Female,Coimbatore,Semi-Urban,385563,717,0
31,Male,Madurai,Semi-Urban,906882,687,1
44,Female,Chennai,Urban,627853,653,1
49,Male,Hyderabad,Urban,446784,723,1
23,Male,Hyderabad,Urban,873246,619,1
30,Male,Bengaluru,Urban,562948,659,1
21,Female,Trivandrum,Semi-Urban,602671,745,0
63,Male,Bengaluru,Urban,1078165,585,1
46,Female,Bengaluru,Urban,784230,705,1
32,Male,Coimbatore,Semi-Urban,542897,751,1
34,Male,Madurai,Semi-Urban,673986,735,1
45,Female,Trivandrum,Semi-Urban,710195,699,1
28,Male,Coimbatore,Semi-Urban,764305,632,1
63,Male,Delhi,Urban,392679,724,1
24,Male,Madurai,Semi-Urban,925923,648,0
48,Female,Mumbai,Urban,884864,672,1
27,Male,Pune,Urban,414212,677,1
30,Male,Bengaluru,Urban,597113,618,1
56,Male,Coimbatore,Semi-Urban,614948,744,1
22,Male,Kochi,Semi-Urban,632065,675,1
46,Male,Delhi,Urban,755093,676,1
34,Female,Trivandrum,Semi-Urban,533630,649,0
36,Female,Coimbatore,Semi-Urban,686400,644,0
63,Male,Madurai,Semi-Urban,726615,710,1
62,Female,Chennai,Urban,699128,712,1
37,Female,Chennai,Urban,695132,828,1
42,Female,Bengaluru,Urban,710989,664,1
24,Male,Bengaluru,Urban,643002,658,1
39,Male,Chennai,Urban,216398,735,1
22,Female,Trivandrum,Semi-Urban,397197,722,0
59,Male,Mumbai,Urban,341328,665,1
29,Male,Trivandrum,Semi-Urban,385193,697,1
39,Female,Mumbai,Urban,402109,758,1
36,Male,Delhi,Urban,807304,620,1
45,Male,Bengaluru,Urban,866844,642,1
38,Male,Coimbatore,Semi-Urban,728637,701,1
43,Female,Trivandrum,Semi-Urban,401362,646,0
41,Male,Hyderabad,Urban,415547,648,1
31,Female,Hyderabad,Urban,470800,741,1
59,Female,Chennai,Urban,453514,700,0
61,Male,Coimbatore,Semi-Urban,864117,677,1
24,Male,Trivandrum,Semi-Urban,328542,641,0
45,Male,Delhi,Urban,662778,698,1
52,Female,Chennai,Urban,345206,738,0
50,Male,Chennai,Urban,699204,615,1
46,Female,Bengaluru,Urban,523566,618,0
56,Male,Bengaluru,Urban,375609,714,1
54,Male,Chennai,Urban,488383,652,1
29,Male,Bengaluru,Urban,700090,639,1
32,Female,Delhi,Urban,274428,645,0
22,Male,Hyderabad,Urban,474484,717,1
58,Male,Mumbai,Urban,562589,716,1
25,Female,Delhi,Urban,324746,699,0
25,Male,Kochi,Semi-Urban,409527,658,0
42,Male,Kochi,Semi-Urban,890558,639,1
25,Female,Chennai,Urban,335449,649,0
24,Female,Coimbatore,Semi-Urban,492875,635,0
29,Male,Madurai,Semi-Urban,696894,660,1
49,Male,Hyderabad,Urban,585007,681,1
42,Female,Bengaluru,Urban,485739,716,1
47,Male,Madurai,Semi-Urban,756930,681,1
30,Female,Pune,Urban,184681,671,1
36,Male,Bengaluru,Urban,739933,765,1
62,Male,Bengaluru,Urban,410078,505,0
62,Male,Coimbatore,Semi-Urban,88816,712,0
30,Male,Hyderabad,Urban,1031112,706,1
26,Female,Madurai,Semi-Urban,607477,706,0
25,Male,Chennai,Urban,753746,726,1
26,Male,Madurai,Semi-Urban,815131,620,0
45,Female,Bengaluru,Urban,415102,727,1
24,Male,Chennai,Urban,547973,699,1
60,Female,Pune,Urban,592890,660,1
52,Female,Chennai,Urban,459435,711,0
55,Female,Bengaluru,Urban,837654,688,1
30,Female,Madurai,Semi-Urban,866296,632,0
54,Male,Bengaluru,Urban,574097,578,1
56,Female,Bengaluru,Urban,699772,614,0
26,Female,Hyderabad,Urban,770922,644,0
63,Female,Kochi,Semi-Urban,656309,699,0
36,Male,Trivandrum,Semi-Urban,484754,608,0
39,Female,Madurai,Semi-Urban,103316,700,0
54,Female,Delhi,Urban,618889,695,1
45,Female,Mumbai,Urban,759029,782,1
51,Male,Hyderabad,Urban,411213,698,1
61,Male,Coimbatore,Semi-Urban,634325,576,0
37,Female,Trivandrum,Semi-Urban,689116,737,1
50,Male,Madurai,Semi-Urban,690215,634,0
59,Male,Pune,Urban,624979,631,1
51,Female,Hyderabad,Urban,400129,670,0
39,Male,Delhi,Urban,841203,707,1
55,Male,Kochi,Semi-Urban,591027,666,1
49,Male,Chennai,Urban,492585,680,1
21,Male,Bengaluru,Urban,271630,634,0
24,Male,Madurai,Semi-Urban,680847,621,0
48,Male,Delhi,Urban,1091272,690,1
38,Male,Delhi,Urban,552917,603,1
46,Female,Delhi,Urban,502545,644,0
60,Female,Trivandrum,Semi-Urban,597481,663,0
39,Male,Bengaluru,Urban,584901,691,1
26,Male,Kochi,Semi-Urban,526484,666,1
21,Male,Mumbai,Urban,1015101,664,1
28,Female,Madurai,Semi-Urban,608876,618,0
53,Female,Delhi,Urban,339395,659,0
63,Male,Pune,Urban,364467,667,1
41,Male,Hyderabad,Urban,827845,700,1
44,Female,Pune,Urban,656819,639,1
45,Female,Madurai,Semi-Urban,529681,635,0
63,Male,Delhi,Urban,513036,619,1
39,Female,Hyderabad,Urban,739429,687,1
49,Female,Hyderabad,Urban,442157,662,0
30,Female,Coimbatore,Semi-Urban,570078,673,1
32,Male,Delhi,Urban,745747,656,1
53,Female,Mumbai,Urban,451357,658,0
27,Male,Kochi,Semi-Urban,854363,649,0
37,Female,Trivandrum,Semi-Urban,272480,705,0
30,Male,Bengaluru,Urban,607634,682,1
51,Male,Bengaluru,Urban,615231,753,1
26,Female,Bengaluru,Urban,175210,664,0
37,Male,Chennai,Urban,451464,758,1
57,Male,Mumbai,Urban,719310,665,1
38,Male,Coimbatore,Semi-Urban,455846,705,1
46,Male,Hyderabad,Urban,547100,649,1
36,Male,Bengaluru,Urban,518689,704,1
28,Female,Mumbai,Urban,794779,564,1
44,Male,Pune,Urban,668527,617,1
33,Male,Hyderabad,Urban,509991,631,1
49,Male,Pune,Urban,456654,782,1
52,Male,Bengaluru,Urban,773249,732,1
44,Male,Chennai,Urban,628851,692,1
36,Male,Trivandrum,Semi-Urban,801489,659,1
31,Male,Mumbai,Urban,723531,650,1
52,Male,Trivandrum,Semi-Urban,-53621,649,0
26,Female,Madurai,Semi-Urban,814443,713,0
55,Female,Chennai,Urban,624970,684,1
53,Male,Kochi,Semi-Urban,649215,724,1
38,Male,Delhi,Urban,198777,708,1
57,Female,Madurai,Semi-Urban,502559,700,0
33,Male,Mumbai,Urban,611653,640,1
30,Female,Bengaluru,Urban,343379,640,0
57,Male,Delhi,Urban,865445,686,1
46,Male,Pune,Urban,749297,699,1
37,Female,Bengaluru,Urban,519688,670,1
21,Female,Chennai,Urban,962756,617,0
45,Male,Hyderabad,Urban,673962,691,1
54,Male,Trivandrum,Semi-Urban,874467,717,1
59,Male,Hyderabad,Urban,436802,624,0
30,Female,Chennai,Urban,695610,665,1
40,Female,Kochi,Semi-Urban,868503,632,0
27,Male,Bengaluru,Urban,836809,727,1
36,Male,Chennai,Urban,801793,779,1
57,Male,Mumbai,Urban,848865,745,1
49,Male,Hyderabad,Urban,905469,600,1
32,Male,Hyderabad,Urban,138455,697,1
37,Female,Bengaluru,Urban,514751,707,1
40,Male,Hyderabad,Urban,251524,766,1
46,Male,Coimbatore,Semi-Urban,254239,651,0
39,Female,Mumbai,Urban,495718,673,1
32,Male,Delhi,Urban,514259,621,1
41,Male,Chennai,Urban,872144,612,1
62,Male,Bengaluru,Urban,361665,683,1
54,Male,Madurai,Semi-Urban,635839,753,1
27,Female,Hyderabad,Urban,919483,681,1
55,Female,Hyderabad,Urban,569411,682,1
35,Male,Madurai,Semi-Urban,990385,616,1
21,Male,Trivandrum,Semi-Urban,224941,687,0
46,Male,Trivandrum,Semi-Urban,430146,652,0
55,Male,Kochi,Semi-Urban,908585,657,1
45,Male,Bengaluru,Urban,464558,765,1
62,Male,Pune,Urban,552030,658,1
35,Male,Madurai,Semi-Urban,934273,662,1
42,Male,Chennai,Urban,732883,690,1
26,Female,Coimbatore,Semi-Urban,271123,503,0
35,Female,Mumbai,Urban,723441,641,1
44,Female,Kochi,Semi-Urban,458641,590,0
41,Male,Chennai,Urban,501337,652,1
27,Female,Delhi,Urban,581325,775,1
49,Female,Bengaluru,Urban,484306,541,0
52,Female,Delhi,Urban,697978,596,0
52,Male,Chennai,Urban,425670,747,1
25,Female,Mumbai,Urban,660745,672,1
24,Male,Kochi,Semi-Urban,751350,701,1
42,Female,Madurai,Semi-Urban,586741,684,1
38,Male,Chennai,Urban,613844,686,1
55,Female,Madurai,Semi-Urban,618074,662,0
37,Female,Mumbai,Urban,625748,517,1
44,Male,Coimbatore,Semi-Urban,579367,678,1
22,Male,Delhi,Urban,569732,734,1
33,Male,Madurai,Semi-Urban,575627,730,1
35,Male,Kochi,Semi-Urban,637213,709,1
25,Male,Mumbai,Urban,513527,674,1
23,Male,Hyderabad,Urban,570705,687,1
57,Female,Pune,Urban,798336,722,1
57,Male,Coimbatore,Semi-Urban,1001345,603,0
57,Female,Hyderabad,Urban,1092214,770,1
23,Female,Chennai,Urban,626758,730,1
55,Female,Coimbatore,Semi-Urban,393773,772,0
43,Female,Pune,Urban,551294,695,1
48,Male,Hyderabad,Urban,629152,653,1
50,Female,Madurai,Semi-Urban,816441,703,0
38,Male,Bengaluru,Urban,456507,717,1
56,Female,Pune,Urban,575191,776,1
53,Female,Trivandrum,Semi-Urban,397815,665,0
46,Female,Hyderabad,Urban,933263,659,1
60,Male,Hyderabad,Urban,708535,732,1
37,Male,Kochi,Semi-Urban,529044,668,1
60,Female,Delhi,Urban,612817,649,0
27,Female,Madurai,Semi-Urban,330022,653,0
28,Male,Trivandrum,Semi-Urban,690937,578,1
51,Female,Delhi,Urban,677047,644,0
32,Male,Pune,Urban,245732,701,1
51,Female,Delhi,Urban,454127,679,0
64,Female,Coimbatore,Semi-Urban,540219,703,0
39,Male,Coimbatore,Semi-Urban,542177,746,1
30,Male,Madurai,Semi-Urban,498678,799,1
59,Female,Bengaluru,Urban,625487,666,1
32,Male,Delhi,Urban,878862,623,1
40,Male,Mumbai,Urban,695777,658,1
57,Female,Mumbai,Urban,835643,718,1
61,Female,Mumbai,Urban,672887,803,1
27,Male,Coimbatore,Semi-Urban,536171,688,1
34,Male,Hyderabad,Urban,564564,703,1
31,Male,Mumbai,Urban,760552,668,1
27,Female,Chennai,Urban,708129,687,1
49,Male,Chennai,Urban,866633,742,1
30,Female,Kochi,Semi-Urban,601394,720,1
49,Female,Bengaluru,Urban,320916,677,0
29,Male,Chennai,Urban,561044,692,1
56,Male,Delhi,Urban,301500,661,1
30,Female,Bengaluru,Urban,573091,739,1
39,Male,Bengaluru,Urban,365258,772,1
51,Female,Madurai,Semi-Urban,581372,636,0
37,Female,Coimbatore,Semi-Urban,629481,640,0
29,Female,Hyderabad,Urban,575790,662,1
53,Male,Hyderabad,Urban,544890,722,1
54,Male,Pune,Urban,523221,658,1
44,Female,Bengaluru,Urban,826713,726,1
29,Female,Delhi,Urban,656399,601,1
27,Male,Delhi,Urban,295899,676,1
36,Male,Coimbatore,Semi-Urban,626582,686,1
39,Male,Pune,Urban,903549,633,1
59,Female,Hyderabad,Urban,507705,672,1
26,Male,Mumbai,Urban,523050,735,1
31,Female,Kochi,Semi-Urban,726367,672,1
32,Female,Pune,Urban,428964,700,1
62,Female,Madurai,Semi-Urban,363847,750,0
33,Female,Kochi,Semi-Urban,287007,634,0
32,Female,Madurai,Semi-Urban,735956,692,1
41,Male,Bengaluru,Urban,773899,537,1
30,Male,Hyderabad,Urban,482943,610,1
40,Female,Bengaluru,Urban,369080,717,1
56,Male,Chennai,Urban,774007,653,1
48,Male,Kochi,Semi-Urban,574858,694,1
44,Male,Madurai,Semi-Urban,198615,604,0
25,Male,Kochi,Semi-Urban,674369,544,0
57,Female,Kochi,Semi-Urban,658270,644,0
32,Female,Bengaluru,Urban,877696,651,1
55,Male,Kochi,Semi-Urban,767872,662,1
60,Female,Mumbai,Urban,779165,753,1
22,Male,Kochi,Semi-Urban,424491,577,0
61,Female,Hyderabad,Urban,329428,643,0
59,Male,Delhi,Urban,702514,661,1
62,Female,Mumbai,Urban,603692,672,1
29,Male,Delhi,Urban,729276,729,1
42,Male,Bengaluru,Urban,625131,677,1
25,Female,Mumbai,Urban,888926,719,1
32,Male,Hyderabad,Urban,513764,739,1
21,Female,Trivandrum,Semi-Urban,608382,610,0
64,Female,Trivandrum,Semi-Urban,473367,736,0
42,Male,Madurai,Semi-Urban,425001,670,1
58,Female,Kochi,Semi-Urban,864995,682,0
39,Male,Hyderabad,Urban,577330,687,1
36,Male,Coimbatore,Semi-Urban,1093053,700,1
51,Female,Mumbai,Urban,331297,606,0
23,Male,Chennai,Urban,619439,601,1
43,Female,Trivandrum,Semi-Urban,632133,654,1
62,Male,Bengaluru,Urban,849380,710,1
38,Female,Chennai,Urban,423633,744,1
46,Male,Trivandrum,Semi-Urban,480793,645,0
33,Male,Coimbatore,Semi-Urban,317075,722,1
38,Female,Coimbatore,Semi-Urban,893009,669,1
23,Male,Hyderabad,Urban,255664,696,1
43,Female,Madurai,Semi-Urban,624211,649,0
23,Male,Trivandrum,Semi-Urban,1099523,686,1
45,Male,Coimbatore,Semi-Urban,827545,633,1
47,Female,Trivandrum,Semi-Urban,846293,684,0
64,Male,Delhi,Urban,942731,723,1
47,Male,Bengaluru,Urban,634635,659,1
59,Female,Trivandrum,Semi-Urban,633350,692,0
45,Female,Trivandrum,Semi-Urban,599413,698,1
44,Male,Hyderabad,Urban,584576,735,1
28,Male,Trivandrum,Semi-Urban,477503,586,0
29,Female,Delhi,Urban,876531,715,1
57,Female,Delhi,Urban,494651,625,0
50,Female,Hyderabad,Urban,543518,620,0
39,Female,Bengaluru,Urban,335112,647,0
36,Male,Chennai,Urban,766049,633,1
44,Female,Trivandrum,Semi-Urban,918518,690,1
64,Female,Hyderabad,Urban,153806,631,0
41,Male,Bengaluru,Urban,909526,708,1
56,Male,Pune,Urban,747630,573,1
60,Male,Chennai,Urban,854083,733,1
59,Female,Kochi,Semi-Urban,674680,602,0
26,Male,Pune,Urban,720101,700,1
25,Male,Delhi,Urban,666437,639,1
34,Male,Coimbatore,Semi-Urban,400143,658,1
62,Male,Pune,Urban,575780,636,1
24,Male,Madurai,Semi-Urban,502058,573,0
28,Female,Delhi,Urban,817178,656,1
44,Male,Hyderabad,Urban,546108,618,1
31,Female,Mumbai,Urban,697717,608,1
37,Female,Coimbatore,Semi-Urban,382409,658,0
41,Female,Madurai,Semi-Urban,968579,665,1
46,Female,Coimbatore,Semi-Urban,652215,684,0
63,Male,Delhi,Urban,329261,704,1
64,Male,Mumbai,Urban,802053,619,1
47,Male,Hyderabad,Urban,650186,610,1
36,Female,Bengaluru,Urban,758232,717,1
46,Male,Trivandrum,Semi-Urban,1229830,663,1
53,Male,Hyderabad,Urban,829141,778,1
51,Female,Hyderabad,Urban,818799,577,0
26,Female,Coimbatore,Semi-Urban,528948,696,0
64,Female,Bengaluru,Urban,621455,639,0
28,Female,Pune,Urban,528704,641,1
27,Male,Bengaluru,Urban,337927,652,1
54,Female,Pune,Urban,514182,746,1
64,Male,Mumbai,Urban,827045,596,1
34,Female,Bengaluru,Urban,676402,595,1
36,Male,Kochi,Semi-Urban,366682,710,1
63,Male,Madurai,Semi-Urban,578428,765,1
29,Female,Mumbai,Urban,442884,643,0
30,Male,Trivandrum,Semi-Urban,693242,734,1
37,Female,Pune,Urban,463173,723,1
32,Female,Chennai,Urban,489000,694,1
26,Female,Coimbatore,Semi-Urban,342895,689,0
39,Male,Hyderabad,Urban,932924,661,1
63,Male,Mumbai,Urban,589545,725,1
61,Female,Hyderabad,Urban,577348,713,1
49,Female,Mumbai,Urban,666734,651,1
26,Male,Bengaluru,Urban,681299,600,1
45,Male,Hyderabad,Urban,462937,640,1
44,Male,Mumbai,Urban,647294,626,1
45,Female,Kochi,Semi-Urban,618425,677,1
36,Male,Kochi,Semi-Urban,804332,703,1
36,Male,Delhi,Urban,750368,699,1
26,Female,Hyderabad,Urban,598121,703,1
57,Male,Pune,Urban,604831,689,1
41,Female,Mumbai,Urban,557543,678,1
24,Male,Chennai,Urban,621768,676,1
54,Male,Delhi,Urban,593488,741,1
48,Male,Trivandrum,Semi-Urban,631762,655,1
58,Male,Bengaluru,Urban,306392,669,1
61,Male,Hyderabad,Urban,471984,571,0
48,Male,Coimbatore,Semi-Urban,887345,652,1
37,Male,Mumbai,Urban,468130,664,1
34,Female,Mumbai,Urban,572182,739,1
27,Male,Pune,Urban,642221,613,1
42,Female,Bengaluru,Urban,565621,673,1
21,Female,Kochi,Semi-Urban,486991,672,0
49,Male,Hyderabad,Urban,784133,711,1
51,Male,Bengaluru,Urban,392584,656,1
50,Male,Chennai,Urban,188268,710,1
35,Male,Kochi,Semi-Urban,857744,692,1
38,Male,Bengaluru,Urban,342012,641,1
55,Male,Delhi,Urban,744845,624,1
50,Female,Pune,Urban,522456,784,1
54,Male,Coimbatore,Semi-Urban,900451,652,1
62,Male,Hyderabad,Urban,550404,595,1
31,Male,Bengaluru,Urban,491720,657,1
47,Female,Mumbai,Urban,777519,646,0
44,Male,Mumbai,Urban,847954,621,1
55,Female,Pune,Urban,923926,677,1
59,Male,Pune,Urban,97605,689,1
28,Female,Mumbai,Urban,204013,579,0
38,Male,Bengaluru,Urban,382176,686,1
33,Female,Madurai,Semi-Urban,376452,716,0
44,Female,Coimbatore,Semi-Urban,501367,631,0
43,Male,Delhi,Urban,610154,613,1
32,Male,Hyderabad,Urban,638306,628,1
50,Male,Mumbai,Urban,710762,653,1
51,Female,Madurai,Semi-Urban,460481,676,0
48,Female,Chennai,Urban,581992,621,0
42,Male,Coimbatore,Semi-Urban,587483,657,1
64,Male,Bengaluru,Urban,603374,667,1
48,Male,Pune,Urban,498889,685,1
33,Female,Mumbai,Urban,642543,605,1
45,Female,Chennai,Urban,392539,637,0
64,Male,Bengaluru,Urban,944111,640,1
27,Male,Delhi,Urban,424224,755,1
26,Male,Chennai,Urban,679075,728,1
44,Male,Kochi,Semi-Urban,535104,671,1
39,Male,Hyderabad,Urban,501692,599,1
39,Male,Bengaluru,Urban,297589,718,1
56,Male,Mumbai,Urban,491646,733,1
29,Female,Delhi,Urban,551541,670,1
56,Female,Mumbai,Urban,484239,650,0
58,Female,Mumbai,Urban,734990,639,0
60,Male,Delhi,Urban,934300,708,1
49,Female,Delhi,Urban,585846,705,1
44,Female,Bengaluru,Urban,702336,620,1
25,Male,Chennai,Urban,847831,631,1
62,Male,Bengaluru,Urban,386054,620,0
46,Female,Trivandrum,Semi-Urban,954582,762,0
34,Female,Delhi,Urban,336133,687,1
59,Male,Mumbai,Urban,599755,728,1
49,Male,Coimbatore,Semi-Urban,734844,679,1
26,Female,Hyderabad,Urban,909110,693,1
27,Female,Delhi,Urban,597949,658,1
57,Female,Bengaluru,Urban,620667,746,1
38,Male,Trivandrum,Semi-Urban,926056,689,1
43,Male,Trivandrum,Semi-Urban,299272,670,1
64,Male,Coimbatore,Semi-Urban,398721,580,0
58,Female,Madurai,Semi-Urban,355055,699,0
21,Female,Trivandrum,Semi-Urban,383049,699,0
24,Male,Coimbatore,Semi-Urban,415116,736,0
64,Male,Hyderabad,Urban,846557,658,1
55,Female,Hyderabad,Urban,904045,637,0
43,Female,Pune,Urban,676110,764,1
47,Female,Madurai,Semi-Urban,796087,603,0
46,Male,Delhi,Urban,763495,633,1
28,Female,Hyderabad,Urban,600353,751,1
63,Female,Madurai,Semi-Urban,785343,722,0
36,Male,Hyderabad,Urban,751444,662,1
61,Female,Chennai,Urban,729282,663,1
23,Male,Kochi,Semi-Urban,617888,667,1
52,Female,Bengaluru,Urban,637472,718,1
25,Female,Hyderabad,Urban,566084,719,1
40,Male,Coimbatore,Semi-Urban,248030,707,1
34,Female,Hyderabad,Urban,587212,715,1
52,Male,Pune,Urban,610774,705,1
46,Female,Pune,Urban,421180,557,0
26,Female,Coimbatore,Semi-Urban,504146,696,0
56,Female,Pune,Urban,740195,660,1
60,Female,Delhi,Urban,775341,786,1
25,Male,Delhi,Urban,267919,605,0
33,Male,Coimbatore,Semi-Urban,460808,618,0
52,Male,Mumbai,Urban,759236,685,1
36,Female,Mumbai,Urban,347027,618,0
21,Male,Kochi,Semi-Urban,573920,806,1
33,Female,Kochi,Semi-Urban,350962,707,0
31,Male,Trivandrum,Semi-Urban,422122,650,0
28,Female,Kochi,Semi-Urban,670555,699,1
45,Male,Trivandrum,Semi-Urban,725511,691,1
60,Female,Kochi,Semi-Urban,809544,647,0
52,Female,Mumbai,Urban,1159315,615,0
44,Female,Bengaluru,Urban,562089,623,1
48,Female,Coimbatore,Semi-Urban,572284,657,0
34,Female,Bengaluru,Urban,856110,729,1
23,Female,Pune,Urban,825237,710,1
56,Female,Coimbatore,Semi-Urban,708924,789,0
47,Male,Kochi,Semi-Urban,522954,637,0
40,Female,Pune,Urban,748234,619,1
35,Female,Kochi,Semi-Urban,482201,671,0
47,Male,Bengaluru,Urban,468088,701,1
61,Female,Delhi,Urban,655412,702,1
48,Female,Hyderabad,Urban,1013778,697,1
45,Female,Hyderabad,Urban,543160,690,1
62,Female,Mumbai,Urban,611735,652,1
64,Male,Coimbatore,Semi-Urban,284775,659,0
53,Male,Mumbai,Urban,418974,758,1
34,Male,Mumbai,Urban,672730,620,1
28,Male,Hyderabad,Urban,695772,692,1
34,Female,Delhi,Urban,988069,738,1
21,Male,Chennai,Urban,390614,629,0
36,Female,Chennai,Urban,627528,629,1
38,Female,Trivandrum,Semi-Urban,509277,694,1
27,Female,Hyderabad,Urban,656880,701,1
35,Male,Bengaluru,Urban,492948,664,1
44,Male,Hyderabad,Urban,253216,702,1
33,Male,Kochi,Semi-Urban,728346,597,1
29,Male,Coimbatore,Semi-Urban,451581,647,0
35,Female,Pune,Urban,553234,737,1
55,Female,Trivandrum,Semi-Urban,613531,587,0
44,Male,Mumbai,Urban,594863,782,1
53,Female,Hyderabad,Urban,6012,673,0
36,Male,Bengaluru,Urban,281432,760,1
28,Female,Kochi,Semi-Urban,544540,738,1
49,Male,Mumbai,Urban,1060713,691,1
43,Female,Kochi,Semi-Urban,413365,693,0
51,Male,Chennai,Urban,525191,774,1
60,Male,Hyderabad,Urban,869035,626,1
34,Male,Hyderabad,Urban,740844,674,1
50,Male,Coimbatore,Semi-Urban,684696,650,0
59,Female,Chennai,Urban,624258,638,0
47,Male,Delhi,Urban,219302,737,1
36,Female,Bengaluru,Urban,283995,699,1
26,Female,Delhi,Urban,416909,697,0
53,Female,Bengaluru,Urban,520170,698,1
64,Female,Chennai,Urban,841348,719,1
38,Male,Bengaluru,Urban,606473,670,1
36,Male,Hyderabad,Urban,472725,733,1
32,Female,Hyderabad,Urban,543859,675,1
40,Female,Coimbatore,Semi-Urban,874898,680,1
60,Female,Chennai,Urban,625515,661,1
49,Female,Bengaluru,Urban,733504,671,1
50,Male,Delhi,Urban,503179,695,1
46,Female,Kochi,Semi-Urban,214494,677,0
42,Female,Hyderabad,Urban,730804,638,1
53,Male,Delhi,Urban,664554,668,1
59,Female,Coimbatore,Semi-Urban,793499,663,0
49,Male,Hyderabad,Urban,616818,671,1
42,Male,Delhi,Urban,1083978,585,1
33,Female,Bengaluru,Urban,411608,715,1
29,Female,Bengaluru,Urban,382527,670,1
44,Female,Pune,Urban,563291,695,1
35,Female,Hyderabad,Urban,540997,704,1
56,Male,Hyderabad,Urban,560978,624,1
33,Female,Pune,Urban,580354,709,1
47,Male,Trivandrum,Semi-Urban,535723,626,0
64,Male,Delhi,Urban,490977,695,1
57,Male,Trivandrum,Semi-Urban,401871,588,0
27,Female,Trivandrum,Semi-Urban,711217,567,0
28,Male,Trivandrum,Semi-Urban,838351,724,1
57,Female,Bengaluru,Urban,1258953,705,1
61,Female,Mumbai,Urban,673783,668,1
34,Male,Hyderabad,Urban,825775,675,1
32,Female,Bengaluru,Urban,643386,597,1
56,Male,Mumbai,Urban,741234,675,1
60,Male,Kochi,Semi-Urban,585583,681,1
37,Female,Chennai,Urban,542277,654,1
60,Male,Hyderabad,Urban,552590,667,1
49,Female,Kochi,Semi-Urban,979318,627,0
47,Female,Delhi,Urban,956560,601,0
21,Male,Madurai,Semi-Urban,432466,684,0
54,Female,Coimbatore,Semi-Urban,700014,613,0
24,Male,Pune,Urban,547601,698,1
44,Male,Delhi,Urban,958633,693,1
41,Male,Trivandrum,Semi-Urban,362611,727,1
53,Male,Madurai,Semi-Urban,827628,692,1
27,Male,Coimbatore,Semi-Urban,620029,827,1
21,Female,Trivandrum,Semi-Urban,228954,660,0
61,Male,Mumbai,Urban,984343,694,1
23,Female,Hyderabad,Urban,253806,644,0
64,Male,Madurai,Semi-Urban,395967,727,0
35,Male,Coimbatore,Semi-Urban,351351,683,1
51,Male,Coimbatore,Semi-Urban,860322,587,0
36,Female,Bengaluru,Urban,478063,633,0
30,Male,Hyderabad,Urban,367416,666,1
49,Male,Mumbai,Urban,722603,612,1
26,Male,Coimbatore,Semi-Urban,378278,702,0
49,Female,Madurai,Semi-Urban,693127,604,0
37,Male,Hyderabad,Urban,672953,664,1
42,Female,Kochi,Semi-Urban,650607,659,1
44,Male,Bengaluru,Urban,210440,724,1
37,Female,Mumbai,Urban,832572,663,1
41,Male,Mumbai,Urban,893150,716,1
31,Male,Trivandrum,Semi-Urban,789756,695,1
27,Male,Madurai,Semi-Urban,751977,617,0
62,Female,Hyderabad,Urban,565619,784,1
59,Male,Delhi,Urban,945392,728,1
25,Female,Kochi,Semi-Urban,322944,626,0
64,Male,Hyderabad,Urban,146324,621,0
41,Male,Pune,Urban,849559,735,1
38,Male,Madurai,Semi-Urban,249303,719,1
55,Male,Hyderabad,Urban,819790,708,1
40,Female,Mumbai,Urban,316176,626,0
35,Female,Chennai,Urban,728217,643,1
25,Female,Delhi,Urban,452041,740,0
33,Female,Kochi,Semi-Urban,678706,704,1
32,Male,Bengaluru,Urban,882266,637,1
41,Female,Madurai,Semi-Urban,432484,744,0
57,Male,Delhi,Urban,931380,774,1
26,Female,Pune,Urban,603484,651,1
27,Male,Bengaluru,Urban,623320,641,1
46,Female,Coimbatore,Semi-Urban,837228,750,0
62,Female,Coimbatore,Semi-Urban,862662,757,0
28,Female,Bengaluru,Urban,586869,756,1
29,Male,Hyderabad,Urban,293400,695,1
47,Male,Madurai,Semi-Urban,610042,650,0
24,Male,Delhi,Urban,299095,721,1
41,Female,Mumbai,Urban,582311,659,1
51,Female,Madurai,Semi-Urban,529685,656,0
41,Male,Bengaluru,Urban,311539,685,1
60,Male,Mumbai,Urban,423091,677,1
45,Male,Kochi,Semi-Urban,855501,651,1
59,Female,Delhi,Urban,535268,623,0
35,Male,Chennai,Urban,508253,666,1
55,Female,Delhi,Urban,707547,645,0
63,Male,Trivandrum,Semi-Urban,927842,608,0
61,Male,Delhi,Urban,483283,685,1
57,Female,Kochi,Semi-Urban,834024,686,0
62,Male,Chennai,Urban,599667,714,1
48,Male,Coimbatore,Semi-Urban,986299,685,1
34,Male,Mumbai,Urban,813357,674,1
24,Male,Pune,Urban,527049,714,1
40,Female,Bengaluru,Urban,655425,685,1
54,Male,Hyderabad,Urban,439748,692,1
32,Female,Chennai,Urban,632566,705,1
53,Male,Delhi,Urban,434474,649,0
44,Female,Chennai,Urban,462105,725,1
40,Female,Trivandrum,Semi-Urban,834111,679,1
25,Female,Madurai,Semi-Urban,645662,672,0
58,Female,Chennai,Urban,672637,725,1
50,Male,Chennai,Urban,500625,654,1
44,Male,Madurai,Semi-Urban,538134,657,1
63,Female,Hyderabad,Urban,528843,702,1
60,Male,Mumbai,Urban,482167,688,1
27,Male,Chennai,Urban,474539,844,1
56,Male,Mumbai,Urban,426990,730,1
58,Male,Chennai,Urban,323719,560,0
36,Male,Kochi,Semi-Urban,584865,694,1
35,Male,Mumbai,Urban,409615,587,1
43,Male,Coimbatore,Semi-Urban,932104,659,1
32,Female,Hyderabad,Urban,332448,688,1
49,Male,Mumbai,Urban,519193,656,1
64,Female,Chennai,Urban,746815,570,0
35,Male,Pune,Urban,171689,682,1
49,Female,Delhi,Urban,754803,651,1
63,Male,Chennai,Urban,435084,712,1
41,Male,Hyderabad,Urban,383784,585,1
35,Male,Bengaluru,Urban,716991,643,1
34,Male,Bengaluru,Urban,739795,720,1
62,Female,Delhi,Urban,378789,568,0
64,Female,Hyderabad,Urban,532953,703,1
36,Male,Pune,Urban,841645,641,1
35,Male,Chennai,Urban,511203,668,1
62,Male,Coimbatore,Semi-Urban,399148,622,0
24,Male,Hyderabad,Urban,575106,664,1
47,Male,Chennai,Urban,581308,627,1
43,Female,Pune,Urban,548248,618,1
49,Male,Coimbatore,Semi-Urban,689773,720,1
61,Female,Kochi,Semi-Urban,471174,673,0
29,Female,Trivandrum,Semi-Urban,726085,692,1
63,Female,Pune,Urban,526095,683,1
63,Male,Delhi,Urban,312001,744,1
27,Female,Bengaluru,Urban,917826,699,1
62,Female,Bengaluru,Urban,291688,705,0
24,Male,Kochi,Semi-Urban,765662,716,1
25,Male,Kochi,Semi-Urban,567734,637,0
25,Female,Trivandrum,Semi-Urban,604136,768,0
31,Female,Bengaluru,Urban,425591,613,0
61,Male,Pune,Urban,502830,694,1
48,Male,Delhi,Urban,759218,694,1
36,Male,Kochi,Semi-Urban,378231,798,1
61,Male,Bengaluru,Urban,499422,700,1
50,Male,Pune,Urban,811300,641,1
24,Male,Delhi,Urban,482782,648,0
22,Female,Delhi,Urban,605747,657,1
23,Female,Pune,Urban,622087,685,1
41,Female,Pune,Urban,425933,689,1
26,Male,Chennai,Urban,684718,699,1
63,Female,Pune,Urban,585331,681,1
38,Male,Trivandrum,Semi-Urban,439759,706,1
64,Male,Bengaluru,Urban,726536,622,1
25,Female,Chennai,Urban,629041,599,0
29,Male,Mumbai,Urban,586071,735,1
40,Male,Delhi,Urban,537901,600,1
48,Male,Trivandrum,Semi-Urban,306793,675,0
46,Male,Chennai,Urban,569347,639,1
38,Female,Coimbatore,Semi-Urban,155685,768,0
39,Female,Coimbatore,Semi-Urban,747614,774,1
23,Female,Kochi,Semi-Urban,369026,680,0
29,Female,Pune,Urban,707888,664,1
56,Female,Coimbatore,Semi-Urban,319548,667,0
51,Female,Chennai,Urban,340805,689,0
37,Male,Coimbatore,Semi-Urban,451662,722,1
43,Female,Pune,Urban,972773,848,1
54,Male,Bengaluru,Urban,512756,627,1
61,Female,Pune,Urban,935121,692,1
61,Male,Bengaluru,Urban,692702,672,1
25,Female,Delhi,Urban,548155,653,1
35,Female,Coimbatore,Semi-Urban,634595,658,1
23,Female,Coimbatore,Semi-Urban,666849,674,0
39,Female,Trivandrum,Semi-Urban,688774,689,1
48,Male,Delhi,Urban,865046,698,1
23,Male,Kochi,Semi-Urban,617310,704,1
58,Male,Trivandrum,Semi-Urban,722708,609,0
24,Male,Mumbai,Urban,991490,646,1
44,Male,Delhi,Urban,286221,707,1
51,Male,Coimbatore,Semi-Urban,576840,751,1
31,Male,Hyderabad,Urban,760228,703,1
57,Female,Delhi,Urban,322783,664,0
21,Female,Bengaluru,Urban,405873,703,0
29,Male,Kochi,Semi-Urban,411924,692,1
37,Male,Chennai,Urban,676610,627,1
21,Male,Mumbai,Urban,705170,671,1
23,Male,Chennai,Urban,423551,688,1
46,Male,Bengaluru,Urban,685680,715,1
51,Male,Mumbai,Urban,470296,751,1
46,Male,Mumbai,Urban,851161,769,1
43,Male,Mumbai,Urban,702267,596,1
50,Male,Chennai,Urban,746933,670,1
30,Male,Pune,Urban,917786,754,1
28,Female,Bengaluru,Urban,738442,718,1
64,Female,Madurai,Semi-Urban,486053,721,0
45,Male,Trivandrum,Semi-Urban,624750,643,1
42,Male,Chennai,Urban,337737,645,1
35,Male,Mumbai,Urban,379316,712,1
61,Male,Pune,Urban,719167,656,1
30,Male,Kochi,Semi-Urban,934745,623,1
40,Male,Bengaluru,Urban,814609,685,1
61,Male,Mumbai,Urban,668337,670,1
43,Male,Mumbai,Urban,299305,723,1
21,Female,Coimbatore,Semi-Urban,627011,700,0
22,Male,Madurai,Semi-Urban,398831,776,0
39,Male,Bengaluru,Urban,677907,630,1
34,Male,Hyderabad,Urban,335102,682,1
28,Male,Hyderabad,Urban,632673,708,1
58,Female,Pune,Urban,496532,706,0
32,Female,Delhi,Urban,617002,692,1
46,Male,Madurai,Semi-Urban,493890,592,0
47,Female,Mumbai,Urban,286960,581,0
49,Female,Trivandrum,Semi-Urban,804775,626,0
35,Male,Hyderabad,Urban,540681,704,1
21,Male,Madurai,Semi-Urban,513438,585,0
63,Female,Mumbai,Urban,572162,713,1
48,Male,Coimbatore,Semi-Urban,468750,664,0
23,Male,Chennai,Urban,468344,663,1
38,Male,Trivandrum,Semi-Urban,887540,777,1
54,Female,Mumbai,Urban,616442,769,1
52,Female,Bengaluru,Urban,512528,646,0
49,Female,Mumbai,Urban,267948,718,0
45,Female,Delhi,Urban,497566,681,1
46,Female,Chennai,Urban,405814,722,0
59,Female,Chennai,Urban,515811,660,1
28,Female,Mumbai,Urban,903860,613,1
39,Female,Hyderabad,Urban,886482,677,1
62,Male,Mumbai,Urban,547829,720,1
42,Female,Mumbai,Urban,462502,673,1
49,Female,Bengaluru,Urban,715577,721,1
53,Female,Chennai,Urban,823726,743,1
58,Female,Coimbatore,Semi-Urban,545663,738,0
55,Female,Chennai,Urban,1004160,703,1
63,Female,Kochi,Semi-Urban,491910,614,0
23,Male,Mumbai,Urban,528512,581,1
39,Male,Pune,Urban,568505,709,1
30,Male,Bengaluru,Urban,532558,719,1
47,Male,Coimbatore,Semi-Urban,370046,680,0
35,Male,Mumbai,Urban,754579,693,1
31,Male,Bengaluru,Urban,542748,675,1
46,Male,Chennai,Urban,1030701,683,1
44,Female,Mumbai,Urban,754533,699,1
33,Male,Hyderabad,Urban,664810,725,1
52,Female,Hyderabad,Urban,986664,685,1
57,Female,Madurai,Semi-Urban,743653,680,0
24,Male,Hyderabad,Urban,736826,672,1
33,Male,Mumbai,Urban,466562,691,1
29,Female,Trivandrum,Semi-Urban,552239,579,0
54,Female,Coimbatore,Semi-Urban,799276,725,0
57,Male,Bengaluru,Urban,762183,670,1
27,Male,Trivandrum,Semi-Urban,479624,640,0
21,Male,Mumbai,Urban,1067308,748,1
32,Male,Bengaluru,Urban,559127,666,1
41,Male,Chennai,Urban,834326,627,1
31,Male,Bengaluru,Urban,652305,717,1
64,Female,Hyderabad,Urban,691199,656,1
64,Female,Chennai,Urban,532071,661,1
64,Female,Hyderabad,Urban,640475,722,1
34,Female,Delhi,Urban,290210,729,1
54,Female,Trivandrum,Semi-Urban,820816,612,0
54,Female,Delhi,Urban,750405,675,1
45,Male,Kochi,Semi-Urban,972633,607,1
24,Male,Madurai,Semi-Urban,615335,658,1
46,Female,Madurai,Semi-Urban,401171,640,0
36,Female,Madurai,Semi-Urban,899302,732,1
30,Male,Chennai,Urban,547227,625,1
22,Male,Chennai,Urban,-116228,707,1
55,Female,Mumbai,Urban,700308,665,1
39,Male,Hyderabad,Urban,787384,600,1
26,Male,Bengaluru,Urban,843963,638,1
39,Female,Hyderabad,Urban,419707,615,0
28,Male,Pune,Urban,702059,639,1
34,Female,Hyderabad,Urban,715998,629,1
30,Female,Mumbai,Urban,723458,663,1
23,Male,Bengaluru,Urban,480124,727,1
58,Male,Trivandrum,Semi-Urban,671060,637,0
49,Male,Mumbai,Urban,823740,623,1
35,Male,Bengaluru,Urban,224064,649,1
43,Female,Pune,Urban,597238,664,1
43,Male,Coimbatore,Semi-Urban,800470,641,1
38,Male,Trivandrum,Semi-Urban,922626,615,1
39,Male,Pune,Urban,909878,717,1
48,Male,Mumbai,Urban,788937,708,1
46,Male,Trivandrum,Semi-Urban,973507,675,1
30,Female,Chennai,Urban,795185,755,1
24,Male,Trivandrum,Semi-Urban,134988,803,0
22,Male,Bengaluru,Urban,510071,746,1
23,Male,Bengaluru,Urban,885352,574,1
27,Female,Mumbai,Urban,498070,695,0
36,Male,Bengaluru,Urban,859924,640,1
51,Female,Mumbai,Urban,754784,662,1
30,Male,Delhi,Urban,976627,599,1
39,Female,Kochi,Semi-Urban,513479,693,1
48,Male,Bengaluru,Urban,232825,766,1
37,Female,Chennai,Urban,557703,676,1
48,Female,Kochi,Semi-Urban,315314,730,0
39,Female,Kochi,Semi-Urban,507707,697,1
57,Male,Bengaluru,Urban,41317,718,1
43,Female,Delhi,Urban,603411,566,1
40,Female,Coimbatore,Semi-Urban,686746,701,1
33,Male,Bengaluru,Urban,698271,722,1
33,Male,Mumbai,Urban,797862,765,1
63,Female,Hyderabad,Urban,664418,608,0
31,Male,Madurai,Semi-Urban,470671,762,1
35,Female,Chennai,Urban,850611,663,1
37,Male,Hyderabad,Urban,742588,689,1
48,Male,Madurai,Semi-Urban,586884,727,1
39,Female,Hyderabad,Urban,578425,726,1
24,Male,Delhi,Urban,475688,593,0
42,Female,Bengaluru,Urban,858731,685,1
42,Female,Pune,Urban,607600,627,1
57,Female,Coimbatore,Semi-Urban,776712,682,0
59,Female,Kochi,Semi-Urban,200494,649,0
54,Female,Bengaluru,Urban,629408,596,0
53,Male,Bengaluru,Urban,657174,629,1
64,Female,Delhi,Urban,366479,708,0
62,Male,Hyderabad,Urban,451772,697,1
60,Male,Kochi,Semi-Urban,750551,624,0
53,Male,Delhi,Urban,721164,651,1
32,Female,Coimbatore,Semi-Urban,659918,692,1
22,Male,Hyderabad,Urban,860486,694,1
48,Male,Delhi,Urban,714898,713,1
30,Female,Coimbatore,Semi-Urban,881106,691,1
42,Male,Mumbai,Urban,418951,709,1
37,Female,Coimbatore,Semi-Urban,648017,676,1
46,Female,Bengaluru,Urban,619636,704,1
23,Male,Trivandrum,Semi-Urban,357548,760,0
27,Male,Pune,Urban,955218,758,1
64,Female,Hyderabad,Urban,508653,681,1
28,Male,Hyderabad,Urban,678233,621,1
40,Male,Bengaluru,Urban,502394,747,1
32,Male,Kochi,Semi-Urban,827886,562,1
55,Male,Delhi,Urban,548947,706,1
37,Male,Bengaluru,Urban,547718,704,1
48,Male,Trivandrum,Semi-Urban,604308,682,1
61,Female,Coimbatore,Semi-Urban,616908,699,0
30,Male,Madurai,Semi-Urban,490304,613,0
42,Female,Delhi,Urban,445609,627,0
58,Male,Mumbai,Urban,492167,615,0
53,Male,Madurai,Semi-Urban,568939,622,0
42,Female,Mumbai,Urban,654323,644,1
64,Female,Kochi,Semi-Urban,518732,671,0
57,Female,Kochi,Semi-Urban,372392,729,0
33,Female,Hyderabad,Urban,358332,777,1
47,Female,Bengaluru,Urban,417308,638,0
35,Male,Bengaluru,Urban,666247,676,1
42,Female,Mumbai,Urban,775344,684,1
50,Female,Mumbai,Urban,379232,635,0
63,Female,Coimbatore,Semi-Urban,685025,656,0
60,Female,Mumbai,Urban,674119,764,1
57,Female,Hyderabad,Urban,967064,739,1
54,Male,Mumbai,Urban,1064718,746,1
64,Female,Chennai,Urban,812314,707,1
54,Female,Bengaluru,Urban,740825,722,1
55,Female,Bengaluru,Urban,706502,698,1
62,Female,Hyderabad,Urban,453720,759,0
39,Male,Bengaluru,Urban,371156,534,1
28,Female,Chennai,Urban,288329,625,0
59,Female,Coimbatore,Semi-Urban,631480,606,0
53,Female,Chennai,Urban,449653,645,0
64,Male,Bengaluru,Urban,758788,682,1
48,Female,Pune,Urban,375126,672,0
57,Male,Kochi,Semi-Urban,650673,637,0
45,Female,Bengaluru,Urban,447319,688,1
56,Male,Bengaluru,Urban,324277,697,1
37,Female,Kochi,Semi-Urban,437317,706,0
44,Male,Delhi,Urban,470551,718,1
41,Male,Bengaluru,Urban,595798,648,1
22,Female,Chennai,Urban,479103,730,0
51,Male,Pune,Urban,414718,676,1
64,Female,Delhi,Urban,439679,717,0
53,Female,Mumbai,Urban,-146372,648,0
50,Female,Chennai,Urban,524093,765,1
32,Male,Bengaluru,Urban,606765,705,1
64,Female,Mumbai,Urban,515638,685,1
32,Male,Pune,Urban,639624,619,1
44,Female,Bengaluru,Urban,793041,734,1
44,Female,Pune,Urban,811893,625,1
31,Male,Chennai,Urban,795520,790,1
33,Male,Mumbai,Urban,476912,716,1
47,Male,Bengaluru,Urban,414246,614,0
28,Female,Delhi,Urban,487755,690,1
30,Male,Mumbai,Urban,720630,778,1
28,Female,Kochi,Semi-Urban,662318,679,1
40,Female,Delhi,Urban,447574,662,1
28,Female,Mumbai,Urban,815406,695,1
29,Female,Trivandrum,Semi-Urban,378277,642,0
27,Male,Bengaluru,Urban,495503,746,1
34,Female,Delhi,Urban,641814,637,1
48,Female,Bengaluru,Urban,766712,701,1
22,Female,Mumbai,Urban,831668,742,1
63,Male,Coimbatore,Semi-Urban,660934,682,1
28,Male,Bengaluru,Urban,352554,744,1
33,Male,Pune,Urban,811765,670,1
41,Male,Madurai,Semi-Urban,391665,623,0
48,Male,Mumbai,Urban,504109,717,1
55,Male,Bengaluru,Urban,402995,696,1
43,Female,Coimbatore,Semi-Urban,581839,632,0
35,Male,Madurai,Semi-Urban,395864,675,1
22,Female,Chennai,Urban,694446,631,0
32,Male,Madurai,Semi-Urban,683041,679,1
56,Female,Madurai,Semi-Urban,750758,794,0
23,Female,Mumbai,Urban,657025,727,1
25,Female,Coimbatore,Semi-Urban,644701,711,0
23,Female,Mumbai,Urban,403906,688,0
39,Male,Delhi,Urban,464394,732,1
22,Female,Hyderabad,Urban,579724,683,1
64,Male,Chennai,Urban,596488,590,1
57,Male,Trivandrum,Semi-Urban,533222,613,0
37,Male,Bengaluru,Urban,711312,652,1
34,Male,Delhi,Urban,1063356,658,1
48,Male,Madurai,Semi-Urban,680969,681,1
47,Female,Chennai,Urban,465888,739,0
30,Male,Hyderabad,Urban,756284,699,1
23,Female,Delhi,Urban,475309,688,0
56,Female,Chennai,Urban,670816,624,0
58,Male,Coimbatore,Semi-Urban,694859,672,1
45,Male,Hyderabad,Urban,646205,648,1
42,Female,Delhi,Urban,481276,628,0
59,Male,Chennai,Urban,614978,526,1
50,Male,Bengaluru,Urban,499436,620,0
41,Female,Chennai,Urban,498527,767,1
50,Male,Bengaluru,Urban,270016,738,1
48,Male,Mumbai,Urban,575396,637,1
51,Male,Delhi,Urban,1033002,655,1
46,Male,Bengaluru,Urban,99490,805,1
63,Male,Bengaluru,Urban,155162,799,1
42,Male,Mumbai,Urban,611496,690,1
41,Male,Coimbatore,Semi-Urban,750107,717,1
21,Male,Kochi,Semi-Urban,331017,694,0
57,Female,Bengaluru,Urban,643226,664,1
33,Male,Madurai,Semi-Urban,567698,693,1
41,Female,Madurai,Semi-Urban,479516,711,0
29,Male,Hyderabad,Urban,676266,732,1
37,Male,Kochi,Semi-Urban,398502,696,1
41,Female,Mumbai,Urban,803561,695,1
51,Female,Pune,Urban,217414,616,0
59,Male,Mumbai,Urban,583523,638,1
42,Male,Pune,Urban,621488,589,1
32,Male,Chennai,Urban,566721,703,1
26,Female,Hyderabad,Urban,497437,651,0
36,Male,Coimbatore,Semi-Urban,725776,670,1
46,Male,Coimbatore,Semi-Urban,518337,684,1
25,Female,Trivandrum,Semi-Urban,296442,695,0
29,Female,Madurai,Semi-Urban,463327,584,0
60,Female,Trivandrum,Semi-Urban,619121,699,0
34,Male,Kochi,Semi-Urban,490462,660,1
64,Female,Mumbai,Urban,535044,724,1
62,Female,Mumbai,Urban,754632,664,1
50,Female,Mumbai,Urban,480613,649,0
46,Female,Kochi,Semi-Urban,580981,737,0
49,Female,Mumbai,Urban,560908,631,0
39,Male,Bengaluru,Urban,814895,654,1
28,Male,Bengaluru,Urban,609738,633,1
43,Female,Pune,Urban,760246,656,1
62,Male,Bengaluru,Urban,456052,764,1
55,Male,Bengaluru,Urban,950603,619,1
51,Male,Mumbai,Urban,766126,667,1
55,Female,Chennai,Urban,931597,719,1
52,Male,Mumbai,Urban,639882,668,1
25,Female,Bengaluru,Urban,478838,699,0
36,Male,Bengaluru,Urban,554418,653,1
37,Male,Coimbatore,Semi-Urban,641926,674,1
52,Male,Trivandrum,Semi-Urban,639294,667,1
58,Male,Bengaluru,Urban,518175,670,1
52,Female,Kochi,Semi-Urban,597197,738,0
40,Female,Delhi,Urban,650920,649,1
22,Female,Trivandrum,Semi-Urban,437112,695,0
40,Male,Mumbai,Urban,526338,727,1
38,Male,Chennai,Urban,867529,707,1
21,Male,Kochi,Semi-Urban,840070,666,1
49,Male,Hyderabad,Urban,441222,747,1
49,Male,Chennai,Urban,978757,688,1
39,Female,Mumbai,Urban,440719,723,1
64,Male,Trivandrum,Semi-Urban,681408,653,1
60,Male,Mumbai,Urban,865737,709,1
26,Female,Hyderabad,Urban,440566,713,0
64,Male,Coimbatore,Semi-Urban,374440,641,0
59,Female,Madurai,Semi-Urban,698112,747,0
28,Female,Mumbai,Urban,585715,736,1
44,Male,Hyderabad,Urban,530622,653,1
40,Male,Kochi,Semi-Urban,328934,609,0
34,Female,Bengaluru,Urban,863434,671,1
25,Male,Trivandrum,Semi-Urban,650327,675,1
61,Male,Coimbatore,Semi-Urban,737521,649,0
60,Female,Mumbai,Urban,833013,656,1
54,Male,Chennai,Urban,252463,721,1
36,Male,Bengaluru,Urban,635799,760,1
27,Female,Kochi,Semi-Urban,296808,719,0
36,Female,Chennai,Urban,750146,742,1
27,Male,Mumbai,Urban,869307,680,1
47,Male,Hyderabad,Urban,582134,603,1
34,Male,Chennai,Urban,586187,652,1
34,Male,Mumbai,Urban,714869,643,1
64,Female,Mumbai,Urban,695172,729,1
53,Female,Kochi,Semi-Urban,555778,574,0
53,Female,Chennai,Urban,741473,687,1
64,Male,Chennai,Urban,552871,672,1
40,Male,Coimbatore,Semi-Urban,661257,698,1
56,Male,Trivandrum,Semi-Urban,349193,632,0
27,Male,Coimbatore,Semi-Urban,830264,738,1
52,Male,Bengaluru,Urban,425551,688,1
23,Male,Chennai,Urban,663347,623,1
59,Male,Delhi,Urban,374623,630,0
49,Female,Madurai,Semi-Urban,511324,658,0
44,Female,Madurai,Semi-Urban,496758,706,0
42,Male,Coimbatore,Semi-Urban,704449,642,1
26,Male,Bengaluru,Urban,895626,710,1
44,Female,Coimbatore,Semi-Urban,447272,677,0
60,Female,Madurai,Semi-Urban,417534,754,0
43,Male,Bengaluru,Urban,807956,650,1
58,Female,Mumbai,Urban,457278,677,0
30,Female,Delhi,Urban,1064122,723,1
36,Male,Chennai,Urban,387904,637,1
31,Male,Delhi,Urban,745191,633,1
52,Male,Madurai,Semi-Urban,292670,622,0
26,Male,Madurai,Semi-Urban,396601,709,0
44,Male,Pune,Urban,404036,607,1
53,Female,Mumbai,Urban,480452,694,0
32,Female,Mumbai,Urban,765635,645,1
47,Male,Kochi,Semi-Urban,592243,645,0
58,Male,Mumbai,Urban,828342,585,1
38,Female,Bengaluru,Urban,761382,674,1
59,Male,Trivandrum,Semi-Urban,401678,642,0
33,Male,Hyderabad,Urban,578605,669,1
60,Female,Bengaluru,Urban,844738,669,1
50,Male,Bengaluru,Urban,429128,766,1
61,Male,Pune,Urban,714832,634,1
33,Male,Chennai,Urban,454983,705,1
54,Male,Mumbai,Urban,409479,662,1
56,Male,Pune,Urban,540390,709,1
50,Male,Mumbai,Urban,378190,670,1
45,Female,Bengaluru,Urban,848566,768,1
22,Male,Delhi,Urban,34867,677,1
56,Male,Bengaluru,Urban,704046,685,1
38,Male,Bengaluru,Urban,703094,739,1
25,Male,Madurai,Semi-Urban,508587,662,1
39,Female,Hyderabad,Urban,199760,731,1
62,Male,Kochi,Semi-Urban,690999,739,1
38,Female,Mumbai,Urban,510580,652,1
52,Male,Chennai,Urban,475292,720,1
41,Male,Delhi,Urban,838192,632,1
30,Female,Bengaluru,Urban,893524,690,1
57,Male,Hyderabad,Urban,498232,647,0
42,Female,Delhi,Urban,445075,676,1
33,Male,Chennai,Urban,49148,714,1
37,Male,Kochi,Semi-Urban,280128,736,1
29,Female,Bengaluru,Urban,443113,563,0
44,Female,Mumbai,Urban,815082,636,1
64,Female,Trivandrum,Semi-Urban,690378,747,0
34,Female,Mumbai,Urban,811610,680,1
28,Female,Madurai,Semi-Urban,738857,678,1
57,Male,Kochi,Semi-Urban,600153,729,1
39,Male,Pune,Urban,619018,557,1
48,Male,Hyderabad,Urban,707586,630,1
61,Male,Pune,Urban,555362,729,1
50,Male,Delhi,Urban,663429,595,1
27,Female,Trivandrum,Semi-Urban,672362,681,0
46,Male,Madurai,Semi-Urban,648650,576,0
60,Female,Delhi,Urban,486570,653,0
31,Male,Madurai,Semi-Urban,867694,736,1
34,Male,Delhi,Urban,864941,586,1
41,Female,Delhi,Urban,347281,664,1
28,Male,Mumbai,Urban,196040,724,1
23,Male,Bengaluru,Urban,511721,636,1
48,Male,Delhi,Urban,439928,696,1
49,Female,Pune,Urban,270718,770,0
43,Male,Coimbatore,Semi-Urban,524753,716,1
38,Male,Trivandrum,Semi-Urban,885411,690,1
55,Female,Kochi,Semi-Urban,691444,760,0
33,Male,Hyderabad,Urban,763815,687,1
32,Female,Chennai,Urban,864539,673,1
25,Male,Chennai,Urban,754254,627,1
59,Male,Bengaluru,Urban,566948,722,1
31,Female,Kochi,Semi-Urban,833653,782,1
31,Female,Coimbatore,Semi-Urban,440216,573,0
62,Female,Chennai,Urban,296141,637,0
51,Female,Bengaluru,Urban,879833,675,1
51,Male,Hyderabad,Urban,907545,636,1
33,Male,Hyderabad,Urban,518305,719,1
34,Male,Mumbai,Urban,493129,710,1
62,Female,Chennai,Urban,711687,700,1
45,Female,Hyderabad,Urban,380739,771,1
53,Female,Madurai,Semi-Urban,551957,696,0
53,Male,Hyderabad,Urban,646913,653,1
35,Male,Coimbatore,Semi-Urban,461756,622,0
36,Female,Kochi,Semi-Urban,819874,703,1
64,Female,Hyderabad,Urban,651440,623,0
58,Female,Coimbatore,Semi-Urban,572747,717,0
26,Female,Delhi,Urban,796525,656,1
64,Male,Bengaluru,Urban,630304,577,1
45,Male,Bengaluru,Urban,456970,730,1
35,Male,Trivandrum,Semi-Urban,852932,708,1
24,Male,Mumbai,Urban,594834,719,1
24,Male,Mumbai,Urban,-64683,602,0
50,Male,Bengaluru,Urban,656112,746,1
54,Male,Chennai,Urban,216168,772,1
47,Female,Coimbatore,Semi-Urban,1017691,631,0
51,Female,Coimbatore,Semi-Urban,672460,699,0
52,Female,Delhi,Urban,672460,660,1
64,Male,Hyderabad,Urban,750486,659,1
59,Male,Pune,Urban,243408,693,1
29,Male,Kochi,Semi-Urban,679546,650,1
61,Female,Coimbatore,Semi-Urban,397009,671,0
28,Male,Bengaluru,Urban,518427,779,1
34,Male,Mumbai,Urban,687185,615,1
53,Female,Madurai,Semi-Urban,489163,696,0
43,Male,Hyderabad,Urban,215927,794,1
41,Female,Trivandrum,Semi-Urban,695864,682,1
32,Male,Kochi,Semi-Urban,742978,715,1
22,Male,Chennai,Urban,378995,642,0
33,Male,Coimbatore,Semi-Urban,442499,636,0
24,Female,Bengaluru,Urban,560506,612,0
40,Female,Trivandrum,Semi-Urban,984291,684,1
34,Male,Pune,Urban,946255,771,1
50,Male,Pune,Urban,817849,711,1
49,Male,Coimbatore,Semi-Urban,1015143,688,1
28,Female,Delhi,Urban,815468,659,1
32,Female,Kochi,Semi-Urban,654519,655,1
61,Female,Trivandrum,Semi-Urban,378781,638,0
58,Male,Bengaluru,Urban,254059,644,0
46,Male,Bengaluru,Urban,502098,705,1
22,Male,Delhi,Urban,638220,801,1
60,Female,Bengaluru,Urban,1060560,723,1
34,Female,Madurai,Semi-Urban,554807,654,1
26,Male,Mumbai,Urban,630557,641,1
62,Male,Chennai,Urban,669011,638,1
60,Male,Mumbai,Urban,641153,794,1
51,Male,Madurai,Semi-Urban,955553,725,1
37,Female,Pune,Urban,865577,700,1
45,Male,Bengaluru,Urban,601040,737,1
52,Female,Coimbatore,Semi-Urban,475160,715,0
32,Female,Delhi,Urban,487437,571,0
33,Female,Delhi,Urban,606561,628,1
39,Female,Coimbatore,Semi-Urban,457839,737,0
64,Female,Chennai,Urban,781091,788,1
45,Female,Delhi,Urban,464852,747,1
51,Male,Hyderabad,Urban,911083,677,1
57,Female,Bengaluru,Urban,738033,706,1
45,Female,Bengaluru,Urban,338726,632,0
36,Male,Bengaluru,Urban,894543,701,1
58,Female,Kochi,Semi-Urban,335403,693,0
63,Female,Bengaluru,Urban,921197,680,1
43,Female,Delhi,Urban,748855,714,1
34,Male,Delhi,Urban,1048392,688,1
26,Female,Madurai,Semi-Urban,92592,538,0
45,Male,Kochi,Semi-Urban,628388,649,1
43,Female,Pune,Urban,594838,646,1
63,Male,Bengaluru,Urban,476227,672,1
32,Male,Trivandrum,Semi-Urban,797905,695,1
33,Male,Bengaluru,Urban,535858,701,1
56,Male,Trivandrum,Semi-Urban,888171,669,1
59,Male,Hyderabad,Urban,413930,674,1
54,Male,Kochi,Semi-Urban,216641,562,0
26,Female,Hyderabad,Urban,450821,733,0
58,Female,Chennai,Urban,714689,688,1
60,Male,Trivandrum,Semi-Urban,800373,671,1
28,Male,Madurai,Semi-Urban,408720,665,1
28,Male,Chennai,Urban,704172,605,1
60,Female,Pune,Urban,670284,778,1
53,Male,Bengaluru,Urban,641462,647,1
54,Male,Trivandrum,Semi-Urban,949607,600,0
64,Male,Pune,Urban,542661,671,1
35,Male,Bengaluru,Urban,412420,681,1
56,Male,Mumbai,Urban,615157,736,1
55,Male,Hyderabad,Urban,567505,672,1
42,Female,Hyderabad,Urban,780776,667,1
43,Female,Trivandrum,Semi-Urban,601550,641,0
60,Male,Kochi,Semi-Urban,650636,605,0
42,Female,Pune,Urban,542685,613,1
25,Male,Chennai,Urban,142877,707,1
51,Female,Delhi,Urban,636420,702,1
33,Male,Mumbai,Urban,836218,728,1
48,Female,Madurai,Semi-Urban,716773,671,0
40,Female,Bengaluru,Urban,297051,755,1
53,Male,Pune,Urban,532294,633,1
36,Female,Mumbai,Urban,550148,658,1
49,Male,Kochi,Semi-Urban,710842,674,1
43,Female,Hyderabad,Urban,628800,674,1
44,Male,Madurai,Semi-Urban,-2303,638,0
54,Male,Delhi,Urban,394167,630,0
27,Male,Kochi,Semi-Urban,527303,562,0
58,Male,Kochi,Semi-Urban,469915,758,0
57,Male,Hyderabad,Urban,559431,680,1
24,Male,Bengaluru,Urban,504958,661,1
54,Female,Coimbatore,Semi-Urban,552269,640,0
62,Male,Hyderabad,Urban,757836,684,1
42,Male,Coimbatore,Semi-Urban,832778,672,1
25,Female,Delhi,Urban,568044,766,1
62,Male,Hyderabad,Urban,717084,655,1
43,Male,Delhi,Urban,683867,664,1
35,Male,Kochi,Semi-Urban,873983,718,1
51,Male,Trivandrum,Semi-Urban,734251,713,1
29,Male,Coimbatore,Semi-Urban,1013276,619,1
63,Female,Chennai,Urban,739536,706,1
45,Male,Pune,Urban,276442,740,1
45,Male,Mumbai,Urban,868681,752,1
41,Male,Madurai,Semi-Urban,784026,618,1
29,Male,Chennai,Urban,779737,678,1
58,Male,Bengaluru,Urban,337671,625,0
42,Male,Delhi,Urban,818773,722,1
63,Male,Hyderabad,Urban,797534,687,1
43,Male,Pune,Urban,320148,740,1
24,Female,Bengaluru,Urban,741756,706,1
49,Male,Bengaluru,Urban,658561,634,1
35,Male,Bengaluru,Urban,601860,684,1
21,Female,Chennai,Urban,583231,642,0
50,Male,Delhi,Urban,219119,626,0
49,Female,Mumbai,Urban,586260,654,1
40,Female,Hyderabad,Urban,755221,689,1
53,Male,Bengaluru,Urban,435205,631,0
61,Male,Chennai,Urban,588641,686,1
64,Female,Chennai,Urban,498312,612,0
56,Female,Trivandrum,Semi-Urban,514207,584,0
42,Female,Coimbatore,Semi-Urban,232640,769,0
33,Male,Coimbatore,Semi-Urban,732093,659,1
27,Male,Pune,Urban,603853,669,1
28,Female,Madurai,Semi-Urban,436568,661,0
48,Male,Mumbai,Urban,839475,705,1
63,Female,Mumbai,Urban,771327,688,1
29,Male,Madurai,Semi-Urban,586638,724,1
45,Female,Kochi,Semi-Urban,849942,694,1
36,Male,Hyderabad,Urban,916649,678,1
30,Male,Delhi,Urban,411875,730,1
31,Female,Pune,Urban,376952,661,1
51,Male,Coimbatore,Semi-Urban,153579,677,0
32,Male,Hyderabad,Urban,458268,667,1
51,Male,Pune,Urban,522529,748,1
34,Female,Pune,Urban,273750,696,1
64,Female,Chennai,Urban,432322,683,0
52,Male,Madurai,Semi-Urban,747911,571,0
37,Male,Madurai,Semi-Urban,652729,697,1
55,Male,Bengaluru,Urban,447982,715,1
21,Female,Kochi,Semi-Urban,847865,725,0
49,Male,Hyderabad,Urban,330567,669,1
24,Male,Kochi,Semi-Urban,700095,712,1
43,Male,Madurai,Semi-Urban,553571,702,1
48,Male,Mumbai,Urban,619094,578,1
36,Female,Mumbai,Urban,660139,736,1
32,Male,Pune,Urban,839419,671,1
41,Male,Pune,Urban,741872,691,1
37,Male,Bengaluru,Urban,818719,648,1
60,Female,Pune,Urban,396459,714,0
33,Male,Bengaluru,Urban,542300,698,1
52,Male,Hyderabad,Urban,410742,596,0
57,Male,Trivandrum,Semi-Urban,338587,645,0
35,Female,Coimbatore,Semi-Urban,780722,750,1
32,Male,Trivandrum,Semi-Urban,208353,719,1
35,Male,Bengaluru,Urban,483213,663,1
54,Male,Bengaluru,Urban,490258,664,1
26,Male,Pune,Urban,557544,635,1
37,Female,Bengaluru,Urban,371226,638,0
40,Male,Bengaluru,Urban,452561,690,1
29,Female,Coimbatore,Semi-Urban,973044,762,1
25,Male,Kochi,Semi-Urban,547679,664,1
43,Male,Hyderabad,Urban,423306,681,1
53,Male,Chennai,Urban,647100,643,1
58,Female,Madurai,Semi-Urban,615130,675,0
34,Male,Pune,Urban,984983,697,1
37,Female,Bengaluru,Urban,545352,774,1
39,Male,Delhi,Urban,697394,738,1
53,Male,Chennai,Urban,360014,738,1
21,Female,Coimbatore,Semi-Urban,456268,657,0
33,Female,Hyderabad,Urban,475752,634,0
47,Male,Trivandrum,Semi-Urban,303511,680,0
26,Female,Delhi,Urban,609481,649,0
26,Male,Delhi,Urban,650336,657,1
53,Male,Madurai,Semi-Urban,625474,693,1
50,Male,Mumbai,Urban,277776,712,1
55,Male,Coimbatore,Semi-Urban,406893,740,0
43,Male,Hyderabad,Urban,521076,705,1
30,Male,Chennai,Urban,366610,687,1
39,Female,Mumbai,Urban,191852,639,0
48,Female,Mumbai,Urban,791603,740,1
43,Male,Mumbai,Urban,902035,719,1
24,Female,Coimbatore,Semi-Urban,828866,658,0
40,Male,Delhi,Urban,658394,722,1
39,Male,Madurai,Semi-Urban,481261,685,1
62,Female,Delhi,Urban,1033579,736,1
47,Male,Chennai,Urban,814347,668,1
54,Female,Bengaluru,Urban,435625,669,0
24,Male,Madurai,Semi-Urban,901916,600,0
58,Male,Bengaluru,Urban,633052,657,1
27,Male,Bengaluru,Urban,864037,763,1
27,Female,Bengaluru,Urban,918803,813,1
46,Female,Mumbai,Urban,467592,702,0
46,Female,Delhi,Urban,573073,655,1
39,Male,Bengaluru,Urban,649543,666,1
29,Male,Delhi,Urban,618517,677,1
40,Female,Mumbai,Urban,394339,663,1
62,Male,Coimbatore,Semi-Urban,622424,719,1
36,Male,Coimbatore,Semi-Urban,541486,611,1
37,Female,Kochi,Semi-Urban,544715,681,1
42,Male,Mumbai,Urban,285128,771,1
33,Male,Chennai,Urban,553424,732,1
32,Female,Coimbatore,Semi-Urban,1028604,782,1
30,Female,Hyderabad,Urban,691154,673,1
21,Female,Hyderabad,Urban,536748,648,0
52,Male,Madurai,Semi-Urban,707643,695,1
50,Male,Pune,Urban,881732,641,1
28,Female,Madurai,Semi-Urban,456176,654,0
41,Female,Pune,Urban,937230,669,1
42,Male,Madurai,Semi-Urban,386322,741,1
38,Female,Trivandrum,Semi-Urban,521977,727,1
22,Female,Hyderabad,Urban,504585,705,1
64,Male,Pune,Urban,843511,685,1
29,Female,Madurai,Semi-Urban,378739,768,0
23,Male,Chennai,Urban,812706,702,1
46,Male,Mumbai,Urban,563105,634,1
41,Male,Bengaluru,Urban,627663,688,1
50,Male,Pune,Urban,837099,633,1
48,Female,Delhi,Urban,696363,654,1
56,Female,Chennai,Urban,855456,749,1
46,Female,Hyderabad,Urban,808738,695,1
54,Male,Pune,Urban,1123901,685,1
28,Male,Kochi,Semi-Urban,830648,693,1
30,Male,Mumbai,Urban,624588,676,1
63,Male,Mumbai,Urban,612251,574,1
34,Male,Bengaluru,Urban,947144,717,1
60,Male,Bengaluru,Urban,664293,713,1
35,Male,Delhi,Urban,705582,689,1
37,Male,Delhi,Urban,844011,645,1
38,Male,Hyderabad,Urban,539599,769,1
52,Male,Delhi,Urban,430747,656,1
58,Female,Bengaluru,Urban,724298,640,0
43,Male,Pune,Urban,512383,685,1
43,Male,Hyderabad,Urban,914069,715,1
55,Female,Bengaluru,Urban,121088,704,0
59,Female,Chennai,Urban,510761,708,1
35,Female,Bengaluru,Urban,672287,739,1
44,Male,Chennai,Urban,486120,694,1
48,Male,Mumbai,Urban,906482,747,1
36,Female,Trivandrum,Semi-Urban,668024,705,1
36,Female,Hyderabad,Urban,491132,676,1
60,Male,Mumbai,Urban,675282,658,1
59,Male,Pune,Urban,341783,749,1
26,Male,Hyderabad,Urban,730304,713,1
22,Male,Coimbatore,Semi-Urban,891264,663,1
33,Female,Chennai,Urban,596658,658,1
64,Male,Chennai,Urban,625053,629,1
29,Female,Mumbai,Urban,400401,765,1
54,Male,Chennai,Urban,474286,704,1
37,Female,Madurai,Semi-Urban,836479,753,1
47,Male,Bengaluru,Urban,602535,785,1
49,Male,Delhi,Urban,1071917,773,1
57,Male,Delhi,Urban,740679,659,1
63,Female,Bengaluru,Urban,397189,825,0
42,Male,Trivandrum,Semi-Urban,1085990,718,1
44,Male,Mumbai,Urban,338217,622,1
27,Female,Trivandrum,Semi-Urban,547146,692,0
54,Male,Coimbatore,Semi-Urban,658686,685,1
32,Female,Hyderabad,Urban,686707,701,1
43,Female,Mumbai,Urban,500190,695,1
35,Female,Chennai,Urban,626112,711,1
53,Male,Chennai,Urban,890723,645,1
33,Male,Bengaluru,Urban,893547,696,1
43,Female,Pune,Urban,988671,659,1
58,Male,Mumbai,Urban,450228,690,1
52,Male,Bengaluru,Urban,682728,672,1
55,Female,Bengaluru,Urban,714771,659,1
21,Male,Hyderabad,Urban,258653,718,1
25,Female,Bengaluru,Urban,561852,705,1
33,Female,Hyderabad,Urban,734368,701,1
25,Female,Bengaluru,Urban,593322,658,1
52,Male,Bengaluru,Urban,486093,709,1
41,Male,Kochi,Semi-Urban,697835,678,1
44,Male,Madurai,Semi-Urban,865169,659,1
38,Male,Mumbai,Urban,661518,730,1
41,Male,Coimbatore,Semi-Urban,189903,721,1
30,Male,Bengaluru,Urban,861434,529,1
44,Male,Coimbatore,Semi-Urban,364713,573,0
60,Male,Bengaluru,Urban,384231,758,1
41,Female,Coimbatore,Semi-Urban,670761,617,0
45,Male,Madurai,Semi-Urban,673456,614,1
43,Male,Coimbatore,Semi-Urban,488569,672,1
42,Female,Coimbatore,Semi-Urban,765849,693,1
24,Female,Delhi,Urban,614388,655,1
54,Male,Chennai,Urban,308776,527,0
26,Female,Kochi,Semi-Urban,415411,687,0
48,Male,Mumbai,Urban,555647,770,1
51,Male,Bengaluru,Urban,622815,611,1
55,Female,Mumbai,Urban,505948,762,1
59,Female,Kochi,Semi-Urban,244572,666,0
62,Male,Bengaluru,Urban,472889,769,1
43,Female,Kochi,Semi-Urban,745020,711,1
26,Female,Kochi,Semi-Urban,625847,652,0
36,Female,Chennai,Urban,797705,711,1
22,Male,Mumbai,Urban,769340,745,1
44,Male,Pune,Urban,266014,606,1
37,Male,Madurai,Semi-Urban,479599,685,1
21,Male,Mumbai,Urban,749925,731,1
26,Male,Hyderabad,Urban,711713,662,1
25,Female,Bengaluru,Urban,710638,614,0
49,Female,Bengaluru,Urban,811264,782,1
32,Female,Hyderabad,Urban,866562,589,1
59,Male,Pune,Urban,263258,664,1
23,Male,Pune,Urban,527760,676,1
21,Male,Coimbatore,Semi-Urban,741256,784,1
47,Male,Hyderabad,Urban,768056,568,1
44,Female,Bengaluru,Urban,959727,679,1
64,Male,Delhi,Urban,909017,648,1
39,Female,Kochi,Semi-Urban,840232,647,0
28,Male,Mumbai,Urban,516270,758,1
64,Male,Trivandrum,Semi-Urban,781706,631,0
22,Female,Trivandrum,Semi-Urban,1008323,617,0
50,Male,Coimbatore,Semi-Urban,912200,621,0
50,Male,Mumbai,Urban,687630,688,1
59,Male,Coimbatore,Semi-Urban,901907,678,1
52,Female,Bengaluru,Urban,657360,666,1
21,Female,Kochi,Semi-Urban,659681,653,0
58,Female,Chennai,Urban,568336,751,1
33,Female,Hyderabad,Urban,336050,581,0
31,Female,Bengaluru,Urban,804424,740,1
30,Female,Chennai,Urban,593726,610,1
46,Male,Pune,Urban,642871,733,1
40,Male,Mumbai,Urban,716162,720,1
37,Male,Pune,Urban,498424,711,1
37,Female,Chennai,Urban,790384,675,1
24,Male,Chennai,Urban,584710,658,1
25,Male,Delhi,Urban,592741,689,1
43,Female,Hyderabad,Urban,-21135,736,1
30,Male,Kochi,Semi-Urban,645038,664,1
48,Female,Mumbai,Urban,428083,654,0
53,Female,Coimbatore,Semi-Urban,543052,677,0
63,Male,Mumbai,Urban,460442,667,1
46,Female,Delhi,Urban,473199,671,0
49,Female,Hyderabad,Urban,569603,762,1
47,Male,Trivandrum,Semi-Urban,712389,641,0
38,Female,Kochi,Semi-Urban,913807,743,1
60,Female,Mumbai,Urban,646015,726,1
30,Male,Hyderabad,Urban,522793,607,1
62,Male,Kochi,Semi-Urban,550485,644,0
25,Male,Pune,Urban,804350,677,1
30,Male,Bengaluru,Urban,699766,677,1
41,Male,Coimbatore,Semi-Urban,362737,653,1
44,Female,Delhi,Urban,473678,730,1
58,Male,Delhi,Urban,616853,690,1
23,Female,Pune,Urban,568203,683,1
60,Male,Delhi,Urban,492912,744,1
51,Male,Coimbatore,Semi-Urban,565307,643,0
61,Female,Delhi,Urban,659596,651,1
57,Female,Chennai,Urban,680378,660,1
22,Male,Trivandrum,Semi-Urban,611752,610,0
22,Male,Pune,Urban,787745,678,1
59,Female,Coimbatore,Semi-Urban,693521,711,0
62,Male,Chennai,Urban,399614,616,0
64,Male,Hyderabad,Urban,535675,627,1
54,Male,Delhi,Urban,575463,682,1
62,Female,Delhi,Urban,571943,697,1
40,Male,Chennai,Urban,445032,667,1
53,Male,Chennai,Urban,493637,660,1
24,Male,Trivandrum,Semi-Urban,783760,747,1
64,Female,Trivandrum,Semi-Urban,405718,650,0
31,Male,Coimbatore,Semi-Urban,544583,755,1
62,Male,Pune,Urban,853429,651,1
25,Male,Hyderabad,Urban,588828,705,1
45,Male,Madurai,Semi-Urban,1081393,650,1
57,Female,Kochi,Semi-Urban,926403,658,0
54,Female,Pune,Urban,168871,648,0
29,Female,Hyderabad,Urban,385175,716,1
26,Female,Chennai,Urban,615531,761,1
38,Female,Trivandrum,Semi-Urban,539701,685,1
34,Male,Pune,Urban,743639,627,1
39,Female,Coimbatore,Semi-Urban,732030,711,1
34,Male,Trivandrum,Semi-Urban,300339,753,1
60,Female,Hyderabad,Urban,835306,723,1
37,Male,Trivandrum,Semi-Urban,987184,610,1
55,Female,Coimbatore,Semi-Urban,328469,649,0
49,Male,Trivandrum,Semi-Urban,525125,639,0
62,Female,Kochi,Semi-Urban,536125,682,0
37,Female,Bengaluru,Urban,850744,708,1
63,Female,Kochi,Semi-Urban,903106,735,0
28,Female,Mumbai,Urban,513776,700,1
21,Male,Pune,Urban,508444,755,1
56,Male,Delhi,Urban,803326,772,1
27,Female,Delhi,Urban,558364,751,1
25,Female,Pune,Urban,645569,646,0
44,Male,Bengaluru,Urban,791898,714,1
48,Male,Hyderabad,Urban,746515,707,1
63,Male,Kochi,Semi-Urban,658251,774,1
37,Male,Hyderabad,Urban,338031,836,1
57,Male,Hyderabad,Urban,720434,661,1
40,Male,Madurai,Semi-Urban,798698,691,1
23,Male,Delhi,Urban,750861,687,1
57,Male,Bengaluru,Urban,325450,742,1
46,Male,Hyderabad,Urban,764106,676,1
35,Male,Bengaluru,Urban,458829,717,1
28,Male,Delhi,Urban,119557,684,1
33,Female,Chennai,Urban,569125,607,1
23,Male,Madurai,Semi-Urban,370781,682,0
21,Female,Delhi,Urban,599596,693,1
29,Female,Bengaluru,Urban,350460,697,1
51,Male,Hyderabad,Urban,557770,735,1
61,Male,Kochi,Semi-Urban,275259,663,0
46,Male,Hyderabad,Urban,464874,631,0
37,Male,Delhi,Urban,667265,755,1
54,Male,Madurai,Semi-Urban,953945,661,1
29,Male,Hyderabad,Urban,544047,694,1
33,Female,Hyderabad,Urban,597317,688,1
25,Male,Coimbatore,Semi-Urban,759647,608,0
61,Female,Hyderabad,Urban,681072,758,1
33,Male,Bengaluru,Urban,691238,699,1
21,Female,Chennai,Urban,739766,715,1
45,Male,Pune,Urban,523827,748,1
24,Male,Pune,Urban,442507,678,1
56,Male,Chennai,Urban,655817,715,1
30,Female,Delhi,Urban,133944,694,1
48,Male,Bengaluru,Urban,189308,725,1
26,Female,Kochi,Semi-Urban,899090,667,0
47,Female,Chennai,Urban,827071,764,1
32,Female,Bengaluru,Urban,464071,629,0
23,Male,Coimbatore,Semi-Urban,353958,754,0
53,Female,Hyderabad,Urban,708476,759,1
30,Female,Bengaluru,Urban,740643,701,1
51,Male,Coimbatore,Semi-Urban,421559,682,0
35,Male,Trivandrum,Semi-Urban,574689,754,1
27,Female,Kochi,Semi-Urban,239573,733,0
56,Female,Madurai,Semi-Urban,512186,644,0
34,Male,Mumbai,Urban,552795,713,1
34,Female,Bengaluru,Urban,632524,673,1
23,Male,Bengaluru,Urban,1043132,707,1
23,Male,Hyderabad,Urban,364188,715,1
42,Male,Bengaluru,Urban,900441,645,1
39,Male,Delhi,Urban,483658,615,1
55,Female,Bengaluru,Urban,463360,656,0
32,Male,Mumbai,Urban,808874,748,1
25,Male,Chennai,Urban,460369,692,1
30,Male,Hyderabad,Urban,421836,749,1
61,Male,Kochi,Semi-Urban,721670,774,1
53,Female,Hyderabad,Urban,694480,692,1
33,Female,Hyderabad,Urban,494136,710,1
55,Male,Pune,Urban,959357,727,1
52,Female,Trivandrum,Semi-Urban,499685,584,0
31,Male,Delhi,Urban,281362,653,1
58,Female,Delhi,Urban,365321,683,0
44,Female,Kochi,Semi-Urban,359095,740,0
55,Male,Bengaluru,Urban,524975,613,1
39,Female,Bengaluru,Urban,886069,723,1
26,Male,Kochi,Semi-Urban,236765,659,0
60,Male,Hyderabad,Urban,940044,713,1
64,Male,Bengaluru,Urban,457735,666,1
62,Female,Hyderabad,Urban,482190,672,0
55,Male,Bengaluru,Urban,438568,661,1
24,Female,Madurai,Semi-Urban,492220,667,0
53,Female,Chennai,Urban,546761,746,1
33,Male,Bengaluru,Urban,569621,633,1
56,Male,Kochi,Semi-Urban,653409,616,0
63,Female,Delhi,Urban,176013,626,0
39,Male,Delhi,Urban,567712,659,1
63,Male,Mumbai,Urban,693862,679,1
32,Female,Mumbai,Urban,583012,694,1
31,Female,Coimbatore,Semi-Urban,542117,679,1
26,Male,Chennai,Urban,494755,653,1
32,Female,Mumbai,Urban,808856,783,1
47,Male,Pune,Urban,692262,715,1
61,Male,Chennai,Urban,554139,647,1
45,Female,Hyderabad,Urban,701409,684,1
62,Female,Chennai,Urban,783079,739,1
23,Male,Bengaluru,Urban,323972,658,1
23,Male,Chennai,Urban,698615,674,1
40,Female,Bengaluru,Urban,429791,663,1
48,Male,Chennai,Urban,856543,742,1
43,Male,Hyderabad,Urban,407166,706,1
23,Male,Bengaluru,Urban,593007,652,1
62,Female,Trivandrum,Semi-Urban,653278,792,0
44,Male,Coimbatore,Semi-Urban,227033,635,0
63,Male,Mumbai,Urban,181332,684,1
60,Male,Pune,Urban,514497,745,1
26,Male,Kochi,Semi-Urban,934175,679,1
40,Male,Trivandrum,Semi-Urban,561701,669,1
31,Male,Chennai,Urban,694606,707,1
52,Male,Coimbatore,Semi-Urban,-25043,693,0
47,Female,Pune,Urban,766057,644,0
41,Male,Chennai,Urban,697776,721,1
64,Male,Kochi,Semi-Urban,730992,644,0
33,Female,Trivandrum,Semi-Urban,607851,616,0
42,Female,Hyderabad,Urban,344045,696,1
55,Female,Mumbai,Urban,448407,642,0
42,Male,Bengaluru,Urban,417710,688,1
48,Male,Chennai,Urban,708552,706,1
41,Female,Bengaluru,Urban,553118,696,1
38,Female,Delhi,Urban,765317,843,1
51,Male,Kochi,Semi-Urban,724314,760,1
57,Male,Madurai,Semi-Urban,950977,715,1
41,Female,Delhi,Urban,621275,712,1
34,Male,Chennai,Urban,554654,728,1
45,Male,Bengaluru,Urban,618666,688,1
47,Male,Madurai,Semi-Urban,65955,683,0
60,Female,Mumbai,Urban,525167,685,1
43,Female,Trivandrum,Semi-Urban,721542,664,1
51,Female,Bengaluru,Urban,539961,789,1
49,Male,Mumbai,Urban,549158,638,1
50,Male,Hyderabad,Urban,538337,736,1
46,Male,Bengaluru,Urban,915333,729,1
40,Female,Coimbatore,Semi-Urban,652800,723,1
58,Female,Delhi,Urban,566860,691,1
39,Female,Hyderabad,Urban,1082607,644,1
47,Male,Coimbatore,Semi-Urban,335173,711,0
45,Female,Mumbai,Urban,461249,711,1
60,Male,Bengaluru,Urban,381036,807,1
58,Male,Pune,Urban,443593,722,1
43,Male,Chennai,Urban,846821,704,1
49,Male,Coimbatore,Semi-Urban,396231,690,0
35,Female,Coimbatore,Semi-Urban,603148,670,1
23,Male,Chennai,Urban,691810,702,1
30,Female,Mumbai,Urban,735279,720,1
35,Male,Bengaluru,Urban,465142,651,1
36,Male,Hyderabad,Urban,709266,666,1
37,Male,Trivandrum,Semi-Urban,504837,645,1
39,Male,Chennai,Urban,599024,713,1
31,Male,Bengaluru,Urban,382006,745,1
25,Male,Mumbai,Urban,334772,554,0
25,Male,Delhi,Urban,667583,673,1
34,Female,Kochi,Semi-Urban,1074551,779,1
46,Female,Trivandrum,Semi-Urban,531703,726,0
28,Female,Trivandrum,Semi-Urban,591505,708,1
25,Male,Coimbatore,Semi-Urban,720675,629,0
27,Male,Chennai,Urban,810775,733,1
36,Male,Delhi,Urban,820934,686,1
34,Female,Hyderabad,Urban,706723,727,1
57,Male,Pune,Urban,564927,801,1
61,Male,Mumbai,Urban,735900,623,1
24,Male,Pune,Urban,678208,761,1
56,Male,Trivandrum,Semi-Urban,587885,674,1
37,Female,Trivandrum,Semi-Urban,782518,751,1
56,Male,Mumbai,Urban,685414,659,1
26,Male,Mumbai,Urban,460047,639,0
36,Female,Delhi,Urban,386977,726,1
49,Male,Hyderabad,Urban,281835,605,0
56,Male,Madurai,Semi-Urban,411613,650,0
58,Male,Coimbatore,Semi-Urban,606140,650,0
57,Female,Coimbatore,Semi-Urban,804993,654,0
30,Female,Mumbai,Urban,576738,719,1
61,Female,Bengaluru,Urban,659058,715,1
56,Female,Kochi,Semi-Urban,720289,683,0
49,Male,Hyderabad,Urban,356850,649,0
34,Male,Madurai,Semi-Urban,513548,679,1
24,Male,Coimbatore,Semi-Urban,367341,623,0
64,Female,Bengaluru,Urban,532642,623,0
62,Male,Delhi,Urban,653023,651,1
56,Female,Trivandrum,Semi-Urban,615687,614,0
33,Female,Delhi,Urban,435347,693,1
38,Female,Delhi,Urban,709108,716,1
53,Male,Chennai,Urban,652587,687,1
41,Male,Chennai,Urban,685728,630,1
36,Male,Trivandrum,Semi-Urban,631122,663,1
35,Male,Bengaluru,Urban,449737,732,1
25,Female,Coimbatore,Semi-Urban,357310,745,0
26,Male,Delhi,Urban,677735,625,1
58,Female,Pune,Urban,684796,708,1
23,Female,Pune,Urban,615377,645,0
32,Male,Kochi,Semi-Urban,1020890,745,1
56,Male,Mumbai,Urban,508268,748,1
53,Male,Mumbai,Urban,668690,561,1
56,Male,Chennai,Urban,622412,639,1
53,Male,Bengaluru,Urban,593306,707,1
51,Male,Delhi,Urban,387066,574,0
41,Male,Coimbatore,Semi-Urban,546040,759,1
47,Female,Chennai,Urban,792691,705,1
47,Male,Mumbai,Urban,717975,608,1
28,Male,Delhi,Urban,770467,735,1
57,Male,Madurai,Semi-Urban,478301,735,0
52,Female,Bengaluru,Urban,785054,714,1
46,Female,Chennai,Urban,381054,707,0
22,Male,Madurai,Semi-Urban,560809,727,1
32,Female,Bengaluru,Urban,396278,629,0
42,Female,Kochi,Semi-Urban,954765,693,1
37,Female,Kochi,Semi-Urban,632272,643,0
27,Male,Hyderabad,Urban,789280,739,1
63,Female,Mumbai,Urban,680369,681,1
24,Male,Madurai,Semi-Urban,706694,569,0
57,Female,Chennai,Urban,391100,606,0
58,Male,Chennai,Urban,587265,679,1
52,Female,Delhi,Urban,383741,652,0
31,Female,Mumbai,Urban,506554,654,1
21,Male,Delhi,Urban,604854,642,1
45,Female,Pune,Urban,412348,638,0
62,Male,Madurai,Semi-Urban,339953,698,0
44,Male,Chennai,Urban,355069,717,1
63,Male,Hyderabad,Urban,723134,693,1
37,Female,Chennai,Urban,533167,713,1
28,Male,Pune,Urban,338377,683,1
47,Male,Mumbai,Urban,583755,602,1
38,Female,Mumbai,Urban,738019,754,1
47,Female,Coimbatore,Semi-Urban,570486,751,0
42,Female,Delhi,Urban,308364,711,1
36,Male,Bengaluru,Urban,556689,618,1
22,Male,Mumbai,Urban,430463,606,0
25,Male,Kochi,Semi-Urban,640584,643,0
38,Female,Trivandrum,Semi-Urban,516075,787,1
23,Male,Kochi,Semi-Urban,632763,698,1
47,Male,Bengaluru,Urban,244303,681,1
37,Female,Hyderabad,Urban,603273,686,1
36,Male,Trivandrum,Semi-Urban,535372,660,1
26,Male,Madurai,Semi-Urban,410979,677,0
27,Male,Bengaluru,Urban,600547,684,1
34,Male,Bengaluru,Urban,525605,651,1
58,Male,Kochi,Semi-Urban,573950,619,0
60,Male,Delhi,Urban,390069,685,1
35,Female,Chennai,Urban,617174,641,1
53,Male,Delhi,Urban,216915,734,1
63,Male,Pune,Urban,547030,704,1
47,Female,Kochi,Semi-Urban,578248,674,0
49,Female,Mumbai,Urban,920649,644,0
57,Female,Coimbatore,Semi-Urban,530225,714,0
25,Female,Chennai,Urban,901660,716,1
49,Female,Mumbai,Urban,809813,657,1
52,Male,Delhi,Urban,557934,697,1
26,Female,Mumbai,Urban,585370,637,0
22,Male,Pune,Urban,366391,688,1
26,Male,Hyderabad,Urban,464820,639,0
63,Male,Bengaluru,Urban,628938,655,1
24,Male,Madurai,Semi-Urban,518666,723,1
49,Male,Chennai,Urban,759684,739,1
45,Male,Hyderabad,Urban,714129,610,1
29,Male,Delhi,Urban,641809,672,1
23,Female,Pune,Urban,719600,713,1
46,Female,Delhi,Urban,668088,627,0
63,Male,Mumbai,Urban,597388,660,1
47,Female,Delhi,Urban,445297,707,0
56,Male,Pune,Urban,962335,653,1
52,Female,Coimbatore,Semi-Urban,724265,613,0
21,Male,Chennai,Urban,665823,663,1
36,Male,Coimbatore,Semi-Urban,439148,669,1
31,Male,Coimbatore,Semi-Urban,1077937,757,1
46,Male,Trivandrum,Semi-Urban,453913,797,0
60,Male,Kochi,Semi-Urban,605855,696,1
21,Male,Mumbai,Urban,613505,684,1
46,Male,Kochi,Semi-Urban,327468,624,0
48,Male,Trivandrum,Semi-Urban,687259,610,0
29,Male,Bengaluru,Urban,666364,738,1
64,Female,Chennai,Urban,384738,606,0
42,Male,Chennai,Urban,745317,713,1
28,Male,Coimbatore,Semi-Urban,405134,799,1
62,Female,Kochi,Semi-Urban,534783,628,0
47,Female,Mumbai,Urban,443216,584,0
59,Male,Coimbatore,Semi-Urban,720623,704,1
39,Female,Trivandrum,Semi-Urban,699507,744,1
45,Male,Madurai,Semi-Urban,373297,630,0
58,Male,Bengaluru,Urban,480372,727,1
41,Male,Mumbai,Urban,483321,742,1
44,Female,Trivandrum,Semi-Urban,729224,699,1
44,Male,Chennai,Urban,457073,660,1
39,Female,Hyderabad,Urban,574988,720,1
22,Male,Mumbai,Urban,553061,653,1
34,Female,Coimbatore,Semi-Urban,534296,677,1
52,Male,Mumbai,Urban,944129,661,1
62,Male,Mumbai,Urban,464502,694,1
52,Male,Mumbai,Urban,554422,688,1
48,Female,Chennai,Urban,672589,678,1
59,Male,Pune,Urban,515001,667,1
60,Female,Hyderabad,Urban,482379,709,0
62,Female,Delhi,Urban,667852,643,0
60,Male,Bengaluru,Urban,756611,639,1
33,Female,Mumbai,Urban,860522,736,1
32,Female,Madurai,Semi-Urban,560415,726,1
28,Male,Pune,Urban,445936,645,1
35,Male,Hyderabad,Urban,444490,642,1
46,Male,Chennai,Urban,880552,645,1
32,Male,Hyderabad,Urban,665016,587,1
63,Male,Hyderabad,Urban,436140,727,1
47,Male,Kochi,Semi-Urban,464126,698,0
38,Female,Mumbai,Urban,377847,635,0
56,Male,Trivandrum,Semi-Urban,584194,715,1
47,Female,Trivandrum,Semi-Urban,696469,724,0
29,Male,Chennai,Urban,909143,677,1
59,Male,Coimbatore,Semi-Urban,816925,702,1
21,Female,Coimbatore,Semi-Urban,607308,701,0
27,Female,Delhi,Urban,461587,679,0
46,Male,Pune,Urban,691778,681,1
27,Male,Coimbatore,Semi-Urban,246023,698,0
27,Male,Delhi,Urban,442414,690,1
28,Male,Madurai,Semi-Urban,727035,657,1
36,Male,Delhi,Urban,775192,652,1
23,Female,Delhi,Urban,861695,759,1
30,Male,Hyderabad,Urban,577367,661,1
27,Male,Madurai,Semi-Urban,859264,615,0
41,Male,Bengaluru,Urban,523188,738,1
57,Male,Mumbai,Urban,507385,677,1
51,Male,Delhi,Urban,661479,676,1
43,Male,Delhi,Urban,828502,677,1
47,Male,Kochi,Semi-Urban,787812,742,1
42,Female,Mumbai,Urban,806689,631,1
59,Male,Chennai,Urban,705344,734,1
47,Female,Madurai,Semi-Urban,791813,696,0
24,Male,Kochi,Semi-Urban,605612,725,1
44,Male,Madurai,Semi-Urban,663148,657,1
43,Female,Hyderabad,Urban,1157427,814,1
39,Female,Kochi,Semi-Urban,775738,674,1
62,Male,Trivandrum,Semi-Urban,604003,676,1
23,Female,Hyderabad,Urban,760643,634,0
47,Female,Coimbatore,Semi-Urban,388891,673,0
23,Female,Bengaluru,Urban,535694,637,0
48,Male,Delhi,Urban,559415,788,1
37,Female,Kochi,Semi-Urban,456566,590,0
51,Female,Delhi,Urban,954002,563,0
30,Female,Kochi,Semi-Urban,694829,652,1
42,Female,Chennai,Urban,717009,698,1
50,Female,Kochi,Semi-Urban,579169,747,0
41,Male,Hyderabad,Urban,369435,686,1
56,Male,Mumbai,Urban,587393,663,1
43,Male,Hyderabad,Urban,515485,680,1
58,Male,Mumbai,Urban,396801,718,1
32,Male,Kochi,Semi-Urban,751892,621,1
45,Male,Coimbatore,Semi-Urban,546757,729,1
40,Male,Mumbai,Urban,243948,586,1
62,Female,Hyderabad,Urban,600152,667,1
27,Female,Mumbai,Urban,603858,675,1
49,Male,Kochi,Semi-Urban,750799,608,0
49,Female,Hyderabad,Urban,624029,681,1
33,Male,Mumbai,Urban,477439,658,1
23,Female,Delhi,Urban,699580,692,1
22,Female,Hyderabad,Urban,470235,694,0
36,Male,Chennai,Urban,741064,698,1
50,Male,Bengaluru,Urban,831150,654,1
58,Male,Hyderabad,Urban,104025,687,1
26,Female,Bengaluru,Urban,450144,740,0
27,Female,Delhi,Urban,692950,719,1
25,Male,Chennai,Urban,618469,695,1
27,Male,Hyderabad,Urban,859421,631,1
54,Male,Chennai,Urban,850183,550,1
52,Male,Kochi,Semi-Urban,785228,580,0
33,Female,Madurai,Semi-Urban,262669,711,0
50,Male,Kochi,Semi-Urban,567390,639,0
45,Female,Delhi,Urban,728101,616,1
41,Female,Kochi,Semi-Urban,594712,647,0
41,Female,Bengaluru,Urban,574758,673,1
48,Male,Bengaluru,Urban,847516,684,1
40,Male,Bengaluru,Urban,671663,643,1
54,Male,Bengaluru,Urban,549524,725,1
25,Female,Chennai,Urban,362895,669,0
38,Female,Delhi,Urban,944085,667,1
59,Male,Bengaluru,Urban,660492,633,1
63,Female,Pune,Urban,506690,777,1
31,Male,Madurai,Semi-Urban,786265,671,1
37,Male,Pune,Urban,279305,707,1
42,Male,Bengaluru,Urban,950416,688,1
57,Male,Madurai,Semi-Urban,722205,742,1
40,Male,Coimbatore,Semi-Urban,1038864,637,1
26,Male,Madurai,Semi-Urban,726603,706,1
54,Female,Delhi,Urban,647738,664,1
34,Female,Coimbatore,Semi-Urban,479133,689,0
43,Male,Bengaluru,Urban,512349,662,1
40,Female,Bengaluru,Urban,351857,775,1
33,Male,Bengaluru,Urban,995477,674,1
64,Male,Madurai,Semi-Urban,626526,602,0
61,Female,Bengaluru,Urban,774054,673,1
52,Female,Bengaluru,Urban,805910,686,1
46,Female,Pune,Urban,555187,686,1
34,Female,Bengaluru,Urban,439567,616,0
56,Female,Madurai,Semi-Urban,456688,620,0
28,Male,Coimbatore,Semi-Urban,290552,772,1
60,Female,Bengaluru,Urban,376244,668,0
42,Male,Bengaluru,Urban,707020,673,1
42,Female,Delhi,Urban,804617,784,1
36,Male,Pune,Urban,601116,720,1
47,Male,Madurai,Semi-Urban,784713,678,1
30,Female,Hyderabad,Urban,789435,691,1
45,Male,Hyderabad,Urban,537166,779,1
51,Female,Hyderabad,Urban,817470,648,0
41,Male,Trivandrum,Semi-Urban,567481,721,1
47,Female,Hyderabad,Urban,514244,714,1
37,Male,Bengaluru,Urban,617238,683,1
53,Male,Trivandrum,Semi-Urban,318107,652,0
51,Male,Mumbai,Urban,592667,700,1
62,Female,Bengaluru,Urban,138326,679,0
46,Female,Coimbatore,Semi-Urban,735077,715,0
41,Male,Delhi,Urban,341188,598,1
56,Female,Mumbai,Urban,598704,839,1
21,Female,Kochi,Semi-Urban,896871,709,0
24,Female,Mumbai,Urban,614268,704,1
24,Male,Kochi,Semi-Urban,221299,782,0
46,Male,Madurai,Semi-Urban,625856,648,0
24,Male,Kochi,Semi-Urban,548888,645,0
29,Male,Kochi,Semi-Urban,786347,663,1
50,Male,Kochi,Semi-Urban,577355,788,1
24,Male,Delhi,Urban,823051,675,1
25,Male,Chennai,Urban,687131,817,1
43,Female,Hyderabad,Urban,774976,653,1
36,Female,Trivandrum,Semi-Urban,581342,549,0
42,Female,Mumbai,Urban,856702,595,1
57,Male,Mumbai,Urban,497671,709,1
28,Male,Trivandrum,Semi-Urban,233436,712,1
53,Male,Bengaluru,Urban,380921,698,1
58,Male,Kochi,Semi-Urban,624133,628,0
63,Male,Mumbai,Urban,654151,620,1
36,Male,Hyderabad,Urban,631076,607,1
25,Male,Hyderabad,Urban,843746,664,1
36,Female,Chennai,Urban,637802,697,1
27,Female,Hyderabad,Urban,665904,744,1
21,Male,Mumbai,Urban,796014,727,1
29,Male,Mumbai,Urban,264681,689,1
38,Female,Kochi,Semi-Urban,744589,814,1
23,Male,Mumbai,Urban,863259,682,1
44,Male,Coimbatore,Semi-Urban,743517,567,1
48,Male,Kochi,Semi-Urban,663000,613,0
30,Male,Chennai,Urban,760567,685,1
29,Male,Hyderabad,Urban,170772,613,1
33,Female,Bengaluru,Urban,574073,745,1
55,Male,Pune,Urban,340337,691,1
43,Male,Madurai,Semi-Urban,676654,747,1
37,Male,Bengaluru,Urban,399183,693,1
27,Female,Delhi,Urban,769971,558,0
36,Male,Pune,Urban,516793,755,1
60,Male,Trivandrum,Semi-Urban,342585,677,0
56,Male,Mumbai,Urban,411107,679,1
40,Male,Chennai,Urban,337360,703,1
44,Male,Hyderabad,Urban,592938,673,1
25,Male,Trivandrum,Semi-Urban,723313,708,1
26,Female,Coimbatore,Semi-Urban,471004,691,0
48,Female,Delhi,Urban,308219,677,0
25,Male,Bengaluru,Urban,597243,608,1
59,Male,Pune,Urban,592858,682,1
58,Male,Coimbatore,Semi-Urban,500201,674,1
22,Female,Bengaluru,Urban,443025,714,0
63,Male,Bengaluru,Urban,855942,720,1
59,Female,Delhi,Urban,481503,670,0
41,Female,Hyderabad,Urban,311780,664,1
60,Female,Hyderabad,Urban,582349,740,1
57,Female,Bengaluru,Urban,705464,716,1
38,Female,Pune,Urban,692150,647,1
32,Male,Coimbatore,Semi-Urban,280118,601,0
37,Male,Bengaluru,Urban,843572,770,1
57,Male,Madurai,Semi-Urban,642079,721,1
58,Male,Kochi,Semi-Urban,714166,727,1
35,Female,Hyderabad,Urban,1130312,623,1
27,Male,Madurai,Semi-Urban,751777,720,1
34,Female,Delhi,Urban,714411,631,1
21,Male,Coimbatore,Semi-Urban,554815,733,1
58,Female,Mumbai,Urban,598952,673,1
23,Male,Mumbai,Urban,359164,613,0
57,Male,Hyderabad,Urban,616915,689,1
64,Male,Hyderabad,Urban,925217,706,1
51,Female,Delhi,Urban,685278,710,1
63,Male,Pune,Urban,1046016,682,1
33,Male,Delhi,Urban,705949,578,1
38,Male,Bengaluru,Urban,656017,753,1
37,Female,Bengaluru,Urban,572394,711,1
37,Male,Madurai,Semi-Urban,994255,683,1
31,Female,Hyderabad,Urban,507087,744,1
40,Male,Hyderabad,Urban,454592,614,1
30,Male,Coimbatore,Semi-Urban,423657,661,1
49,Female,Pune,Urban,1052385,730,1
54,Male,Trivandrum,Semi-Urban,629483,788,1
37,Female,Chennai,Urban,616823,657,1
62,Male,Mumbai,Urban,704090,591,1
33,Female,Trivandrum,Semi-Urban,549692,716,1
64,Female,Madurai,Semi-Urban,447265,749,0
59,Female,Pune,Urban,437644,591,0
47,Male,Delhi,Urban,430879,672,1
46,Male,Coimbatore,Semi-Urban,199599,736,0
48,Female,Bengaluru,Urban,611766,753,1
33,Female,Hyderabad,Urban,288252,601,0
32,Male,Hyderabad,Urban,709872,667,1
64,Male,Pune,Urban,767247,654,1
48,Male,Bengaluru,Urban,479479,629,0
22,Female,Hyderabad,Urban,667323,690,1
57,Male,Pune,Urban,745331,696,1
54,Male,Hyderabad,Urban,900931,769,1
43,Male,Chennai,Urban,522026,558,1
49,Male,Trivandrum,Semi-Urban,317493,706,0
55,Male,Trivandrum,Semi-Urban,418868,640,0
31,Female,Mumbai,Urban,267676,621,0
53,Male,Pune,Urban,695316,666,1
31,Female,Chennai,Urban,-44251,694,1
29,Male,Madurai,Semi-Urban,399501,650,0
34,Male,Trivandrum,Semi-Urban,602394,666,1
29,Male,Hyderabad,Urban,384396,679,1
59,Female,Coimbatore,Semi-Urban,427944,700,0
23,Female,Bengaluru,Urban,765826,736,1
49,Male,Bengaluru,Urban,376028,670,1
39,Male,Pune,Urban,508543,684,1
56,Female,Bengaluru,Urban,785751,681,1
52,Female,Bengaluru,Urban,525487,766,1
27,Male,Hyderabad,Urban,1080772,704,1
48,Female,Bengaluru,Urban,819079,699,1
64,Male,Madurai,Semi-Urban,829734,677,1
38,Male,Pune,Urban,322360,681,1
25,Male,Mumbai,Urban,580387,582,1
43,Male,Mumbai,Urban,543154,658,1
42,Female,Delhi,Urban,518539,706,1
46,Male,Chennai,Urban,492842,680,1
62,Male,Hyderabad,Urban,573051,671,1
32,Female,Bengaluru,Urban,119608,751,1
60,Male,Mumbai,Urban,414610,699,1
39,Male,Kochi,Semi-Urban,936570,621,1
21,Female,Pune,Urban,492852,601,0
23,Male,Trivandrum,Semi-Urban,469248,727,0
47,Male,Trivandrum,Semi-Urban,586994,635,0
38,Male,Hyderabad,Urban,606384,693,1
50,Male,Madurai,Semi-Urban,149517,719,0
22,Female,Pune,Urban,628197,693,1
25,Female,Pune,Urban,709639,758,1
49,Male,Bengaluru,Urban,717590,671,1
53,Male,Delhi,Urban,412288,695,1
62,Female,Kochi,Semi-Urban,908249,658,0
40,Male,Hyderabad,Urban,885527,665,1
50,Male,Pune,Urban,867943,720,1
62,Female,Hyderabad,Urban,757562,726,1
25,Female,Chennai,Urban,530418,602,0
41,Male,Mumbai,Urban,600858,641,1
35,Male,Hyderabad,Urban,884740,690,1
40,Male,Pune,Urban,143767,709,1
28,Male,Mumbai,Urban,453813,618,1
51,Female,Mumbai,Urban,691821,652,1
32,Male,Kochi,Semi-Urban,554478,707,1
41,Male,Bengaluru,Urban,519918,716,1
50,Male,Trivandrum,Semi-Urban,925223,699,1
47,Female,Trivandrum,Semi-Urban,767103,672,0
64,Male,Mumbai,Urban,792302,630,1
46,Male,Pune,Urban,445491,661,1
53,Female,Delhi,Urban,489002,730,0
46,Male,Trivandrum,Semi-Urban,680164,725,1
46,Male,Pune,Urban,686572,636,1
56,Male,Kochi,Semi-Urban,969985,759,1
60,Male,Mumbai,Urban,674210,641,1
21,Male,Bengaluru,Urban,931785,687,1
35,Male,Trivandrum,Semi-Urban,730133,627,1
21,Male,Pune,Urban,554175,764,1
31,Male,Mumbai,Urban,444511,722,1
22,Male,Hyderabad,Urban,760778,689,1
21,Male,Delhi,Urban,526460,658,1
51,Male,Trivandrum,Semi-Urban,577298,788,1
64,Male,Bengaluru,Urban,434983,706,1
36,Female,Madurai,Semi-Urban,600753,781,1
42,Male,Madurai,Semi-Urban,718728,687,1
62,Male,Delhi,Urban,519074,688,1
38,Female,Bengaluru,Urban,457481,721,1
37,Male,Kochi,Semi-Urban,613382,689,1
50,Female,Bengaluru,Urban,693529,693,1
30,Female,Mumbai,Urban,598073,699,1
55,Female,Bengaluru,Urban,978580,723,1
41,Female,Delhi,Urban,620134,641,1
36,Male,Hyderabad,Urban,703337,681,1
26,Female,Coimbatore,Semi-Urban,776669,654,0
23,Male,Coimbatore,Semi-Urban,679308,712,1
61,Male,Pune,Urban,406550,681,1
63,Female,Chennai,Urban,434752,652,0
41,Male,Bengaluru,Urban,379088,752,1
33,Female,Mumbai,Urban,336056,739,1
38,Male,Bengaluru,Urban,654639,739,1
44,Male,Chennai,Urban,848062,745,1
47,Male,Delhi,Urban,743592,709,1
24,Female,Delhi,Urban,740906,713,1
42,Male,Bengaluru,Urban,394874,671,1
44,Male,Mumbai,Urban,698621,747,1
60,Male,Delhi,Urban,705892,688,1
30,Female,Chennai,Urban,935113,652,1
22,Male,Madurai,Semi-Urban,667435,701,1
60,Female,Chennai,Urban,947737,662,1
26,Male,Chennai,Urban,624940,726,1
38,Male,Chennai,Urban,689598,718,1
37,Male,Bengaluru,Urban,832976,723,1
58,Female,Madurai,Semi-Urban,650077,609,0
43,Male,Hyderabad,Urban,297118,593,1
50,Male,Trivandrum,Semi-Urban,401434,690,0
41,Female,Mumbai,Urban,1132922,690,1
30,Male,Kochi,Semi-Urban,619992,746,1
63,Female,Pune,Urban,738940,650,0
33,Male,Coimbatore,Semi-Urban,386943,632,0
32,Male,Bengaluru,Urban,668027,643,1
29,Male,Coimbatore,Semi-Urban,866037,627,1
24,Male,Mumbai,Urban,226320,656,1
59,Female,Hyderabad,Urban,641785,622,0
44,Female,Kochi,Semi-Urban,640179,684,1
54,Male,Pune,Urban,664664,682,1
59,Female,Bengaluru,Urban,1023361,646,0
61,Male,Trivandrum,Semi-Urban,547546,631,0
25,Male,Chennai,Urban,505798,624,1
35,Female,Hyderabad,Urban,565091,561,1
24,Female,Madurai,Semi-Urban,1073546,645,0
59,Male,Delhi,Urban,631717,656,1
28,Female,Bengaluru,Urban,715749,579,1
44,Male,Mumbai,Urban,141085,750,1
48,Female,Coimbatore,Semi-Urban,622503,725,0
63,Female,Delhi,Urban,565442,671,1
47,Male,Chennai,Urban,618522,577,1
21,Male,Mumbai,Urban,535623,736,1
54,Female,Pune,Urban,341408,657,0
37,Female,Kochi,Semi-Urban,545489,601,0
57,Male,Trivandrum,Semi-Urban,901794,617,0
58,Male,Coimbatore,Semi-Urban,624766,653,1
46,Female,Bengaluru,Urban,240688,632,0
44,Male,Delhi,Urban,365120,647,1
59,Male,Hyderabad,Urban,656170,580,1
41,Male,Bengaluru,Urban,387650,751,1
50,Male,Chennai,Urban,646756,728,1
33,Female,Coimbatore,Semi-Urban,850024,641,0
57,Female,Chennai,Urban,694479,723,1
23,Male,Hyderabad,Urban,403742,656,1
52,Female,Hyderabad,Urban,634169,681,1
55,Female,Bengaluru,Urban,748421,620,0
39,Male,Mumbai,Urban,454720,706,1
34,Male,Trivandrum,Semi-Urban,384031,720,1
42,Female,Bengaluru,Urban,582111,691,1
37,Male,Bengaluru,Urban,910061,653,1
24,Male,Trivandrum,Semi-Urban,403018,580,0
60,Male,Delhi,Urban,512635,723,1
39,Female,Trivandrum,Semi-Urban,361849,669,0
57,Male,Chennai,Urban,449337,641,0
22,Female,Coimbatore,Semi-Urban,573889,649,0
35,Male,Mumbai,Urban,570463,693,1
22,Female,Kochi,Semi-Urban,49441,618,0
31,Male,Bengaluru,Urban,553814,701,1
43,Male,Chennai,Urban,952956,667,1
30,Male,Coimbatore,Semi-Urban,628483,644,1
23,Male,Chennai,Urban,551060,640,1
25,Female,Bengaluru,Urban,486312,697,0
23,Female,Delhi,Urban,415239,556,0
58,Male,Delhi,Urban,621380,647,1
33,Female,Delhi,Urban,690322,712,1
62,Male,Kochi,Semi-Urban,947754,674,1
39,Male,Mumbai,Urban,451689,740,1
60,Male,Mumbai,Urban,859345,686,1
55,Male,Pune,Urban,851643,646,1
44,Female,Delhi,Urban,519081,667,1
44,Male,Kochi,Semi-Urban,453897,687,1
37,Male,Chennai,Urban,312939,639,1
60,Male,Madurai,Semi-Urban,606538,710,1
30,Male,Bengaluru,Urban,542497,770,1
22,Male,Delhi,Urban,814329,621,1
64,Male,Hyderabad,Urban,670599,711,1
43,Male,Delhi,Urban,203605,641,1
26,Female,Hyderabad,Urban,587135,645,0
22,Male,Trivandrum,Semi-Urban,661324,661,1
41,Male,Bengaluru,Urban,553904,650,1
55,Male,Mumbai,Urban,778130,712,1
49,Female,Coimbatore,Semi-Urban,487115,682,0
27,Male,Chennai,Urban,807480,670,1
49,Female,Bengaluru,Urban,489071,697,0
57,Female,Mumbai,Urban,533962,700,1
43,Female,Pune,Urban,989646,678,1
53,Male,Bengaluru,Urban,336402,730,1
28,Male,Bengaluru,Urban,618763,684,1
32,Male,Delhi,Urban,669611,785,1
30,Female,Chennai,Urban,476746,634,0
35,Female,Mumbai,Urban,693790,605,1
44,Female,Coimbatore,Semi-Urban,747284,689,1
46,Female,Chennai,Urban,655876,725,1
62,Male,Trivandrum,Semi-Urban,639043,663,1
59,Male,Mumbai,Urban,704631,638,1
23,Male,Madurai,Semi-Urban,449503,680,0
22,Male,Pune,Urban,473802,667,1
26,Female,Mumbai,Urban,692518,670,1
41,Female,Delhi,Urban,526221,641,1
29,Male,Trivandrum,Semi-Urban,589917,654,1
30,Female,Hyderabad,Urban,95253,727,1
56,Female,Chennai,Urban,734213,743,1
23,Male,Pune,Urban,865056,671,1
61,Male,Mumbai,Urban,722421,625,1
44,Female,Bengaluru,Urban,753147,629,1
42,Male,Coimbatore,Semi-Urban,785093,616,1
34,Male,Delhi,Urban,563064,724,1
62,Male,Chennai,Urban,421890,688,1
64,Female,Bengaluru,Urban,704153,670,1
47,Male,Hyderabad,Urban,813268,724,1
53,Female,Pune,Urban,383235,700,0
42,Female,Pune,Urban,743699,558,1
49,Female,Hyderabad,Urban,657639,643,0
39,Male,Coimbatore,Semi-Urban,577878,677,1
39,Female,Mumbai,Urban,547277,768,1
26,Male,Kochi,Semi-Urban,654586,762,1
39,Male,Hyderabad,Urban,471448,569,1
33,Female,Delhi,Urban,1205236,616,1
46,Male,Hyderabad,Urban,334311,687,1
42,Female,Bengaluru,Urban,90617,711,1
41,Male,Bengaluru,Urban,658312,647,1
56,Male,Hyderabad,Urban,617836,705,1
22,Female,Pune,Urban,706751,646,0
64,Female,Pune,Urban,28744,650,0
50,Male,Coimbatore,Semi-Urban,233308,624,0
47,Female,Chennai,Urban,510956,611,0
27,Female,Mumbai,Urban,775713,654,1
40,Male,Mumbai,Urban,236688,736,1
51,Female,Hyderabad,Urban,689719,704,1
43,Male,Bengaluru,Urban,550846,693,1
33,Male,Delhi,Urban,631767,665,1
37,Male,Bengaluru,Urban,594726,701,1
24,Male,Coimbatore,Semi-Urban,596427,656,1
34,Male,Trivandrum,Semi-Urban,595530,639,1
40,Female,Hyderabad,Urban,820870,706,1
33,Female,Kochi,Semi-Urban,606950,651,1
23,Male,Chennai,Urban,803499,626,1
46,Female,Chennai,Urban,511931,701,1
46,Male,Hyderabad,Urban,823575,612,1
38,Female,Coimbatore,Semi-Urban,552783,699,1
52,Male,Chennai,Urban,555132,700,1
34,Female,Delhi,Urban,244724,615,0
23,Female,Chennai,Urban,419449,619,0
21,Female,Hyderabad,Urban,459713,745,0
46,Female,Chennai,Urban,238190,711,0
44,Male,Kochi,Semi-Urban,427396,704,1
55,Female,Delhi,Urban,737389,690,1
34,Male,Trivandrum,Semi-Urban,759308,715,1
23,Male,Chennai,Urban,262957,715,1
33,Female,Bengaluru,Urban,932502,639,1
34,Female,Kochi,Semi-Urban,767810,670,1
41,Male,Bengaluru,Urban,1016059,658,1
46,Male,Chennai,Urban,821301,708,1
23,Male,Hyderabad,Urban,978391,688,1
60,Male,Trivandrum,Semi-Urban,683742,743,1
24,Male,Kochi,Semi-Urban,444718,693,0
56,Male,Chennai,Urban,652261,681,1
63,Male,Delhi,Urban,152385,720,1
21,Female,Trivandrum,Semi-Urban,567822,721,0
60,Female,Hyderabad,Urban,590956,741,1
53,Male,Chennai,Urban,793090,690,1
27,Female,Kochi,Semi-Urban,641413,782,0
31,Female,Kochi,Semi-Urban,511741,726,1
47,Male,Bengaluru,Urban,320463,784,1
34,Male,Kochi,Semi-Urban,449499,684,1
42,Male,Mumbai,Urban,555203,793,1
36,Male,Trivandrum,Semi-Urban,459282,715,1
32,Male,Chennai,Urban,75553,628,1
30,Male,Chennai,Urban,597665,632,1
44,Male,Delhi,Urban,506778,665,1
38,Female,Mumbai,Urban,503033,664,1
42,Male,Hyderabad,Urban,632825,697,1
29,Female,Trivandrum,Semi-Urban,508814,767,1
37,Male,Delhi,Urban,815472,696,1
58,Female,Trivandrum,Semi-Urban,452510,629,0
60,Male,Chennai,Urban,435546,701,1
33,Female,Trivandrum,Semi-Urban,448383,659,0
57,Female,Mumbai,Urban,635406,662,1
26,Female,Bengaluru,Urban,632353,670,1
41,Female,Chennai,Urban,488042,661,1
56,Male,Bengaluru,Urban,597382,615,1
27,Female,Mumbai,Urban,676124,684,1
56,Male,Hyderabad,Urban,719850,767,1
45,Male,Pune,Urban,576759,720,1
31,Male,Madurai,Semi-Urban,442306,620,0
64,Male,Coimbatore,Semi-Urban,442579,553,0
34,Female,Mumbai,Urban,652581,696,1
49,Female,Coimbatore,Semi-Urban,744976,708,0
30,Male,Chennai,Urban,630147,708,1
25,Female,Delhi,Urban,522678,685,1
28,Male,Mumbai,Urban,486049,628,1
25,Male,Chennai,Urban,761328,763,1
44,Male,Bengaluru,Urban,354499,673,1
60,Female,Delhi,Urban,504903,654,1
46,Male,Bengaluru,Urban,887996,704,1
26,Male,Trivandrum,Semi-Urban,833887,654,1
36,Male,Pune,Urban,640037,623,1
56,Male,Chennai,Urban,502790,655,1
32,Female,Mumbai,Urban,549344,692,1
31,Male,Trivandrum,Semi-Urban,617266,745,1
23,Male,Hyderabad,Urban,1021549,589,1
64,Male,Pune,Urban,804858,701,1
57,Male,Madurai,Semi-Urban,778397,722,1
26,Male,Bengaluru,Urban,568952,700,1
39,Male,Bengaluru,Urban,500739,711,1
38,Female,Pune,Urban,560639,750,1
36,Male,Pune,Urban,799114,727,1
43,Male,Mumbai,Urban,925207,660,1
63,Male,Bengaluru,Urban,429367,727,1
57,Male,Kochi,Semi-Urban,140649,688,0
29,Male,Hyderabad,Urban,549852,719,1
23,Male,Pune,Urban,812201,617,1
28,Male,Coimbatore,Semi-Urban,485877,671,1
58,Female,Kochi,Semi-Urban,690533,710,0
24,Male,Hyderabad,Urban,375035,673,1
32,Female,Trivandrum,Semi-Urban,541176,706,1
64,Male,Hyderabad,Urban,442269,747,1
51,Male,Bengaluru,Urban,569443,666,1
45,Female,Mumbai,Urban,640605,724,1
36,Male,Mumbai,Urban,738189,628,1
62,Male,Trivandrum,Semi-Urban,516115,717,1
34,Female,Madurai,Semi-Urban,372705,598,0
33,Female,Hyderabad,Urban,295877,689,1
61,Female,Mumbai,Urban,816493,688,1
27,Female,Mumbai,Urban,437005,766,0
32,Female,Hyderabad,Urban,703127,655,1
57,Male,Trivandrum,Semi-Urban,281653,580,0
24,Male,Delhi,Urban,913987,706,1
22,Male,Madurai,Semi-Urban,1156744,629,0
55,Male,Kochi,Semi-Urban,665889,683,1
64,Male,Chennai,Urban,542120,646,1
23,Female,Chennai,Urban,887757,669,1
24,Male,Hyderabad,Urban,500786,572,1
58,Female,Hyderabad,Urban,610074,593,0
32,Male,Mumbai,Urban,46762,699,1
39,Male,Chennai,Urban,584588,672,1
30,Male,Pune,Urban,831314,622,1
21,Male,Bengaluru,Urban,507933,652,1
37,Male,Kochi,Semi-Urban,511178,704,1
36,Female,Bengaluru,Urban,512718,666,1
29,Male,Mumbai,Urban,992559,701,1
29,Male,Hyderabad,Urban,645472,636,1
29,Female,Hyderabad,Urban,607770,707,1
32,Male,Mumbai,Urban,519049,668,1
61,Male,Delhi,Urban,805642,699,1
35,Male,Delhi,Urban,438851,694,1
22,Male,Kochi,Semi-Urban,851550,659,1
31,Female,Coimbatore,Semi-Urban,576561,662,1
31,Female,Madurai,Semi-Urban,834280,672,1
28,Female,Trivandrum,Semi-Urban,526208,714,1
52,Male,Bengaluru,Urban,763656,766,1
26,Female,Pune,Urban,707942,640,0
40,Male,Pune,Urban,588051,728,1
59,Male,Trivandrum,Semi-Urban,873763,666,1
55,Male,Delhi,Urban,859182,674,1
28,Female,Chennai,Urban,471057,694,1
63,Female,Trivandrum,Semi-Urban,456610,657,0
54,Female,Madurai,Semi-Urban,551641,662,0
39,Female,Kochi,Semi-Urban,540443,773,1
27,Male,Kochi,Semi-Urban,807889,684,1
51,Male,Chennai,Urban,671721,704,1
38,Female,Hyderabad,Urban,420106,770,1
60,Female,Trivandrum,Semi-Urban,429391,769,0
34,Female,Bengaluru,Urban,622550,671,1
59,Male,Kochi,Semi-Urban,773243,641,0
56,Female,Trivandrum,Semi-Urban,912971,626,0
37,Male,Hyderabad,Urban,634343,621,1
57,Female,Bengaluru,Urban,575147,658,1
64,Male,Coimbatore,Semi-Urban,555233,624,0
29,Female,Bengaluru,Urban,454260,676,1
40,Male,Hyderabad,Urban,584439,644,1
48,Female,Trivandrum,Semi-Urban,502610,663,0
40,Male,Coimbatore,Semi-Urban,518261,675,1
61,Male,Madurai,Semi-Urban,718942,664,1
56,Male,Delhi,Urban,312061,627,0
47,Female,Mumbai,Urban,216724,697,0
28,Male,Coimbatore,Semi-Urban,409738,741,1
52,Male,Delhi,Urban,758321,740,1
21,Female,Delhi,Urban,670028,722,1
37,Female,Mumbai,Urban,788146,666,1
29,Male,Hyderabad,Urban,269952,648,1
40,Male,Mumbai,Urban,702459,715,1
52,Male,Hyderabad,Urban,312403,696,1
22,Female,Hyderabad,Urban,383745,715,0
52,Female,Pune,Urban,340580,772,0
29,Female,Hyderabad,Urban,374093,678,1
50,Male,Chennai,Urban,1128425,642,1
40,Female,Hyderabad,Urban,706151,653,1
58,Male,Delhi,Urban,230388,687,1
21,Male,Madurai,Semi-Urban,285590,651,0
25,Female,Coimbatore,Semi-Urban,616137,717,0
55,Male,Coimbatore,Semi-Urban,633630,715,1
56,Male,Madurai,Semi-Urban,472801,744,0
21,Female,Pune,Urban,937818,744,1
34,Male,Chennai,Urban,421993,553,1
29,Male,Mumbai,Urban,785835,640,1
50,Female,Hyderabad,Urban,762580,685,1
44,Female,Hyderabad,Urban,1080648,624,1
24,Female,Kochi,Semi-Urban,1089196,677,0
34,Male,Mumbai,Urban,738805,641,1
45,Male,Kochi,Semi-Urban,607222,659,1
24,Male,Hyderabad,Urban,671460,763,1
45,Female,Hyderabad,Urban,722923,741,1
30,Male,Hyderabad,Urban,228008,681,1
55,Female,Coimbatore,Semi-Urban,300367,636,0
27,Male,Delhi,Urban,794957,697,1
62,Male,Pune,Urban,873313,573,1
33,Female,Coimbatore,Semi-Urban,897468,713,1
24,Female,Mumbai,Urban,557412,709,1
63,Female,Chennai,Urban,665483,622,0
56,Female,Kochi,Semi-Urban,508343,747,0
34,Female,Trivandrum,Semi-Urban,967845,651,1
38,Female,Mumbai,Urban,522311,635,1
28,Female,Chennai,Urban,443587,689,1
52,Female,Delhi,Urban,568065,615,0
47,Female,Chennai,Urban,521745,637,0
62,Male,Pune,Urban,585636,698,1
57,Male,Kochi,Semi-Urban,780441,658,1
43,Male,Hyderabad,Urban,625414,751,1
27,Male,Chennai,Urban,481645,603,0
32,Male,Trivandrum,Semi-Urban,469290,685,1
45,Male,Trivandrum,Semi-Urban,492781,730,1
23,Female,Delhi,Urban,211086,720,0
46,Female,Kochi,Semi-Urban,780795,646,0
24,Male,Delhi,Urban,723419,772,1
62,Male,Hyderabad,Urban,911593,587,1
56,Female,Pune,Urban,676142,678,1
35,Female,Mumbai,Urban,298700,726,1
52,Female,Bengaluru,Urban,630385,741,1
49,Female,Hyderabad,Urban,636880,635,0
30,Female,Bengaluru,Urban,748356,687,1
41,Male,Hyderabad,Urban,959577,720,1
36,Male,Delhi,Urban,352999,671,1
39,Female,Bengaluru,Urban,713377,620,1
49,Male,Madurai,Semi-Urban,566333,594,0
38,Female,Kochi,Semi-Urban,1113727,647,0
64,Male,Hyderabad,Urban,776393,652,1
36,Female,Hyderabad,Urban,547424,642,1
21,Male,Mumbai,Urban,871862,773,1
22,Male,Chennai,Urban,550858,707,1
35,Male,Bengaluru,Urban,736050,665,1
59,Female,Bengaluru,Urban,522783,668,1
48,Male,Hyderabad,Urban,614929,671,1
21,Female,Bengaluru,Urban,854699,709,1
25,Female,Bengaluru,Urban,526635,626,0
62,Female,Madurai,Semi-Urban,-7086,632,0
42,Female,Hyderabad,Urban,448794,678,1
56,Female,Mumbai,Urban,896628,542,0
33,Male,Chennai,Urban,917037,639,1
21,Male,Bengaluru,Urban,456756,724,1
36,Female,Trivandrum,Semi-Urban,281267,719,0
61,Female,Bengaluru,Urban,506506,599,0
42,Male,Bengaluru,Urban,793227,674,1
52,Female,Delhi,Urban,556166,613,0
36,Male,Bengaluru,Urban,202041,641,1
35,Male,Mumbai,Urban,713451,648,1
62,Male,Hyderabad,Urban,806432,712,1
32,Male,Hyderabad,Urban,916580,726,1
21,Male,Bengaluru,Urban,187675,654,1
37,Male,Pune,Urban,828988,604,1
61,Male,Delhi,Urban,637262,589,1
48,Male,Delhi,Urban,467964,736,1
27,Male,Kochi,Semi-Urban,270467,665,0
29,Male,Coimbatore,Semi-Urban,228948,669,1
42,Male,Delhi,Urban,446363,622,1
46,Male,Trivandrum,Semi-Urban,436958,725,0
32,Male,Mumbai,Urban,578741,710,1
27,Male,Hyderabad,Urban,896141,658,1
35,Female,Coimbatore,Semi-Urban,585930,633,0
58,Male,Madurai,Semi-Urban,291577,688,0
41,Male,Bengaluru,Urban,396315,586,1
34,Male,Delhi,Urban,667023,704,1
22,Male,Kochi,Semi-Urban,449504,664,0
28,Female,Bengaluru,Urban,576713,688,1
26,Male,Pune,Urban,830687,677,1
57,Male,Delhi,Urban,729941,722,1
57,Male,Kochi,Semi-Urban,490244,725,0
53,Male,Chennai,Urban,403670,731,1
61,Male,Chennai,Urban,993869,684,1
26,Female,Bengaluru,Urban,459911,675,0
46,Male,Chennai,Urban,1078268,646,1
59,Male,Mumbai,Urban,923855,650,1
61,Female,Coimbatore,Semi-Urban,582069,697,0
57,Female,Delhi,Urban,356030,680,0
34,Female,Chennai,Urban,607696,740,1
57,Male,Bengaluru,Urban,863420,668,1
28,Male,Kochi,Semi-Urban,524002,608,1
59,Male,Mumbai,Urban,336511,687,1
33,Female,Pune,Urban,488196,726,1
33,Male,Coimbatore,Semi-Urban,678049,705,1
60,Male,Coimbatore,Semi-Urban,694235,703,1
63,Female,Bengaluru,Urban,616295,730,1
48,Female,Coimbatore,Semi-Urban,506768,690,0
38,Male,Chennai,Urban,575546,597,1
39,Female,Delhi,Urban,507958,722,1
58,Female,Mumbai,Urban,627050,693,1
52,Male,Delhi,Urban,652544,673,1
42,Female,Bengaluru,Urban,551242,618,1
22,Male,Mumbai,Urban,431514,640,0
33,Female,Bengaluru,Urban,850203,587,1
43,Female,Bengaluru,Urban,659602,653,1
45,Male,Kochi,Semi-Urban,743298,649,1
48,Male,Pune,Urban,451588,673,1
31,Female,Coimbatore,Semi-Urban,582034,758,1
53,Male,Mumbai,Urban,447390,727,1
44,Male,Bengaluru,Urban,882872,681,1
22,Male,Bengaluru,Urban,383485,642,0
50,Female,Chennai,Urban,398370,622,0
37,Female,Pune,Urban,613586,733,1
60,Male,Mumbai,Urban,366583,615,0
54,Female,Coimbatore,Semi-Urban,882490,621,0
58,Male,Trivandrum,Semi-Urban,318027,808,0
42,Female,Delhi,Urban,552464,670,1
25,Male,Pune,Urban,516571,783,1
60,Male,Chennai,Urban,660143,662,1
36,Male,Mumbai,Urban,439547,742,1
33,Male,Madurai,Semi-Urban,651512,693,1
46,Male,Delhi,Urban,427805,645,0
51,Female,Chennai,Urban,398130,635,0
59,Male,Chennai,Urban,554794,568,1
43,Female,Trivandrum,Semi-Urban,579100,630,0
32,Female,Bengaluru,Urban,543861,714,1
34,Female,Madurai,Semi-Urban,522465,676,1
38,Male,Bengaluru,Urban,872903,651,1
47,Female,Kochi,Semi-Urban,660343,674,0
48,Female,Delhi,Urban,648837,727,1
38,Female,Delhi,Urban,814789,610,1
36,Female,Mumbai,Urban,327962,697,1
36,Male,Madurai,Semi-Urban,1015747,604,1
33,Male,Kochi,Semi-Urban,264177,540,0
49,Female,Coimbatore,Semi-Urban,846283,649,0
29,Female,Bengaluru,Urban,264054,655,1
46,Male,Bengaluru,Urban,587101,663,1
48,Male,Bengaluru,Urban,476359,674,1
61,Female,Bengaluru,Urban,905458,706,1
33,Male,Kochi,Semi-Urban,754205,642,1
56,Male,Mumbai,Urban,542550,612,1
29,Male,Trivandrum,Semi-Urban,706328,733,1
34,Male,Chennai,Urban,656365,742,1
32,Male,Hyderabad,Urban,740346,689,1
52,Female,Madurai,Semi-Urban,560661,702,0
58,Female,Pune,Urban,461157,729,0
23,Female,Pune,Urban,165748,729,0
36,Female,Coimbatore,Semi-Urban,531100,619,0
40,Male,Kochi,Semi-Urban,626881,667,1
52,Female,Madurai,Semi-Urban,399859,596,0
43,Female,Trivandrum,Semi-Urban,584880,693,1
37,Female,Pune,Urban,822815,709,1
36,Female,Bengaluru,Urban,617840,610,1
58,Male,Pune,Urban,452286,712,1
28,Male,Delhi,Urban,784638,727,1
39,Male,Bengaluru,Urban,643845,754,1
50,Female,Chennai,Urban,638091,671,1
54,Male,Madurai,Semi-Urban,514245,703,1
34,Female,Mumbai,Urban,347975,745,1
42,Male,Pune,Urban,648668,620,1
64,Female,Bengaluru,Urban,673524,672,1
37,Male,Mumbai,Urban,456602,615,1
35,Male,Hyderabad,Urban,631183,682,1
52,Male,Delhi,Urban,786955,668,1
33,Female,Kochi,Semi-Urban,396749,647,0
41,Male,Kochi,Semi-Urban,684449,710,1
60,Female,Bengaluru,Urban,579990,641,0
53,Male,Bengaluru,Urban,791975,660,1
47,Female,Bengaluru,Urban,815443,735,1
55,Male,Madurai,Semi-Urban,612329,780,1
36,Female,Hyderabad,Urban,599487,751,1
48,Male,Hyderabad,Urban,555256,693,1
54,Female,Mumbai,Urban,388328,716,0
21,Male,Coimbatore,Semi-Urban,678760,694,1
61,Female,Bengaluru,Urban,612226,578,0
51,Female,Bengaluru,Urban,448907,599,0
56,Male,Kochi,Semi-Urban,206705,665,0
64,Male,Pune,Urban,710120,776,1
53,Female,Kochi,Semi-Urban,528782,620,0
53,Female,Chennai,Urban,736850,716,1
59,Male,Delhi,Urban,327287,617,0
38,Male,Pune,Urban,614345,725,1
43,Male,Delhi,Urban,593651,707,1
43,Male,Hyderabad,Urban,558044,616,1
35,Male,Hyderabad,Urban,916090,685,1
46,Female,Pune,Urban,632182,712,1
50,Male,Trivandrum,Semi-Urban,253825,691,0
45,Male,Kochi,Semi-Urban,519853,739,1
36,Female,Chennai,Urban,277312,715,1
59,Male,Delhi,Urban,883070,772,1
34,Female,Hyderabad,Urban,649255,759,1
37,Female,Chennai,Urban,568001,704,1
32,Male,Madurai,Semi-Urban,317863,721,1
49,Male,Hyderabad,Urban,634560,669,1
52,Female,Hyderabad,Urban,809793,700,1
44,Female,Pune,Urban,718306,713,1
33,Male,Chennai,Urban,710436,652,1
40,Male,Trivandrum,Semi-Urban,886843,756,1
35,Male,Kochi,Semi-Urban,905680,660,1
24,Male,Pune,Urban,621627,695,1
54,Male,Coimbatore,Semi-Urban,717706,670,1
48,Female,Trivandrum,Semi-Urban,942728,753,0
22,Female,Hyderabad,Urban,399144,611,0
50,Male,Mumbai,Urban,695598,616,1
46,Female,Pune,Urban,395580,650,0
46,Male,Bengaluru,Urban,525258,661,1
40,Male,Coimbatore,Semi-Urban,867617,682,1
62,Male,Chennai,Urban,431234,616,0
48,Male,Chennai,Urban,818088,692,1
40,Male,Chennai,Urban,478541,615,1
31,Female,Bengaluru,Urban,819872,686,1
30,Male,Pune,Urban,892667,739,1
43,Female,Madurai,Semi-Urban,418711,722,0
57,Male,Delhi,Urban,727588,662,1
61,Male,Trivandrum,Semi-Urban,821905,649,0
39,Male,Delhi,Urban,513475,808,1
38,Female,Coimbatore,Semi-Urban,713739,714,1
47,Male,Coimbatore,Semi-Urban,360921,712,0
26,Female,Chennai,Urban,1038294,730,1
30,Female,Mumbai,Urban,451007,708,1
22,Female,Kochi,Semi-Urban,542295,708,0
44,Male,Pune,Urban,573387,697,1
58,Female,Kochi,Semi-Urban,616336,696,0
48,Male,Madurai,Semi-Urban,689583,666,1
48,Female,Coimbatore,Semi-Urban,686318,676,0
59,Male,Delhi,Urban,378008,756,1
22,Male,Madurai,Semi-Urban,350245,722,0
25,Male,Hyderabad,Urban,939665,639,1
31,Male,Hyderabad,Urban,831558,726,1
30,Male,Coimbatore,Semi-Urban,339531,676,1
63,Female,Bengaluru,Urban,679214,643,0
22,Female,Hyderabad,Urban,762519,701,1
35,Male,Delhi,Urban,1012676,637,1
59,Male,Mumbai,Urban,505030,635,1
61,Male,Pune,Urban,804316,744,1
57,Male,Pune,Urban,745337,619,1
27,Female,Mumbai,Urban,462317,690,0
40,Female,Delhi,Urban,531098,724,1
54,Male,Trivandrum,Semi-Urban,449740,639,0
55,Male,Mumbai,Urban,672125,735,1
54,Female,Chennai,Urban,290921,711,0
42,Female,Trivandrum,Semi-Urban,556403,852,1
51,Male,Trivandrum,Semi-Urban,528504,688,1
43,Male,Chennai,Urban,191285,774,1
39,Male,Coimbatore,Semi-Urban,661699,620,1
24,Male,Kochi,Semi-Urban,735481,641,0
44,Male,Chennai,Urban,310143,736,1
40,Male,Kochi,Semi-Urban,600532,653,1
59,Female,Chennai,Urban,324792,658,0
48,Male,Chennai,Urban,624431,775,1
59,Female,Coimbatore,Semi-Urban,833839,715,0
37,Male,Pune,Urban,498454,708,1
39,Male,Chennai,Urban,541210,695,1
55,Male,Pune,Urban,1022742,700,1
52,Male,Chennai,Urban,451008,594,0
59,Female,Bengaluru,Urban,412890,689,0
55,Male,Bengaluru,Urban,598951,646,1
50,Male,Chennai,Urban,1083306,732,1
37,Female,Hyderabad,Urban,650676,646,1
62,Male,Pune,Urban,468422,653,1
49,Male,Chennai,Urban,719165,613,1
26,Male,Hyderabad,Urban,749007,712,1
37,Male,Trivandrum,Semi-Urban,721343,752,1
37,Male,Hyderabad,Urban,756539,636,1
34,Male,Kochi,Semi-Urban,787200,647,1
44,Female,Mumbai,Urban,574288,731,1
57,Female,Chennai,Urban,574288,677,1
60,Male,Trivandrum,Semi-Urban,768206,691,1
59,Male,Bengaluru,Urban,111149,707,1
52,Male,Hyderabad,Urban,81517,668,1
56,Male,Hyderabad,Urban,480473,662,1
57,Male,Mumbai,Urban,531370,634,1
34,Female,Kochi,Semi-Urban,738855,629,0
47,Female,Mumbai,Urban,503952,585,0
39,Male,Delhi,Urban,834406,688,1
51,Female,Delhi,Urban,628819,688,1
29,Male,Hyderabad,Urban,443975,703,1
58,Male,Pune,Urban,852675,724,1
37,Male,Pune,Urban,655471,691,1
39,Male,Delhi,Urban,340311,610,1
64,Female,Bengaluru,Urban,752955,645,0
24,Male,Mumbai,Urban,752759,630,1
31,Male,Chennai,Urban,344596,631,1
42,Female,Mumbai,Urban,621448,708,1
24,Male,Chennai,Urban,720954,683,1
37,Male,Trivandrum,Semi-Urban,266987,635,0
28,Male,Bengaluru,Urban,811101,716,1
54,Male,Pune,Urban,462312,669,1
31,Female,Chennai,Urban,426967,643,0
51,Male,Kochi,Semi-Urban,543181,700,1
31,Female,Madurai,Semi-Urban,739846,748,1
58,Male,Chennai,Urban,799428,648,1
41,Male,Pune,Urban,933021,633,1
50,Male,Hyderabad,Urban,421346,702,1
30,Female,Pune,Urban,673376,688,1
46,Male,Pune,Urban,736387,658,1
47,Female,Chennai,Urban,696950,649,0
28,Male,Coimbatore,Semi-Urban,404087,687,1
59,Male,Chennai,Urban,651328,621,1
28,Male,Chennai,Urban,664299,659,1
28,Female,Bengaluru,Urban,474369,645,0
54,Male,Chennai,Urban,696674,634,1
36,Male,Kochi,Semi-Urban,641725,692,1
61,Male,Mumbai,Urban,329470,772,1
33,Female,Coimbatore,Semi-Urban,726679,602,0
43,Female,Hyderabad,Urban,622886,723,1
32,Female,Pune,Urban,221797,684,1
47,Male,Bengaluru,Urban,540025,482,1
42,Female,Bengaluru,Urban,624731,661,1
52,Female,Trivandrum,Semi-Urban,456163,851,0
47,Male,Madurai,Semi-Urban,662487,577,0
22,Male,Coimbatore,Semi-Urban,542467,739,1
53,Male,Mumbai,Urban,805081,700,1
46,Male,Chennai,Urban,654221,634,1
48,Female,Bengaluru,Urban,980765,704,1
39,Female,Mumbai,Urban,311621,701,1
63,Female,Mumbai,Urban,663968,676,1
25,Male,Hyderabad,Urban,603342,664,1
53,Male,Delhi,Urban,684118,660,1
40,Male,Trivandrum,Semi-Urban,861718,694,1
50,Male,Trivandrum,Semi-Urban,313449,706,0
28,Female,Chennai,Urban,721586,729,1
58,Male,Delhi,Urban,667393,672,1
37,Female,Bengaluru,Urban,418056,697,1
64,Female,Bengaluru,Urban,837749,615,0
21,Female,Coimbatore,Semi-Urban,612132,593,0
23,Male,Trivandrum,Semi-Urban,451441,658,0
46,Female,Trivandrum,Semi-Urban,685729,621,0
51,Female,Chennai,Urban,791166,679,1
28,Female,Madurai,Semi-Urban,663512,700,1
63,Female,Bengaluru,Urban,514543,684,1
28,Female,Madurai,Semi-Urban,441160,654,0
55,Male,Hyderabad,Urban,437258,637,0
59,Female,Bengaluru,Urban,758973,715,1
48,Female,Hyderabad,Urban,788641,734,1
24,Female,Chennai,Urban,549690,680,1
36,Female,Mumbai,Urban,1066984,641,1
33,Male,Pune,Urban,552342,717,1
40,Male,Hyderabad,Urban,585018,617,1
25,Male,Kochi,Semi-Urban,520879,626,0
57,Male,Madurai,Semi-Urban,576544,712,1
40,Male,Kochi,Semi-Urban,592280,599,1
44,Male,Hyderabad,Urban,716106,616,1
56,Male,Pune,Urban,561099,740,1
54,Female,Chennai,Urban,721295,598,0
54,Male,Delhi,Urban,280616,663,1
39,Male,Coimbatore,Semi-Urban,475191,767,1
37,Male,Bengaluru,Urban,535934,709,1
25,Male,Trivandrum,Semi-Urban,549009,628,0
45,Male,Chennai,Urban,233315,697,1
38,Male,Chennai,Urban,778996,701,1
28,Female,Hyderabad,Urban,306223,624,0
47,Male,Pune,Urban,473664,706,1
35,Female,Madurai,Semi-Urban,594390,746,1
33,Female,Chennai,Urban,1008416,758,1
36,Female,Bengaluru,Urban,589405,702,1
42,Male,Hyderabad,Urban,689680,720,1
40,Male,Delhi,Urban,303189,634,1
33,Male,Madurai,Semi-Urban,432994,766,1
40,Male,Pune,Urban,460848,635,1
22,Male,Trivandrum,Semi-Urban,493271,646,0
55,Female,Delhi,Urban,803375,659,1
39,Male,Bengaluru,Urban,490275,653,1
57,Male,Bengaluru,Urban,721697,621,1
26,Male,Delhi,Urban,445874,665,1
34,Female,Delhi,Urban,544091,756,1
24,Female,Coimbatore,Semi-Urban,120200,648,0
42,Male,Hyderabad,Urban,585818,650,1
59,Male,Bengaluru,Urban,597239,750,1
56,Male,Mumbai,Urban,561191,580,1
54,Female,Pune,Urban,993080,720,1
47,Female,Coimbatore,Semi-Urban,586955,669,0
27,Female,Bengaluru,Urban,55500,704,0
23,Male,Madurai,Semi-Urban,356095,695,0
53,Female,Mumbai,Urban,591381,749,1
22,Female,Hyderabad,Urban,584087,623,0
62,Female,Hyderabad,Urban,437415,613,0
36,Male,Delhi,Urban,395748,698,1
45,Male,Delhi,Urban,877136,623,1
35,Male,Kochi,Semi-Urban,797954,720,1
44,Male,Delhi,Urban,825035,701,1
35,Female,Bengaluru,Urban,474355,696,1
51,Female,Chennai,Urban,740039,646,0
34,Male,Coimbatore,Semi-Urban,86542,678,1
34,Male,Kochi,Semi-Urban,516894,668,1
26,Male,Mumbai,Urban,489717,764,1
34,Female,Chennai,Urban,549738,666,1
37,Male,Bengaluru,Urban,623073,646,1
38,Male,Hyderabad,Urban,565759,731,1
40,Male,Bengaluru,Urban,374489,632,1
37,Male,Mumbai,Urban,451123,771,1
36,Female,Coimbatore,Semi-Urban,703645,600,0
60,Female,Hyderabad,Urban,670915,769,1
59,Male,Coimbatore,Semi-Urban,918560,680,1
52,Female,Trivandrum,Semi-Urban,662478,659,0
64,Male,Bengaluru,Urban,897600,767,1
29,Female,Kochi,Semi-Urban,310473,666,0
47,Male,Chennai,Urban,718140,628,1
53,Male,Kochi,Semi-Urban,751509,676,1
30,Male,Bengaluru,Urban,696974,711,1
37,Male,Mumbai,Urban,359870,676,1
56,Male,Delhi,Urban,663489,665,1
37,Female,Bengaluru,Urban,527787,664,1
38,Female,Chennai,Urban,715692,709,1
43,Male,Hyderabad,Urban,582622,621,1
54,Female,Mumbai,Urban,486209,702,0
28,Male,Madurai,Semi-Urban,1056325,756,1
33,Female,Chennai,Urban,451334,750,1
43,Male,Hyderabad,Urban,655880,753,1
40,Female,Mumbai,Urban,710368,636,1
42,Male,Hyderabad,Urban,541335,763,1
43,Male,Kochi,Semi-Urban,827834,672,1
61,Male,Chennai,Urban,772644,700,1
55,Male,Coimbatore,Semi-Urban,262656,680,0
23,Female,Mumbai,Urban,723785,647,0
54,Male,Bengaluru,Urban,954577,687,1
53,Male,Kochi,Semi-Urban,447594,719,0
37,Male,Delhi,Urban,324521,708,1
39,Male,Hyderabad,Urban,539568,700,1
50,Female,Bengaluru,Urban,593569,639,0
43,Male,Chennai,Urban,606291,672,1
35,Female,Mumbai,Urban,809442,692,1
34,Male,Chennai,Urban,461199,600,1
22,Female,Delhi,Urban,706199,710,1
59,Female,Trivandrum,Semi-Urban,754132,701,0
38,Female,Madurai,Semi-Urban,620488,751,1
26,Female,Kochi,Semi-Urban,475192,658,0
52,Male,Kochi,Semi-Urban,368655,676,0
41,Female,Delhi,Urban,292805,679,1
60,Female,Pune,Urban,306018,714,0
48,Female,Chennai,Urban,278083,657,0
47,Female,Chennai,Urban,904924,742,1
22,Female,Bengaluru,Urban,563760,668,1
53,Male,Mumbai,Urban,1008531,691,1
36,Male,Bengaluru,Urban,673694,644,1
59,Male,Hyderabad,Urban,292711,622,0
42,Female,Mumbai,Urban,560378,674,1
63,Male,Pune,Urban,725189,637,1
33,Male,Pune,Urban,662195,629,1
22,Male,Trivandrum,Semi-Urban,512685,678,1
34,Male,Hyderabad,Urban,777704,613,1
58,Female,Madurai,Semi-Urban,389404,663,0
61,Female,Madurai,Semi-Urban,634290,681,0
48,Male,Madurai,Semi-Urban,757754,733,1
27,Male,Kochi,Semi-Urban,524853,673,1
38,Male,Chennai,Urban,698585,699,1
61,Male,Bengaluru,Urban,573918,616,1
56,Male,Madurai,Semi-Urban,639160,617,0
61,Male,Bengaluru,Urban,682743,723,1
56,Male,Hyderabad,Urban,540273,644,1
64,Male,Mumbai,Urban,877133,630,1
24,Female,Bengaluru,Urban,650813,629,0
50,Male,Madurai,Semi-Urban,710082,662,1
44,Male,Hyderabad,Urban,826581,711,1
40,Male,Bengaluru,Urban,717695,570,1
51,Female,Pune,Urban,409496,811,0
44,Male,Hyderabad,Urban,744185,683,1
27,Male,Madurai,Semi-Urban,650528,636,0
46,Male,Mumbai,Urban,459347,671,1
33,Female,Kochi,Semi-Urban,828088,631,0
28,Female,Chennai,Urban,394081,688,1
25,Female,Mumbai,Urban,489503,639,0
64,Male,Chennai,Urban,515925,686,1
33,Female,Pune,Urban,344859,655,1
49,Female,Bengaluru,Urban,596370,709,1
40,Male,Hyderabad,Urban,467286,765,1
34,Female,Madurai,Semi-Urban,645278,644,0
52,Male,Mumbai,Urban,945311,677,1
47,Male,Delhi,Urban,592145,713,1
45,Female,Kochi,Semi-Urban,696394,741,1
24,Female,Bengaluru,Urban,596125,698,1
41,Male,Bengaluru,Urban,536878,642,1
38,Male,Pune,Urban,746103,619,1
59,Female,Hyderabad,Urban,412230,693,0
35,Male,Hyderabad,Urban,799376,713,1
58,Male,Kochi,Semi-Urban,445229,705,0
44,Male,Chennai,Urban,869656,712,1
28,Female,Trivandrum,Semi-Urban,526521,616,0
48,Female,Mumbai,Urban,435028,651,0
41,Male,Madurai,Semi-Urban,620361,672,1
36,Male,Hyderabad,Urban,285445,692,1
36,Male,Chennai,Urban,385211,693,1
55,Male,Coimbatore,Semi-Urban,694815,697,1
37,Female,Hyderabad,Urban,835434,581,1
29,Male,Mumbai,Urban,482461,613,1
55,Male,Coimbatore,Semi-Urban,855026,682,1
49,Female,Kochi,Semi-Urban,517400,687,0
59,Male,Mumbai,Urban,636428,672,1
38,Male,Chennai,Urban,638128,700,1
32,Male,Trivandrum,Semi-Urban,906149,712,1
39,Female,Chennai,Urban,776867,624,1
42,Male,Pune,Urban,559341,593,1
35,Male,Chennai,Urban,1087066,660,1
21,Male,Coimbatore,Semi-Urban,588666,713,1
22,Female,Mumbai,Urban,603064,692,1
28,Male,Chennai,Urban,666492,665,1
42,Female,Mumbai,Urban,515855,741,1
45,Female,Chennai,Urban,876824,786,1
22,Female,Bengaluru,Urban,580879,716,1
29,Male,Chennai,Urban,729493,758,1
29,Male,Madurai,Semi-Urban,51515,604,0
33,Male,Bengaluru,Urban,626290,686,1
26,Male,Pune,Urban,532752,653,1
50,Female,Bengaluru,Urban,614280,714,1
35,Male,Kochi,Semi-Urban,368415,618,0
35,Male,Madurai,Semi-Urban,563447,678,1
27,Male,Pune,Urban,636725,648,1
31,Female,Bengaluru,Urban,528664,720,1
60,Male,Trivandrum,Semi-Urban,719405,655,1
58,Male,Bengaluru,Urban,612851,602,1
60,Male,Hyderabad,Urban,727369,703,1
22,Female,Trivandrum,Semi-Urban,795331,723,0
59,Male,Hyderabad,Urban,811306,635,1
30,Male,Hyderabad,Urban,523571,713,1
64,Male,Bengaluru,Urban,520590,685,1
37,Female,Bengaluru,Urban,920895,684,1
27,Male,Bengaluru,Urban,416413,571,0
60,Female,Madurai,Semi-Urban,515978,737,0
59,Female,Bengaluru,Urban,567772,697,1
24,Male,Trivandrum,Semi-Urban,428612,693,0
55,Male,Trivandrum,Semi-Urban,622560,700,1
56,Male,Delhi,Urban,843020,692,1
51,Male,Trivandrum,Semi-Urban,217476,754,0
45,Male,Kochi,Semi-Urban,496734,735,1
61,Male,Mumbai,Urban,623881,657,1
33,Male,Hyderabad,Urban,912926,816,1
38,Male,Pune,Urban,301251,718,1
41,Female,Pune,Urban,773799,777,1
21,Female,Kochi,Semi-Urban,567340,691,0
56,Male,Chennai,Urban,632483,685,1
28,Male,Mumbai,Urban,845541,617,1
41,Female,Mumbai,Urban,573662,591,1
63,Female,Trivandrum,Semi-Urban,593472,680,0
41,Female,Kochi,Semi-Urban,626998,663,1
47,Male,Delhi,Urban,640269,700,1
39,Male,Kochi,Semi-Urban,382260,645,0
43,Male,Bengaluru,Urban,632384,716,1
63,Female,Coimbatore,Semi-Urban,686820,725,0
55,Male,Chennai,Urban,277278,766,1
60,Male,Kochi,Semi-Urban,772877,798,1
62,Male,Bengaluru,Urban,783032,717,1
25,Female,Bengaluru,Urban,650597,780,1
61,Male,Bengaluru,Urban,331092,701,1
28,Female,Madurai,Semi-Urban,470236,693,0
31,Female,Delhi,Urban,134869,630,0
36,Female,Hyderabad,Urban,528462,684,1
59,Male,Coimbatore,Semi-Urban,417304,664,0
44,Female,Kochi,Semi-Urban,586409,632,0
41,Male,Kochi,Semi-Urban,800297,602,1
43,Male,Mumbai,Urban,499534,678,1
58,Female,Bengaluru,Urban,682222,624,0
28,Male,Chennai,Urban,582483,672,1
27,Male,Bengaluru,Urban,419217,720,1
22,Male,Kochi,Semi-Urban,881834,635,0
50,Male,Chennai,Urban,765491,618,1
33,Male,Mumbai,Urban,378291,613,1
43,Male,Hyderabad,Urban,689694,646,1
49,Male,Bengaluru,Urban,558491,648,1
58,Female,Pune,Urban,702510,613,0
57,Male,Pune,Urban,331776,727,1
40,Male,Bengaluru,Urban,530331,708,1
53,Male,Coimbatore,Semi-Urban,670743,603,0
49,Female,Mumbai,Urban,382460,627,0
35,Female,Coimbatore,Semi-Urban,651793,722,1
43,Female,Chennai,Urban,533023,614,1
62,Male,Bengaluru,Urban,608782,632,1
23,Male,Madurai,Semi-Urban,803906,669,1
57,Male,Madurai,Semi-Urban,1141300,641,0
49,Male,Mumbai,Urban,615594,784,1
28,Male,Madurai,Semi-Urban,562363,702,1
42,Female,Kochi,Semi-Urban,986237,693,1
49,Male,Chennai,Urban,826710,677,1
22,Female,Hyderabad,Urban,955270,723,1
61,Male,Bengaluru,Urban,647649,694,1
21,Female,Coimbatore,Semi-Urban,763281,655,0
64,Male,Pune,Urban,609668,597,1
40,Female,Delhi,Urban,611295,648,1
41,Male,Kochi,Semi-Urban,622100,663,1
57,Female,Trivandrum,Semi-Urban,683281,703,0
28,Male,Chennai,Urban,614884,726,1
47,Male,Hyderabad,Urban,877721,679,1
55,Male,Mumbai,Urban,715108,684,1
26,Male,Delhi,Urban,640290,620,1
64,Female,Madurai,Semi-Urban,632262,637,0
39,Female,Chennai,Urban,514967,589,1
38,Female,Mumbai,Urban,383062,649,0
21,Female,Trivandrum,Semi-Urban,800171,696,0
45,Male,Bengaluru,Urban,799189,712,1
47,Female,Delhi,Urban,378601,646,0
27,Male,Bengaluru,Urban,382934,733,1
64,Female,Delhi,Urban,740000,753,1
62,Male,Trivandrum,Semi-Urban,535956,723,1
49,Female,Chennai,Urban,402004,739,0
51,Male,Coimbatore,Semi-Urban,279098,633,0
64,Male,Hyderabad,Urban,507550,608,1
63,Male,Chennai,Urban,626120,725,1
56,Male,Mumbai,Urban,543477,748,1
39,Male,Madurai,Semi-Urban,334729,763,1
26,Male,Bengaluru,Urban,482333,596,0
45,Female,Hyderabad,Urban,711015,682,1
51,Male,Kochi,Semi-Urban,916605,623,0
29,Female,Hyderabad,Urban,609310,671,1
40,Male,Bengaluru,Urban,806562,722,1
30,Male,Hyderabad,Urban,744198,698,1
57,Male,Coimbatore,Semi-Urban,483836,606,0
47,Male,Pune,Urban,787524,670,1
33,Male,Bengaluru,Urban,824861,653,1
61,Male,Delhi,Urban,503167,726,1
22,Male,Bengaluru,Urban,603541,643,1
41,Female,Kochi,Semi-Urban,486956,688,0
53,Male,Bengaluru,Urban,348596,663,1
44,Male,Bengaluru,Urban,804624,768,1
64,Female,Coimbatore,Semi-Urban,920555,714,0
62,Female,Bengaluru,Urban,587705,673,1
54,Male,Hyderabad,Urban,493105,661,1
29,Female,Pune,Urban,813595,679,1
22,Female,Pune,Urban,835222,789,1
50,Male,Chennai,Urban,426773,709,1
42,Male,Delhi,Urban,628035,695,1
31,Female,Delhi,Urban,995886,714,1
63,Male,Mumbai,Urban,964267,708,1
37,Male,Pune,Urban,415178,713,1
56,Male,Trivandrum,Semi-Urban,321708,714,0
33,Female,Trivandrum,Semi-Urban,670203,630,0
27,Female,Chennai,Urban,742599,615,0
36,Female,Mumbai,Urban,743866,714,1
53,Female,Mumbai,Urban,709039,698,1
21,Male,Hyderabad,Urban,656724,652,1
31,Male,Bengaluru,Urban,515110,645,1
26,Female,Bengaluru,Urban,473362,705,0
40,Female,Chennai,Urban,760815,705,1
55,Male,Chennai,Urban,458938,605,0
64,Male,Chennai,Urban,266528,682,1
57,Male,Chennai,Urban,628779,673,1
61,Male,Mumbai,Urban,657121,666,1
46,Male,Mumbai,Urban,984738,625,1
32,Male,Hyderabad,Urban,606700,645,1
50,Female,Madurai,Semi-Urban,334720,664,0
48,Male,Delhi,Urban,843871,587,1
47,Female,Coimbatore,Semi-Urban,590138,732,0
62,Male,Pune,Urban,568032,676,1
39,Male,Chennai,Urban,367333,651,1
25,Male,Mumbai,Urban,701916,629,1
25,Female,Mumbai,Urban,631253,692,1
61,Male,Hyderabad,Urban,615898,595,1
47,Female,Bengaluru,Urban,787540,716,1
48,Female,Coimbatore,Semi-Urban,811758,720,0
46,Male,Bengaluru,Urban,664128,647,1
47,Male,Pune,Urban,707707,566,1
62,Female,Coimbatore,Semi-Urban,669390,650,0
41,Male,Delhi,Urban,934393,664,1
21,Male,Chennai,Urban,418659,673,1
48,Male,Delhi,Urban,382858,769,1
35,Male,Chennai,Urban,362310,696,1
37,Female,Chennai,Urban,703463,764,1
46,Male,Coimbatore,Semi-Urban,577323,719,1
40,Male,Hyderabad,Urban,378748,699,1
45,Male,Mumbai,Urban,561305,686,1
33,Female,Coimbatore,Semi-Urban,1031476,581,0
53,Female,Bengaluru,Urban,685495,576,0
45,Female,Delhi,Urban,894989,717,1
28,Female,Delhi,Urban,339340,676,1
25,Male,Mumbai,Urban,658404,731,1
26,Male,Coimbatore,Semi-Urban,702543,601,0
43,Male,Pune,Urban,738400,696,1
50,Female,Mumbai,Urban,549384,703,1
34,Female,Mumbai,Urban,797326,648,1
43,Female,Mumbai,Urban,698365,626,1
31,Female,Trivandrum,Semi-Urban,617624,628,0
51,Male,Kochi,Semi-Urban,514320,644,0
26,Male,Chennai,Urban,302933,655,1
31,Male,Bengaluru,Urban,216661,649,1
33,Male,Pune,Urban,465370,695,1
32,Male,Chennai,Urban,569131,672,1
22,Male,Kochi,Semi-Urban,464830,617,0
55,Male,Coimbatore,Semi-Urban,668887,707,1
56,Female,Hyderabad,Urban,764591,620,0
37,Male,Kochi,Semi-Urban,349879,662,1
48,Male,Bengaluru,Urban,709834,628,1
48,Male,Pune,Urban,594659,645,1
42,Male,Bengaluru,Urban,255330,654,1
58,Female,Mumbai,Urban,781694,656,1
27,Male,Delhi,Urban,412890,668,1
35,Female,Coimbatore,Semi-Urban,1114044,677,1
52,Male,Bengaluru,Urban,833531,731,1
31,Male,Mumbai,Urban,571509,628,1
44,Male,Hyderabad,Urban,599670,535,1
23,Male,Hyderabad,Urban,321728,625,0
50,Male,Coimbatore,Semi-Urban,951363,733,1
26,Female,Bengaluru,Urban,430159,711,0
22,Male,Trivandrum,Semi-Urban,608398,639,0
34,Male,Coimbatore,Semi-Urban,471575,661,1
61,Male,Madurai,Semi-Urban,692218,579,0
38,Male,Kochi,Semi-Urban,595821,636,1
64,Female,Hyderabad,Urban,474751,640,0
51,Female,Mumbai,Urban,692867,717,1
33,Male,Pune,Urban,900782,670,1
46,Male,Madurai,Semi-Urban,609767,625,0
64,Male,Mumbai,Urban,161837,608,0
32,Female,Pune,Urban,675125,721,1
38,Male,Coimbatore,Semi-Urban,304674,672,1
29,Female,Madurai,Semi-Urban,326106,630,0
41,Male,Kochi,Semi-Urban,305331,728,1
60,Female,Madurai,Semi-Urban,741248,716,0
63,Male,Madurai,Semi-Urban,309536,654,0
44,Male,Bengaluru,Urban,797453,618,1
54,Female,Pune,Urban,762183,752,1
28,Female,Hyderabad,Urban,427414,710,1
64,Female,Mumbai,Urban,695824,672,1
53,Female,Coimbatore,Semi-Urban,835625,617,0
43,Female,Kochi,Semi-Urban,483530,700,0
33,Male,Madurai,Semi-Urban,846421,627,1
34,Female,Mumbai,Urban,633766,710,1
34,Female,Hyderabad,Urban,462149,704,1
36,Male,Bengaluru,Urban,765179,643,1
58,Female,Mumbai,Urban,454735,704,0
59,Male,Trivandrum,Semi-Urban,877193,655,1
46,Male,Hyderabad,Urban,369549,729,1
46,Female,Mumbai,Urban,861875,654,1
21,Male,Chennai,Urban,643606,713,1
52,Male,Coimbatore,Semi-Urban,742464,808,1
35,Male,Bengaluru,Urban,521298,639,1
41,Male,Trivandrum,Semi-Urban,678358,610,1
38,Male,Hyderabad,Urban,94047,682,1
50,Female,Bengaluru,Urban,643702,704,1
33,Female,Madurai,Semi-Urban,337336,635,0
44,Female,Mumbai,Urban,749610,674,1
50,Male,Delhi,Urban,493035,639,0
22,Female,Trivandrum,Semi-Urban,491154,602,0
39,Female,Kochi,Semi-Urban,367190,691,0
64,Male,Trivandrum,Semi-Urban,636809,678,1
45,Female,Trivandrum,Semi-Urban,430591,625,0
34,Female,Delhi,Urban,589445,635,1
26,Male,Hyderabad,Urban,534623,660,1
32,Male,Chennai,Urban,395081,672,1
40,Female,Madurai,Semi-Urban,522282,606,0
43,Male,Pune,Urban,481893,645,1
50,Female,Hyderabad,Urban,794066,735,1
50,Male,Bengaluru,Urban,827358,708,1
58,Male,Chennai,Urban,336152,661,1
50,Female,Kochi,Semi-Urban,638702,733,0
61,Male,Chennai,Urban,543972,669,1
50,Female,Coimbatore,Semi-Urban,424165,660,0
56,Male,Pune,Urban,629150,691,1
54,Male,Pune,Urban,693810,688,1
36,Male,Bengaluru,Urban,67626,747,1
44,Male,Pune,Urban,800945,625,1
34,Male,Trivandrum,Semi-Urban,742180,714,1
46,Female,Bengaluru,Urban,594736,666,1
28,Female,Mumbai,Urban,424431,613,0
34,Female,Trivandrum,Semi-Urban,697885,695,1
51,Male,Pune,Urban,469021,657,1
22,Female,Chennai,Urban,853987,743,1
24,Female,Bengaluru,Urban,779577,637,0
21,Male,Mumbai,Urban,603912,647,1
40,Male,Pune,Urban,438946,684,1
34,Male,Pune,Urban,699245,592,1
60,Male,Chennai,Urban,758436,729,1
45,Female,Hyderabad,Urban,533154,735,1
45,Male,Madurai,Semi-Urban,682278,713,1
23,Female,Trivandrum,Semi-Urban,503995,685,0
25,Male,Pune,Urban,251597,709,1
58,Male,Madurai,Semi-Urban,267406,692,0
46,Male,Chennai,Urban,631210,722,1
60,Female,Trivandrum,Semi-Urban,904644,767,0
58,Male,Bengaluru,Urban,406565,673,1
58,Female,Coimbatore,Semi-Urban,439045,666,0
24,Male,Delhi,Urban,660072,670,1
27,Female,Pune,Urban,607379,619,0
50,Female,Pune,Urban,657125,684,1
50,Female,Bengaluru,Urban,703574,599,0
39,Male,Chennai,Urban,596356,739,1
59,Male,Mumbai,Urban,627364,744,1
55,Male,Madurai,Semi-Urban,374639,636,0
60,Female,Coimbatore,Semi-Urban,516353,626,0
53,Male,Pune,Urban,852417,723,1
53,Male,Kochi,Semi-Urban,694273,602,0
34,Male,Chennai,Urban,655809,634,1
58,Male,Bengaluru,Urban,425516,626,0
30,Female,Chennai,Urban,439144,697,1
48,Female,Kochi,Semi-Urban,385128,698,0
34,Male,Pune,Urban,232966,689,1
56,Female,Hyderabad,Urban,546176,671,1
58,Female,Madurai,Semi-Urban,522090,709,0
36,Male,Mumbai,Urban,636960,678,1
41,Female,Hyderabad,Urban,807156,752,1
48,Female,Mumbai,Urban,474712,725,0
53,Male,Mumbai,Urban,849820,637,1
26,Female,Madurai,Semi-Urban,702909,658,0
61,Male,Mumbai,Urban,884392,665,1
35,Male,Hyderabad,Urban,372143,627,1
64,Female,Coimbatore,Semi-Urban,834579,730,0
23,Female,Pune,Urban,465061,715,0
63,Female,Kochi,Semi-Urban,440920,662,0
55,Male,Chennai,Urban,588192,698,1
34,Female,Chennai,Urban,430294,653,1
22,Male,Bengaluru,Urban,685847,723,1
49,Male,Bengaluru,Urban,768215,667,1
24,Male,Madurai,Semi-Urban,698776,576,0
46,Male,Bengaluru,Urban,588735,612,1
32,Male,Mumbai,Urban,835900,739,1
22,Female,Trivandrum,Semi-Urban,685676,667,0
37,Female,Madurai,Semi-Urban,570963,694,1
55,Female,Chennai,Urban,574475,668,1
30,Female,Mumbai,Urban,423153,604,0
42,Male,Chennai,Urban,407185,622,1
61,Female,Chennai,Urban,509013,730,1
63,Female,Hyderabad,Urban,389446,728,0
41,Male,Delhi,Urban,369977,608,1
35,Female,Bengaluru,Urban,416602,736,1
55,Male,Mumbai,Urban,814951,651,1
41,Male,Chennai,Urban,438286,687,1
41,Male,Pune,Urban,764970,676,1
41,Female,Delhi,Urban,471936,709,1
64,Female,Madurai,Semi-Urban,637877,719,0
52,Male,Chennai,Urban,437223,658,1
25,Male,Coimbatore,Semi-Urban,639229,732,1
59,Female,Mumbai,Urban,1055517,746,1
29,Female,Chennai,Urban,460438,696,1
38,Male,Trivandrum,Semi-Urban,541264,626,1
41,Male,Trivandrum,Semi-Urban,362489,701,1
28,Female,Pune,Urban,819896,654,1
64,Male,Coimbatore,Semi-Urban,851811,661,1
54,Male,Bengaluru,Urban,413587,633,0
30,Male,Hyderabad,Urban,568567,749,1
61,Female,Mumbai,Urban,684144,674,1
44,Female,Bengaluru,Urban,613434,746,1
60,Male,Coimbatore,Semi-Urban,414973,715,0
44,Male,Delhi,Urban,406680,640,1
52,Male,Pune,Urban,353647,641,0
53,Male,Delhi,Urban,804889,671,1
58,Male,Delhi,Urban,732696,677,1
64,Male,Bengaluru,Urban,933674,658,1
54,Male,Bengaluru,Urban,398388,734,1
31,Male,Coimbatore,Semi-Urban,659917,684,1
51,Female,Pune,Urban,627222,693,1
38,Female,Mumbai,Urban,674271,626,1
43,Male,Coimbatore,Semi-Urban,721922,590,1
42,Male,Kochi,Semi-Urban,1239438,723,1
63,Male,Pune,Urban,1231646,629,1
38,Female,Chennai,Urban,671839,665,1
60,Male,Delhi,Urban,922973,675,1
61,Male,Mumbai,Urban,427679,686,1
59,Female,Delhi,Urban,580124,655,1
40,Female,Chennai,Urban,440528,638,0
33,Male,Mumbai,Urban,650422,653,1
21,Male,Kochi,Semi-Urban,705158,593,0
24,Female,Bengaluru,Urban,1059863,700,1
44,Female,Trivandrum,Semi-Urban,413728,705,0
56,Male,Trivandrum,Semi-Urban,865230,700,1
56,Female,Madurai,Semi-Urban,517318,685,0
22,Male,Mumbai,Urban,488373,733,1
48,Female,Bengaluru,Urban,552898,738,1
46,Male,Mumbai,Urban,996136,731,1
43,Female,Bengaluru,Urban,207792,676,1
35,Female,Kochi,Semi-Urban,690445,672,1
56,Male,Bengaluru,Urban,825214,683,1
47,Female,Hyderabad,Urban,406569,646,0
26,Male,Bengaluru,Urban,706638,688,1
55,Male,Bengaluru,Urban,455326,682,1
59,Male,Pune,Urban,992567,724,1
58,Female,Pune,Urban,342222,748,0
55,Male,Delhi,Urban,715843,693,1
56,Female,Chennai,Urban,513546,713,1
30,Female,Madurai,Semi-Urban,572076,679,1
50,Male,Pune,Urban,542216,718,1
61,Male,Madurai,Semi-Urban,822021,722,1
58,Female,Delhi,Urban,638985,750,1
49,Female,Bengaluru,Urban,318819,584,0
63,Male,Bengaluru,Urban,676290,708,1
59,Male,Madurai,Semi-Urban,656355,666,1
24,Male,Madurai,Semi-Urban,810410,703,1
25,Male,Mumbai,Urban,669689,704,1
24,Male,Hyderabad,Urban,298389,640,0
56,Male,Kochi,Semi-Urban,837790,596,0
36,Male,Coimbatore,Semi-Urban,830903,696,1
45,Male,Trivandrum,Semi-Urban,707228,660,1
34,Female,Kochi,Semi-Urban,660695,714,1
31,Female,Chennai,Urban,677516,671,1
49,Male,Chennai,Urban,833795,716,1
54,Female,Trivandrum,Semi-Urban,875042,696,0
42,Male,Coimbatore,Semi-Urban,709435,609,1
34,Female,Bengaluru,Urban,729887,680,1
44,Female,Chennai,Urban,642754,679,1
59,Female,Kochi,Semi-Urban,1083804,663,0
46,Male,Hyderabad,Urban,194990,707,1
63,Male,Delhi,Urban,470710,636,0
56,Male,Kochi,Semi-Urban,443782,757,0
59,Male,Coimbatore,Semi-Urban,1023595,611,0
36,Male,Coimbatore,Semi-Urban,559423,609,1
58,Male,Hyderabad,Urban,203207,709,1
52,Female,Delhi,Urban,441116,787,0
26,Male,Bengaluru,Urban,714991,648,1
54,Male,Coimbatore,Semi-Urban,610058,702,1
28,Male,Coimbatore,Semi-Urban,583333,734,1
50,Male,Hyderabad,Urban,644773,668,1
47,Female,Chennai,Urban,832222,653,1
27,Male,Bengaluru,Urban,788528,744,1
47,Male,Delhi,Urban,440832,696,1
45,Male,Bengaluru,Urban,663099,707,1
61,Female,Kochi,Semi-Urban,914074,616,0
35,Male,Kochi,Semi-Urban,647096,702,1
45,Female,Kochi,Semi-Urban,485682,727,0
42,Male,Madurai,Semi-Urban,374672,704,1
38,Female,Hyderabad,Urban,650974,706,1
32,Male,Madurai,Semi-Urban,560978,761,1
43,Male,Bengaluru,Urban,557409,708,1
59,Male,Bengaluru,Urban,646161,739,1
45,Male,Mumbai,Urban,465067,719,1
30,Male,Delhi,Urban,858459,652,1
50,Male,Bengaluru,Urban,585850,692,1
30,Male,Delhi,Urban,997201,708,1
54,Male,Hyderabad,Urban,806659,565,1
33,Female,Madurai,Semi-Urban,584812,689,1
49,Female,Delhi,Urban,344212,740,0
58,Male,Delhi,Urban,732586,633,1
61,Male,Pune,Urban,694587,625,1
29,Male,Trivandrum,Semi-Urban,459936,697,1
33,Male,Mumbai,Urban,370713,622,1
57,Female,Mumbai,Urban,597356,736,1
34,Female,Kochi,Semi-Urban,646816,654,1
57,Male,Chennai,Urban,632020,713,1
29,Male,Bengaluru,Urban,600651,634,1
28,Female,Hyderabad,Urban,839030,780,1
59,Male,Coimbatore,Semi-Urban,472891,790,0
60,Male,Chennai,Urban,979101,736,1
23,Female,Bengaluru,Urban,266660,645,0
60,Male,Chennai,Urban,454292,676,1
53,Male,Kochi,Semi-Urban,361306,581,0
52,Female,Kochi,Semi-Urban,644153,745,0
27,Male,Kochi,Semi-Urban,679795,685,1
39,Female,Hyderabad,Urban,950681,675,1
54,Male,Madurai,Semi-Urban,642799,634,0
34,Female,Mumbai,Urban,769364,729,1
39,Female,Delhi,Urban,382317,706,1
46,Male,Pune,Urban,323739,682,1
37,Female,Pune,Urban,861663,701,1
48,Female,Kochi,Semi-Urban,788298,776,0
39,Male,Pune,Urban,647808,634,1
47,Female,Delhi,Urban,424778,617,0
39,Female,Hyderabad,Urban,1086153,640,1
53,Male,Hyderabad,Urban,765760,740,1
27,Male,Delhi,Urban,461730,693,1
49,Male,Delhi,Urban,610560,641,1
63,Male,Mumbai,Urban,308282,706,1
25,Male,Madurai,Semi-Urban,624357,655,1
50,Male,Mumbai,Urban,507102,688,1
63,Male,Hyderabad,Urban,1077469,703,1
28,Male,Bengaluru,Urban,752384,649,1
62,Male,Pune,Urban,94203,589,0
32,Male,Coimbatore,Semi-Urban,968126,692,1
62,Male,Kochi,Semi-Urban,680741,670,1
33,Female,Coimbatore,Semi-Urban,908008,649,0
46,Male,Coimbatore,Semi-Urban,655552,692,1
38,Male,Pune,Urban,630399,711,1
62,Male,Hyderabad,Urban,433069,571,0
40,Male,Delhi,Urban,730677,685,1
36,Male,Bengaluru,Urban,817807,674,1
57,Female,Pune,Urban,249366,661,0
23,Male,Pune,Urban,436029,712,1
47,Female,Coimbatore,Semi-Urban,353685,586,0
35,Male,Mumbai,Urban,956986,532,1
54,Male,Mumbai,Urban,824154,599,1
42,Female,Mumbai,Urban,528107,715,1
60,Female,Hyderabad,Urban,815118,656,1
43,Female,Delhi,Urban,326367,667,1
24,Female,Bengaluru,Urban,660921,765,1
61,Male,Pune,Urban,786824,701,1
43,Female,Mumbai,Urban,491863,730,1
29,Male,Pune,Urban,598321,676,1
44,Female,Trivandrum,Semi-Urban,700608,572,0
41,Male,Hyderabad,Urban,830770,668,1
61,Male,Chennai,Urban,294878,638,0
36,Female,Pune,Urban,565848,639,1
45,Male,Coimbatore,Semi-Urban,416123,699,1
46,Male,Chennai,Urban,709465,569,1
29,Male,Bengaluru,Urban,538534,645,1
35,Female,Trivandrum,Semi-Urban,762932,657,1
59,Female,Hyderabad,Urban,331389,712,0
53,Female,Chennai,Urban,505212,784,1
21,Female,Trivandrum,Semi-Urban,1000725,574,0
25,Male,Kochi,Semi-Urban,559278,684,1
29,Male,Mumbai,Urban,816377,662,1
64,Male,Pune,Urban,388571,692,1
26,Male,Kochi,Semi-Urban,302570,810,0
48,Male,Madurai,Semi-Urban,881045,609,0
46,Male,Chennai,Urban,761176,649,1
48,Male,Hyderabad,Urban,516498,743,1
60,Female,Bengaluru,Urban,926826,702,1
35,Male,Hyderabad,Urban,475771,719,1
26,Female,Pune,Urban,428715,658,0
47,Female,Pune,Urban,603092,728,1
58,Female,Trivandrum,Semi-Urban,545898,724,0
24,Female,Delhi,Urban,368037,697,0
31,Male,Coimbatore,Semi-Urban,576521,778,1
41,Female,Delhi,Urban,650448,693,1
50,Female,Bengaluru,Urban,765988,701,1
38,Male,Mumbai,Urban,1131669,657,1
55,Female,Delhi,Urban,844905,701,1
23,Male,Chennai,Urban,388125,694,1
32,Male,Chennai,Urban,1144560,713,1
47,Male,Hyderabad,Urban,610171,698,1
50,Female,Kochi,Semi-Urban,666376,699,0
41,Female,Bengaluru,Urban,464145,659,1
58,Female,Trivandrum,Semi-Urban,598232,713,0
41,Female,Mumbai,Urban,595006,689,1
58,Male,Hyderabad,Urban,736133,663,1
60,Male,Coimbatore,Semi-Urban,781589,640,0
35,Female,Mumbai,Urban,524130,721,1
38,Male,Hyderabad,Urban,838454,721,1
49,Male,Madurai,Semi-Urban,490908,674,0
58,Male,Hyderabad,Urban,823298,616,1
41,Male,Madurai,Semi-Urban,468499,754,1
37,Female,Mumbai,Urban,373314,746,1
61,Male,Chennai,Urban,540475,799,1
38,Female,Kochi,Semi-Urban,550677,586,0
57,Female,Hyderabad,Urban,403048,666,0
58,Male,Bengaluru,Urban,524144,643,1
32,Male,Bengaluru,Urban,491598,590,1
31,Male,Chennai,Urban,600543,682,1
40,Female,Trivandrum,Semi-Urban,709490,692,1
29,Male,Coimbatore,Semi-Urban,583583,676,1
21,Male,Madurai,Semi-Urban,413143,599,0
23,Female,Hyderabad,Urban,527211,710,1
41,Male,Kochi,Semi-Urban,798242,620,1
43,Female,Chennai,Urban,467417,732,1
29,Female,Kochi,Semi-Urban,407737,729,0
39,Male,Madurai,Semi-Urban,292487,699,1
39,Female,Bengaluru,Urban,463151,659,1
43,Male,Pune,Urban,765052,687,1
47,Female,Coimbatore,Semi-Urban,453850,649,0
47,Female,Trivandrum,Semi-Urban,592736,711,0
59,Male,Trivandrum,Semi-Urban,502017,750,1
56,Male,Coimbatore,Semi-Urban,490087,744,0
32,Female,Pune,Urban,862687,681,1
47,Male,Coimbatore,Semi-Urban,570195,750,1
54,Female,Hyderabad,Urban,349080,696,0
53,Male,Kochi,Semi-Urban,294540,563,0
48,Male,Hyderabad,Urban,388417,745,1
51,Female,Pune,Urban,365449,689,0
52,Male,Madurai,Semi-Urban,772254,703,1
40,Female,Delhi,Urban,558383,660,1
60,Male,Coimbatore,Semi-Urban,613137,747,1
55,Male,Madurai,Semi-Urban,549846,643,0
51,Female,Chennai,Urban,559647,742,1
51,Male,Delhi,Urban,788388,630,1
58,Female,Mumbai,Urban,803206,693,1
42,Female,Coimbatore,Semi-Urban,957776,749,1
61,Female,Hyderabad,Urban,424359,754,0
29,Female,Trivandrum,Semi-Urban,521830,722,1
29,Male,Mumbai,Urban,638994,735,1
35,Female,Bengaluru,Urban,914651,726,1
33,Male,Bengaluru,Urban,461083,659,1
42,Male,Bengaluru,Urban,789125,705,1
36,Male,Bengaluru,Urban,478053,694,1
52,Male,Delhi,Urban,794729,734,1
22,Female,Kochi,Semi-Urban,618620,738,0
46,Male,Bengaluru,Urban,391456,682,1
34,Male,Kochi,Semi-Urban,576393,675,1
58,Male,Delhi,Urban,722794,732,1
54,Male,Bengaluru,Urban,23925,670,1
28,Female,Mumbai,Urban,781993,737,1
56,Male,Trivandrum,Semi-Urban,306891,687,0
41,Male,Bengaluru,Urban,556322,652,1
63,Male,Bengaluru,Urban,578188,660,1
48,Male,Pune,Urban,54424,538,0
64,Male,Trivandrum,Semi-Urban,477084,676,0
26,Male,Mumbai,Urban,683563,711,1
40,Male,Kochi,Semi-Urban,972584,807,1
51,Male,Coimbatore,Semi-Urban,764509,649,0
53,Male,Coimbatore,Semi-Urban,781076,662,1
64,Female,Hyderabad,Urban,168315,646,0
27,Male,Mumbai,Urban,539734,641,1
28,Female,Kochi,Semi-Urban,963922,709,1
29,Female,Bengaluru,Urban,799663,660,1
22,Male,Pune,Urban,497525,643,0
37,Female,Mumbai,Urban,622861,700,1
57,Female,Hyderabad,Urban,795954,707,1
62,Female,Madurai,Semi-Urban,790868,645,0
64,Male,Bengaluru,Urban,574718,734,1
37,Male,Bengaluru,Urban,551045,763,1
58,Male,Kochi,Semi-Urban,688358,715,1
55,Male,Hyderabad,Urban,794997,707,1
59,Female,Trivandrum,Semi-Urban,521525,565,0
50,Female,Bengaluru,Urban,230001,637,0
26,Male,Hyderabad,Urban,583984,610,1
24,Female,Chennai,Urban,347382,726,0
57,Female,Trivandrum,Semi-Urban,986678,728,0
55,Male,Chennai,Urban,409347,702,1
29,Male,Mumbai,Urban,576436,667,1
26,Male,Coimbatore,Semi-Urban,457945,666,0
33,Female,Madurai,Semi-Urban,496398,872,0
42,Female,Trivandrum,Semi-Urban,766823,719,1
48,Male,Mumbai,Urban,810591,675,1
50,Male,Delhi,Urban,731168,704,1
56,Female,Kochi,Semi-Urban,793598,615,0
22,Female,Madurai,Semi-Urban,494754,708,0
56,Male,Madurai,Semi-Urban,380795,667,0
28,Male,Pune,Urban,450166,705,1
62,Female,Coimbatore,Semi-Urban,686210,632,0
29,Male,Bengaluru,Urban,843391,771,1
21,Male,Trivandrum,Semi-Urban,353079,635,0
33,Female,Coimbatore,Semi-Urban,528930,662,1
35,Male,Madurai,Semi-Urban,545395,624,1
52,Female,Pune,Urban,445390,643,0
54,Male,Mumbai,Urban,719372,673,1
63,Male,Kochi,Semi-Urban,799717,682,1
51,Male,Bengaluru,Urban,1090589,667,1
34,Male,Delhi,Urban,994985,705,1
34,Male,Mumbai,Urban,758010,797,1
49,Female,Pune,Urban,508053,670,1
39,Male,Madurai,Semi-Urban,741393,654,1
47,Female,Coimbatore,Semi-Urban,209014,748,0
29,Male,Bengaluru,Urban,732255,632,1
57,Male,Mumbai,Urban,673131,762,1
57,Male,Trivandrum,Semi-Urban,615384,588,0
63,Female,Bengaluru,Urban,443683,730,0
48,Male,Chennai,Urban,758777,632,1
44,Male,Madurai,Semi-Urban,402069,631,0
48,Female,Bengaluru,Urban,811045,699,1
56,Male,Bengaluru,Urban,720187,725,1
38,Male,Delhi,Urban,685891,714,1
45,Male,Pune,Urban,403202,645,1
55,Female,Coimbatore,Semi-Urban,469546,723,0
24,Male,Pune,Urban,302592,638,0
34,Female,Trivandrum,Semi-Urban,768043,667,1
59,Female,Mumbai,Urban,607259,651,1
46,Female,Pune,Urban,492506,672,0
28,Male,Mumbai,Urban,572732,652,1
44,Female,Hyderabad,Urban,809956,688,1
36,Male,Mumbai,Urban,372116,612,1
40,Male,Coimbatore,Semi-Urban,512313,709,1
35,Male,Madurai,Semi-Urban,284056,654,1
27,Female,Hyderabad,Urban,389563,627,0
37,Male,Mumbai,Urban,549830,731,1
42,Male,Madurai,Semi-Urban,816849,773,1
42,Female,Bengaluru,Urban,728360,707,1
32,Male,Coimbatore,Semi-Urban,797909,691,1
38,Male,Mumbai,Urban,732652,660,1
35,Female,Hyderabad,Urban,407845,613,0
57,Female,Mumbai,Urban,938949,708,1
36,Male,Mumbai,Urban,748394,601,1
25,Male,Trivandrum,Semi-Urban,959345,703,1
22,Female,Pune,Urban,934768,593,0
48,Male,Mumbai,Urban,581723,690,1
61,Male,Coimbatore,Semi-Urban,502194,744,1
47,Female,Trivandrum,Semi-Urban,153065,698,0
51,Male,Hyderabad,Urban,633247,735,1
61,Male,Delhi,Urban,592139,753,1
56,Male,Kochi,Semi-Urban,472183,681,0
63,Male,Bengaluru,Urban,500213,772,1
21,Female,Mumbai,Urban,703829,665,1
49,Male,Pune,Urban,223181,630,0
21,Male,Kochi,Semi-Urban,856156,630,0
28,Female,Hyderabad,Urban,774967,727,1
36,Male,Chennai,Urban,528677,667,1
48,Female,Chennai,Urban,584798,658,1
42,Male,Mumbai,Urban,663508,717,1
38,Female,Chennai,Urban,762985,601,1
42,Male,Bengaluru,Urban,1005755,811,1
61,Male,Hyderabad,Urban,494771,621,0
32,Male,Delhi,Urban,872789,710,1
39,Female,Bengaluru,Urban,555684,707,1
45,Female,Bengaluru,Urban,520408,672,1
25,Female,Bengaluru,Urban,548402,735,1
54,Male,Chennai,Urban,816587,721,1
59,Male,Chennai,Urban,485582,674,1
30,Female,Delhi,Urban,621344,711,1
27,Female,Mumbai,Urban,497391,569,0
57,Female,Hyderabad,Urban,514304,659,1
35,Male,Coimbatore,Semi-Urban,870143,707,1
62,Male,Mumbai,Urban,597869,646,1
44,Male,Bengaluru,Urban,466783,675,1
46,Male,Hyderabad,Urban,513191,670,1
46,Female,Pune,Urban,655869,594,0
46,Female,Pune,Urban,589551,725,1
30,Male,Chennai,Urban,600488,686,1
37,Male,Chennai,Urban,540227,621,1
34,Male,Mumbai,Urban,808809,772,1
22,Female,Mumbai,Urban,715302,689,1
33,Female,Mumbai,Urban,555073,691,1
47,Male,Delhi,Urban,625989,675,1
29,Female,Chennai,Urban,437056,775,1
27,Male,Bengaluru,Urban,585251,726,1
30,Male,Delhi,Urban,461940,644,1
29,Female,Pune,Urban,639121,576,1
42,Female,Bengaluru,Urban,579305,713,1
43,Female,Trivandrum,Semi-Urban,551822,673,1
27,Male,Mumbai,Urban,628577,662,1
29,Male,Hyderabad,Urban,659717,672,1
47,Male,Madurai,Semi-Urban,818074,589,0
44,Male,Mumbai,Urban,755714,686,1
49,Male,Delhi,Urban,790217,667,1
37,Male,Mumbai,Urban,529595,657,1
40,Male,Bengaluru,Urban,657541,683,1
27,Male,Delhi,Urban,946977,757,1
63,Female,Mumbai,Urban,580628,663,1
60,Female,Bengaluru,Urban,625866,742,1
27,Female,Delhi,Urban,628542,688,1
48,Male,Bengaluru,Urban,579208,746,1
39,Male,Chennai,Urban,857631,676,1
40,Male,Coimbatore,Semi-Urban,511577,636,1
64,Male,Bengaluru,Urban,815988,786,1
59,Male,Kochi,Semi-Urban,753901,730,1
60,Male,Pune,Urban,587844,751,1
27,Female,Chennai,Urban,517788,710,1
26,Female,Mumbai,Urban,593459,683,1
45,Male,Delhi,Urban,831843,729,1
61,Female,Mumbai,Urban,815376,709,1
33,Male,Kochi,Semi-Urban,759992,653,1
59,Female,Mumbai,Urban,582714,703,1
60,Female,Bengaluru,Urban,608714,662,1
42,Female,Bengaluru,Urban,725264,615,1
37,Male,Trivandrum,Semi-Urban,552629,676,1
42,Male,Chennai,Urban,767516,649,1
54,Male,Coimbatore,Semi-Urban,630344,785,1
28,Male,Trivandrum,Semi-Urban,802792,627,1
38,Female,Bengaluru,Urban,317119,658,1
44,Female,Chennai,Urban,478567,651,1
62,Female,Hyderabad,Urban,533407,719,1
22,Male,Delhi,Urban,682503,692,1
22,Female,Coimbatore,Semi-Urban,524832,775,0
47,Male,Bengaluru,Urban,1036037,755,1
34,Male,Chennai,Urban,356259,685,1
59,Female,Hyderabad,Urban,803933,625,0
32,Male,Chennai,Urban,846035,698,1
52,Male,Delhi,Urban,699656,691,1
48,Male,Mumbai,Urban,536886,605,1
48,Female,Hyderabad,Urban,596163,669,1
45,Female,Delhi,Urban,763411,690,1
24,Male,Hyderabad,Urban,280285,682,1
46,Female,Hyderabad,Urban,473139,631,0
56,Female,Chennai,Urban,492483,679,0
23,Female,Delhi,Urban,708923,674,1
21,Male,Mumbai,Urban,817796,704,1
37,Female,Chennai,Urban,996196,634,1
27,Female,Bengaluru,Urban,227143,738,0
25,Male,Chennai,Urban,394447,704,1
39,Male,Bengaluru,Urban,531573,613,1
59,Male,Mumbai,Urban,711225,693,1
54,Male,Chennai,Urban,752881,682,1
55,Male,Mumbai,Urban,364239,675,1
36,Male,Hyderabad,Urban,675274,606,1
60,Male,Delhi,Urban,88024,664,1
59,Male,Trivandrum,Semi-Urban,658384,648,0
47,Male,Mumbai,Urban,594772,657,1
61,Female,Bengaluru,Urban,580071,725,1
58,Female,Bengaluru,Urban,521632,646,0
45,Male,Chennai,Urban,582063,789,1
46,Male,Mumbai,Urban,664322,803,1
34,Male,Bengaluru,Urban,932138,697,1
34,Male,Hyderabad,Urban,342950,615,1
34,Male,Madurai,Semi-Urban,545424,615,1
45,Female,Bengaluru,Urban,708171,703,1
56,Male,Pune,Urban,587938,668,1
24,Female,Madurai,Semi-Urban,624829,643,0
35,Female,Coimbatore,Semi-Urban,482676,680,0
52,Male,Madurai,Semi-Urban,765074,615,0
38,Male,Bengaluru,Urban,165528,799,1
34,Male,Chennai,Urban,401462,708,1
21,Male,Bengaluru,Urban,991092,761,1
62,Male,Bengaluru,Urban,354228,728,1
40,Female,Hyderabad,Urban,425592,718,1
30,Female,Coimbatore,Semi-Urban,442466,635,0
30,Female,Chennai,Urban,491774,548,0
44,Male,Chennai,Urban,596140,732,1
54,Male,Kochi,Semi-Urban,815798,680,1
48,Male,Bengaluru,Urban,695484,790,1
47,Male,Hyderabad,Urban,552779,658,1
60,Male,Hyderabad,Urban,949824,681,1
21,Female,Coimbatore,Semi-Urban,516554,663,0
53,Male,Delhi,Urban,611516,746,1
24,Female,Kochi,Semi-Urban,623852,559,0
27,Female,Bengaluru,Urban,769400,699,1
29,Male,Pune,Urban,369779,647,1
36,Female,Hyderabad,Urban,395238,683,1
25,Male,Trivandrum,Semi-Urban,788539,757,1
54,Male,Pune,Urban,956958,626,1
43,Female,Mumbai,Urban,527181,625,1
63,Male,Mumbai,Urban,347662,774,1
45,Female,Bengaluru,Urban,361981,662,1
33,Female,Mumbai,Urban,807241,653,1
44,Female,Madurai,Semi-Urban,262687,654,0
31,Female,Bengaluru,Urban,612765,598,1
37,Male,Madurai,Semi-Urban,564754,757,1
57,Male,Kochi,Semi-Urban,464916,752,0
33,Male,Mumbai,Urban,428328,593,1
47,Male,Delhi,Urban,739231,662,1
40,Male,Chennai,Urban,755481,601,1
53,Female,Chennai,Urban,833464,720,1
62,Male,Hyderabad,Urban,696868,710,1
52,Female,Hyderabad,Urban,601514,630,0
28,Female,Madurai,Semi-Urban,632652,657,1
49,Male,Hyderabad,Urban,798165,747,1
60,Male,Delhi,Urban,258493,673,1
39,Male,Chennai,Urban,688792,648,1
26,Male,Trivandrum,Semi-Urban,484348,728,0
64,Male,Delhi,Urban,675229,683,1
59,Male,Mumbai,Urban,393887,744,1
61,Female,Pune,Urban,770013,727,1
41,Male,Madurai,Semi-Urban,717514,712,1
42,Female,Kochi,Semi-Urban,458921,635,0
62,Female,Pune,Urban,506586,746,1
30,Male,Delhi,Urban,488201,680,1
30,Male,Coimbatore,Semi-Urban,611445,683,1
49,Female,Mumbai,Urban,1005954,604,0
36,Female,Bengaluru,Urban,236460,646,0
21,Male,Pune,Urban,665137,634,1
37,Male,Chennai,Urban,686156,705,1
50,Male,Chennai,Urban,493808,725,1
46,Male,Chennai,Urban,265285,666,1
39,Male,Hyderabad,Urban,559795,687,1
41,Male,Hyderabad,Urban,356486,676,1
37,Female,Delhi,Urban,711288,768,1
60,Male,Pune,Urban,323605,563,0
41,Male,Bengaluru,Urban,589985,625,1
61,Male,Coimbatore,Semi-Urban,445836,665,0
60,Female,Bengaluru,Urban,823393,695,1
39,Male,Bengaluru,Urban,913962,655,1
27,Female,Kochi,Semi-Urban,528184,598,0
37,Male,Madurai,Semi-Urban,389782,713,1
21,Male,Chennai,Urban,934506,764,1
57,Male,Hyderabad,Urban,572728,601,1
26,Female,Chennai,Urban,662830,699,1
46,Male,Madurai,Semi-Urban,575740,736,1
22,Female,Hyderabad,Urban,558877,702,1
52,Female,Mumbai,Urban,501430,733,1
25,Female,Madurai,Semi-Urban,222198,661,0
57,Male,Delhi,Urban,953498,635,1
51,Female,Pune,Urban,639595,745,1
32,Male,Pune,Urban,583699,698,1
55,Male,Mumbai,Urban,785626,689,1
50,Male,Delhi,Urban,488100,692,1
26,Female,Chennai,Urban,673937,607,0
35,Male,Pune,Urban,446081,647,1
35,Male,Hyderabad,Urban,530997,689,1
36,Male,Coimbatore,Semi-Urban,716883,766,1
40,Male,Hyderabad,Urban,654977,626,1
33,Male,Hyderabad,Urban,534789,643,1
64,Male,Bengaluru,Urban,746184,709,1
62,Male,Delhi,Urban,444553,559,0
51,Male,Chennai,Urban,417151,670,1
54,Female,Bengaluru,Urban,509470,618,0
49,Male,Chennai,Urban,553914,787,1
23,Male,Chennai,Urban,533512,719,1
29,Male,Mumbai,Urban,514617,633,1
31,Female,Hyderabad,Urban,780731,683,1
31,Male,Bengaluru,Urban,900730,631,1
45,Male,Delhi,Urban,573891,628,1
42,Male,Coimbatore,Semi-Urban,718372,615,1
62,Female,Delhi,Urban,452973,644,0
29,Male,Pune,Urban,581065,699,1
40,Male,Bengaluru,Urban,692689,739,1
41,Male,Coimbatore,Semi-Urban,431777,626,0
30,Male,Mumbai,Urban,749983,633,1
42,Male,Delhi,Urban,454580,792,1
49,Female,Delhi,Urban,804265,686,1
29,Male,Hyderabad,Urban,769914,664,1
25,Female,Hyderabad,Urban,823118,638,0
60,Male,Kochi,Semi-Urban,804766,647,0
31,Male,Bengaluru,Urban,986529,682,1
21,Male,Delhi,Urban,701490,737,1
62,Male,Trivandrum,Semi-Urban,310662,624,0
21,Female,Hyderabad,Urban,625771,667,1
59,Male,Chennai,Urban,508466,769,1
25,Female,Chennai,Urban,327042,603,0
42,Female,Bengaluru,Urban,855755,743,1
46,Male,Bengaluru,Urban,538755,784,1
26,Female,Chennai,Urban,301864,682,0
52,Male,Bengaluru,Urban,471046,745,1
31,Male,Chennai,Urban,1053010,584,1
30,Female,Hyderabad,Urban,873475,666,1
59,Male,Pune,Urban,745897,733,1
54,Male,Pune,Urban,726154,607,1
51,Female,Chennai,Urban,419319,745,0
32,Female,Chennai,Urban,404255,806,1
64,Male,Mumbai,Urban,711604,643,1
36,Female,Bengaluru,Urban,917691,717,1
58,Male,Mumbai,Urban,396711,728,1
23,Female,Mumbai,Urban,580689,760,1
22,Male,Hyderabad,Urban,646850,622,1
25,Female,Coimbatore,Semi-Urban,503707,647,0
31,Male,Coimbatore,Semi-Urban,564824,712,1
45,Female,Pune,Urban,394287,684,1
55,Female,Chennai,Urban,661750,771,1
55,Male,Madurai,Semi-Urban,634453,664,1
42,Male,Delhi,Urban,723254,658,1
57,Female,Delhi,Urban,559171,698,1
42,Female,Madurai,Semi-Urban,742558,697,1
31,Male,Pune,Urban,667744,673,1
52,Male,Trivandrum,Semi-Urban,847065,633,0
55,Female,Hyderabad,Urban,547008,687,1
51,Male,Mumbai,Urban,788558,703,1
28,Male,Kochi,Semi-Urban,555161,637,1
40,Female,Coimbatore,Semi-Urban,728310,623,0
62,Male,Kochi,Semi-Urban,865722,698,1
54,Male,Hyderabad,Urban,834978,834,1
24,Male,Mumbai,Urban,559226,743,1
38,Female,Bengaluru,Urban,494871,670,1
24,Male,Pune,Urban,794227,669,1
40,Female,Bengaluru,Urban,509299,688,1
29,Female,Delhi,Urban,797971,651,1
36,Male,Madurai,Semi-Urban,360991,700,1
46,Female,Mumbai,Urban,694750,606,0
58,Male,Coimbatore,Semi-Urban,526353,657,1
45,Female,Coimbatore,Semi-Urban,266811,748,0
24,Male,Bengaluru,Urban,445181,716,1
61,Female,Mumbai,Urban,522601,715,1
61,Male,Trivandrum,Semi-Urban,984934,737,1
58,Male,Mumbai,Urban,872,664,1
39,Female,Delhi,Urban,533410,610,1
34,Male,Delhi,Urban,530219,690,1
41,Female,Chennai,Urban,405985,703,1
35,Male,Mumbai,Urban,522378,767,1
23,Male,Bengaluru,Urban,570416,645,1
57,Female,Bengaluru,Urban,466010,667,0
36,Male,Delhi,Urban,671472,739,1
34,Female,Delhi,Urban,916348,725,1
29,Male,Bengaluru,Urban,590086,607,1
27,Male,Trivandrum,Semi-Urban,462683,738,0
34,Female,Hyderabad,Urban,578017,767,1
26,Male,Pune,Urban,530413,655,1
41,Male,Hyderabad,Urban,819353,738,1
35,Female,Bengaluru,Urban,507151,714,1
28,Male,Trivandrum,Semi-Urban,697485,638,1
54,Male,Delhi,Urban,657783,615,1
60,Female,Hyderabad,Urban,621342,701,1
21,Female,Hyderabad,Urban,372771,736,0
52,Male,Chennai,Urban,477139,663,1
25,Male,Hyderabad,Urban,561940,621,1
50,Female,Bengaluru,Urban,361873,572,0
42,Male,Mumbai,Urban,404053,687,1
40,Male,Madurai,Semi-Urban,504040,643,1
36,Female,Coimbatore,Semi-Urban,668361,639,0
27,Male,Bengaluru,Urban,881641,765,1
27,Male,Madurai,Semi-Urban,653445,718,1
22,Female,Mumbai,Urban,625385,714,1
34,Female,Chennai,Urban,613949,677,1
51,Female,Trivandrum,Semi-Urban,531796,706,0
61,Male,Hyderabad,Urban,580940,695,1
34,Male,Chennai,Urban,712667,663,1
25,Female,Chennai,Urban,789240,679,1
31,Male,Mumbai,Urban,111922,741,1
60,Female,Bengaluru,Urban,744306,697,1
25,Male,Coimbatore,Semi-Urban,541083,800,1
49,Female,Mumbai,Urban,698908,744,1
31,Male,Mumbai,Urban,672088,676,1
25,Male,Bengaluru,Urban,573648,691,1
52,Male,Coimbatore,Semi-Urban,705127,681,1
56,Female,Mumbai,Urban,657040,751,1
35,Male,Mumbai,Urban,592467,622,1
39,Female,Trivandrum,Semi-Urban,578132,674,1
42,Male,Bengaluru,Urban,402547,715,1
54,Male,Hyderabad,Urban,602867,707,1
37,Female,Delhi,Urban,201830,755,1
32,Male,Mumbai,Urban,657581,660,1
45,Male,Chennai,Urban,749816,602,1
37,Male,Hyderabad,Urban,310253,705,1
30,Female,Hyderabad,Urban,544630,690,1
48,Female,Pune,Urban,883891,703,1
38,Male,Hyderabad,Urban,1036565,661,1
38,Male,Chennai,Urban,580679,711,1
52,Male,Coimbatore,Semi-Urban,612489,668,1
34,Female,Mumbai,Urban,585733,714,1
36,Male,Mumbai,Urban,630104,673,1
38,Female,Delhi,Urban,847120,759,1
36,Male,Delhi,Urban,600670,591,1
37,Female,Delhi,Urban,325718,591,0
27,Male,Bengaluru,Urban,651427,713,1
32,Female,Coimbatore,Semi-Urban,523029,606,0
54,Male,Chennai,Urban,376010,688,1
30,Male,Hyderabad,Urban,376080,656,1
25,Female,Chennai,Urban,577989,747,1
41,Female,Trivandrum,Semi-Urban,725357,682,1
23,Male,Delhi,Urban,714222,654,1
39,Female,Trivandrum,Semi-Urban,841144,764,1
64,Male,Kochi,Semi-Urban,448623,712,0
55,Male,Bengaluru,Urban,526034,624,1
26,Male,Hyderabad,Urban,727093,584,1
34,Male,Mumbai,Urban,744154,746,1
24,Female,Hyderabad,Urban,495807,696,0
38,Male,Chennai,Urban,462603,723,1
49,Male,Madurai,Semi-Urban,694237,738,1
55,Male,Trivandrum,Semi-Urban,775855,710,1
58,Male,Hyderabad,Urban,552496,695,1
36,Female,Trivandrum,Semi-Urban,691887,674,1
40,Female,Kochi,Semi-Urban,600567,701,1
44,Male,Bengaluru,Urban,469682,663,1
55,Male,Hyderabad,Urban,747043,746,1
64,Female,Hyderabad,Urban,554530,715,1
39,Male,Chennai,Urban,296886,754,1
24,Male,Chennai,Urban,468390,696,1
53,Male,Pune,Urban,150193,684,1
22,Male,Mumbai,Urban,1140796,675,1
33,Female,Coimbatore,Semi-Urban,859829,765,1
50,Male,Chennai,Urban,336099,620,0
54,Female,Chennai,Urban,482036,587,0
50,Male,Madurai,Semi-Urban,645001,670,1
44,Male,Mumbai,Urban,919909,674,1
64,Female,Madurai,Semi-Urban,744846,735,0
53,Female,Bengaluru,Urban,644158,749,1
61,Female,Madurai,Semi-Urban,482310,673,0
30,Male,Mumbai,Urban,695653,659,1
38,Female,Chennai,Urban,687594,560,1
39,Male,Kochi,Semi-Urban,606864,798,1
27,Male,Coimbatore,Semi-Urban,584062,711,1
39,Female,Bengaluru,Urban,510582,746,1
44,Female,Pune,Urban,857372,735,1
35,Female,Trivandrum,Semi-Urban,261685,590,0
61,Female,Hyderabad,Urban,661705,655,1
62,Male,Chennai,Urban,603360,680,1
43,Male,Mumbai,Urban,206300,671,1
24,Female,Chennai,Urban,524351,722,1
58,Male,Mumbai,Urban,396182,613,0
24,Male,Coimbatore,Semi-Urban,393487,659,0
25,Male,Kochi,Semi-Urban,443339,680,0
61,Male,Mumbai,Urban,849015,633,1
64,Female,Bengaluru,Urban,588154,727,1
43,Male,Pune,Urban,749017,694,1
60,Male,Hyderabad,Urban,359547,740,1
57,Female,Hyderabad,Urban,476137,781,0
31,Male,Kochi,Semi-Urban,514934,671,1
31,Female,Coimbatore,Semi-Urban,631962,722,1
33,Male,Pune,Urban,706350,585,1
34,Female,Pune,Urban,654180,606,1
28,Male,Madurai,Semi-Urban,438490,696,1
45,Male,Mumbai,Urban,748035,664,1
38,Male,Chennai,Urban,478149,760,1
64,Male,Delhi,Urban,653252,711,1
64,Female,Bengaluru,Urban,325193,608,0
38,Male,Chennai,Urban,548802,695,1
30,Female,Bengaluru,Urban,703482,657,1
27,Male,Chennai,Urban,620550,746,1
64,Female,Mumbai,Urban,436431,669,0
34,Female,Mumbai,Urban,708403,663,1
35,Male,Hyderabad,Urban,444443,630,1
36,Male,Coimbatore,Semi-Urban,250506,622,0
22,Female,Kochi,Semi-Urban,806616,640,0
50,Male,Pune,Urban,399299,728,1
50,Male,Mumbai,Urban,757855,765,1
38,Female,Hyderabad,Urban,552601,761,1
51,Female,Bengaluru,Urban,729100,703,1
64,Female,Kochi,Semi-Urban,442985,641,0
33,Male,Coimbatore,Semi-Urban,770985,618,1
40,Male,Chennai,Urban,490969,691,1
55,Female,Madurai,Semi-Urban,545236,629,0
43,Male,Delhi,Urban,168895,781,1
62,Male,Bengaluru,Urban,275937,718,1
53,Female,Kochi,Semi-Urban,751616,680,0
58,Male,Delhi,Urban,466689,692,1
55,Male,Bengaluru,Urban,207683,680,1
56,Female,Mumbai,Urban,475189,734,0
40,Male,Coimbatore,Semi-Urban,707650,696,1
23,Male,Delhi,Urban,360712,647,0
28,Male,Hyderabad,Urban,807237,697,1
60,Male,Pune,Urban,489849,668,1
52,Female,Chennai,Urban,522993,660,1
49,Male,Chennai,Urban,445000,663,1
27,Male,Hyderabad,Urban,224012,672,1
22,Male,Madurai,Semi-Urban,537871,535,0
41,Female,Mumbai,Urban,580518,707,1
26,Female,Kochi,Semi-Urban,671640,713,0
48,Male,Pune,Urban,443042,627,0
62,Male,Coimbatore,Semi-Urban,269055,601,0
56,Female,Chennai,Urban,938622,752,1
52,Male,Coimbatore,Semi-Urban,632008,787,1
62,Male,Trivandrum,Semi-Urban,580127,675,1
29,Male,Chennai,Urban,805690,736,1
31,Male,Hyderabad,Urban,400248,672,1
43,Female,Trivandrum,Semi-Urban,367535,690,0
31,Female,Chennai,Urban,721476,659,1
22,Female,Chennai,Urban,954133,717,1
